call_id,repository,archive_path,line,receiver,level,categories,strict_candidate,call_text,manual_labels,is_true_candidate,reviewer_notes
0066eefac3178243,micromata==projectforge-webapp,LogBench-O/repos/micromata==projectforge-webapp/TeamCalEventId.java,77,log,error,repeated_view,True,"log.error(""Can't parse date '"" + dateString + ""' of '"" + idString + ""': "" + ex.getMessage(), ex)",repeated_view,true,Row-level review confirmed the visible source operations for: repeated_view.
00d6b31f00a9bbc5,expediagroup==waggle-dance,LogBench-O/repos/expediagroup==waggle-dance/TSetIpAddressProcessorFactory.java,58,log,debug,network_address_format,True,"log.debug(""Received a connection from ip: {}"", socket.getInetAddress().getHostAddress())",network_address_format,true,Row-level review confirmed the visible source operations for: network_address_format.
01786b74ce16198d,hartwigmedical==hmftools,LogBench-O/repos/hartwigmedical==hmftools/RecognitionData.java,47,NE_LOGGER,error,,False,"NE_LOGGER.error(""recognition data file({}) not found"", filename)",,false,No operation covered by the frozen explicit-source rubric is visible. Preformatted variables and unknown helpers remain outside the lower bound.
01c0a7bcb147bfc8,apache==inlong,LogBench-O/repos/apache==inlong/ServerMessageHandler.java,72,LOGGER,warn,derived_view,True,"LOGGER.warn(""refuse to connect to channel: {}, connections={}, maxConnections={}"",
                    ctx.channel(), allChannels.size() - 1, maxConnections)",derived_view,true,Row-level review confirmed the visible source operations for: derived_view.
0266a2199fabb93f,opencb==opencga,LogBench-O/repos/opencb==opencga/HBaseWriterDriver.java,151,logger,info,human_readable_format,True,"logger.info(""mapTime : "" + TimeUtils.durationToString(mapStopWatch.now(TimeUnit.MILLISECONDS)))",human_readable_format,true,Row-level review confirmed the visible source operations for: human_readable_format.
0348b877e378823b,opencb==opencga,LogBench-O/repos/opencb==opencga/MongoDBVariantStatisticsManager.java,85,logger,info,structured_rendering,True,"logger.info(""ReaderQueryOptions: "" + readerOptions.toJson())",structured_rendering,true,Row-level review confirmed the visible source operations for: structured_rendering.
03b0e76b42bf1e15,java110==microcommunity,LogBench-O/repos/java110==microcommunity/IcbcNotifyPaymentController.java,45,logger,debug,structured_rendering,True,"logger.debug(""icbc支付回调报文"" + paramIn.toJSONString())",structured_rendering,true,Row-level review confirmed the visible source operations for: structured_rendering.
0511c2ef66084a07,eclipse==mosaic,LogBench-O/repos/eclipse==mosaic/TrafficLightSubscriptionReader.java,61,log,warn,numeric_layout_format,True,"log.warn(""Unknown subscription variable {}. Skipping."", String.format(""%02X "", varId))",numeric_layout_format,true,Row-level review confirmed the visible source operations for: numeric_layout_format.
0516995782c8cd09,sofastack==sofa-bolt,LogBench-O/repos/sofastack==sofa-bolt/ServerIdleHandler.java,49,logger,warn,network_address_format,True,"logger.warn(""Connection idle, close it from server side: {}"",
                    RemotingUtil.parseRemoteAddress(ctx.channel()))",network_address_format,true,Row-level review confirmed the visible source operations for: network_address_format.
0533b9c2b6c1e605,alibaba==innodb-java-reader,LogBench-O/repos/alibaba==innodb-java-reader/FileChannelStorageServiceImpl.java,64,log,debug,human_readable_format;repeated_view,True,"log.debug(""Open {} done, file length is {}({}), numOfPages is {}"",
          ibdFilePath, tableFileLength, humanReadableBytes(tableFileLength), numOfPages)",human_readable_format;repeated_view,true,"Row-level review confirmed the visible source operations for: human_readable_format, repeated_view."
0634e4b1c2525a19,apache==curator,LogBench-O/repos/apache==curator/MappingListenerManager.java,98,log,error,,False,"log.error(String.format(""Listener (%s) threw an exception"", entry.listener), e)",,false,No operation covered by the frozen explicit-source rubric is visible. Preformatted variables and unknown helpers remain outside the lower bound.
078ec1f51eae966a,intive-fdv==dynamicjasper,LogBench-O/repos/intive-fdv==dynamicjasper/ConditionalStylesRegistrationManager.java,62,log,debug,,False,"log.debug(""registering conditional style "" + expressionName)",,false,No operation covered by the frozen explicit-source rubric is visible. Preformatted variables and unknown helpers remain outside the lower bound.
07a32c967c085175,opentelecoms-org==jsmpp,LogBench-O/repos/opentelecoms-org==jsmpp/PDUProcessOutboundServerTask.java,54,logger,debug,radix_or_binary_encoding,True,"logger.debug(""Received PDU {}"", HexUtil.convertBytesToHexString(pdu, 0, pdu.length))",radix_or_binary_encoding,true,Row-level review confirmed the visible source operations for: radix_or_binary_encoding.
07d886e659301ae6,opennms==opennms,LogBench-O/repos/opennms==opennms/CamelRpcServerRouteManager.java,105,LOG,warn,radix_or_binary_encoding,True,"LOG.warn(""RpcModule {} ({}) cannot be registered, route {} is already present: {}"",
                        rpcModule.getId(),
                        Integer.toHexString(rpcModule.hashCode()),
                        routeId,
                        existingRoute
                    )",radix_or_binary_encoding,true,Row-level review confirmed the visible source operations for: radix_or_binary_encoding.
0833f82a2585fb4c,googlecloudplatform==dataflowtemplates,LogBench-O/repos/googlecloudplatform==dataflowtemplates/BigQueryTableCache.java,85,LOG,info,,False,"LOG.info(""Creating BQ Table {} using time partitioning"", tableId)",,false,No operation covered by the frozen explicit-source rubric is visible. Preformatted variables and unknown helpers remain outside the lower bound.
08997720f0ac3a6f,netease-im==camellia,LogBench-O/repos/netease-im==camellia/LoggingHotKeyCallback.java,16,logger,info,structured_rendering,True,"logger.info(""newHotKey = {}"", JSONObject.toJSONString(hotKeyInfo))",structured_rendering,true,Row-level review confirmed the visible source operations for: structured_rendering.
098db62337c17a42,anthonyraymond==joal,LogBench-O/repos/anthonyraymond==joal/AnnounceReEnqueuer.java,28,log,debug,human_readable_format,True,"log.debug(""Enqueue torrent {} in regular queue"", announcer.getTorrentInfoHash().getHumanReadable())",human_readable_format,true,Row-level review confirmed the visible source operations for: human_readable_format.
0a38017d103882bd,apache==directory-fortress-core,LogBench-O/repos/apache==directory-fortress-core/ConfigMgrConsole.java,83,LOG,error,repeated_view,True,"LOG.error(""addProp caught SecurityException rc="" + e.getErrorId() + "", msg="" + e.getMessage(), e)",repeated_view,true,Row-level review confirmed the visible source operations for: repeated_view.
0a55bb6135a85d1b,apache==flink,LogBench-O/repos/apache==flink/BashJavaUtils.java,167,LOG,info,human_readable_format,True,"LOG.info(
                ""    JVM Overhead:                {}"",
                spec.getJvmOverheadSize().toHumanReadableString())",human_readable_format,true,Row-level review confirmed the visible source operations for: human_readable_format.
0ab36c5010f00bed,owasp==securityshepherd,LogBench-O/repos/owasp==securityshepherd/SessionManagementLesson.java,124,log,fatal,explicit_object_rendering,False,"log.fatal(levelName + "" - "" + e.toString())",explicit_object_rendering,true,Row-level review confirmed the visible source operations for: explicit_object_rendering.
0ace6a1ea83f3dce,telefonicaid==netphony-topology,LogBench-O/repos/telefonicaid==netphony-topology/BGP4SessionClient.java,54,log,info,network_address_format,True,"log.info(""Opening new BGP4 Session with host ""+ this.remotePeerIP.getHostAddress() + "" on port "" + this.peerBGP_port)",network_address_format,true,Row-level review confirmed the visible source operations for: network_address_format.
0c149c6ce17e5166,apache==bookkeeper,LogBench-O/repos/apache==bookkeeper/LocationsIndexRebuildOp.java,151,LOG,info,human_readable_format;derived_view,True,"LOG.info(""Rebuilding index is done. Total time: {}"",
                DurationFormatUtils.formatDurationHMS(
                        TimeUnit.NANOSECONDS.toMillis(System.nanoTime() - startTime)))",human_readable_format;derived_view,true,"Row-level review confirmed the visible source operations for: human_readable_format, derived_view."
0d9506145b65a104,maven-download-plugin==maven-download-plugin,LogBench-O/repos/maven-download-plugin==maven-download-plugin/LoggingProgressReport.java,66,log,info,derived_view,True,"log.info(String.format(""%s %s"",
                ""downloaded"",
                unit == K_UNIT ? Long.toString(completed / KBYTE) + unit : Long.toString(completed)))",derived_view,true,Row-level review confirmed the visible source operations for: derived_view.
0e08cf50b1bbc7fa,resteasy==resteasy,LogBench-O/repos/resteasy==resteasy/JSAPIServlet.java,48,LogMessages.LOGGER,debug,,False,LogMessages.LOGGER.debug(Messages.MESSAGES.jsapiServletLoaded()),,false,No operation covered by the frozen explicit-source rubric is visible. Preformatted variables and unknown helpers remain outside the lower bound.
0ed2a05cdb0d5917,jetlinks==jetlinks-community,LogBench-O/repos/jetlinks==jetlinks-community/VertxTcpClient.java,215,log,debug,radix_or_binary_encoding,True,"log.debug(""handle tcp client[{}] payload:[{}]"",
                                  socket.remoteAddress(),
                                  Hex.encodeHexString(buffer.getBytes()))",radix_or_binary_encoding,true,Row-level review confirmed the visible source operations for: radix_or_binary_encoding.
0f00144075f610b0,apache==ozone,LogBench-O/repos/apache==ozone/SCMDBCheckpointProvider.java,86,LOG,error,explicit_object_rendering,False,"LOG.error(""Error trying to clean checkpoint at {} ."",
              checkpoint.getCheckpointLocation().toString())",explicit_object_rendering,true,Row-level review confirmed the visible source operations for: explicit_object_rendering.
0f044cc4d7aaaa88,eugenp==tutorials,LogBench-O/repos/eugenp==tutorials/BookApplication.java,49,LOGGER,debug,derived_view,True,"LOGGER.debug(""It took {}ms to execute saveAll() with {}} books."", (end - start), bookCount)",derived_view,true,Row-level review confirmed the visible source operations for: derived_view.
0f2b3121bfb3918b,eugenp==tutorials,LogBench-O/repos/eugenp==tutorials/CaesarCipher.java,80,log,debug,numeric_layout_format,True,"log.debug(String.format(""Chi-Square for offset %d: %.2f"", offset, chiSquares[offset]))",numeric_layout_format,true,Row-level review confirmed the visible source operations for: numeric_layout_format.
0f749a68733d3d99,quarkusio==quarkus-platform,LogBench-O/repos/quarkusio==quarkus-platform/MojoLogger.java,121,log,info,explicit_object_rendering,False,log.info(buffer.toString()),explicit_object_rendering,true,Row-level review confirmed the visible source operations for: explicit_object_rendering.
101456cbae5020ad,codenvy==codenvy,LogBench-O/repos/codenvy==codenvy/UserConnection.java,67,LOG,error,repeated_view,True,"LOG.error(e.getLocalizedMessage(), e)",repeated_view,true,Row-level review confirmed the visible source operations for: repeated_view.
1074b4616ae37383,flyway==flyway,LogBench-O/repos/flyway==flyway/DbValidate.java,127,LOG,info,temporal_format,True,"LOG.info(String.format(""Successfully validated %d migrations (execution time %s)"",
                                       count, TimeFormat.format(stopWatch.getTotalTimeMillis())))",temporal_format,true,Row-level review confirmed the visible source operations for: temporal_format.
10c75da937bf4593,mysinglelive==forest,LogBench-O/repos/mysinglelive==forest/FalseInterceptor.java,24,log,info,structured_rendering,True,"log.info(""args: "" + JSON.toJSONString(args))",structured_rendering,true,Row-level review confirmed the visible source operations for: structured_rendering.
10ca00ec07e52027,mycatapache==mycat-server,LogBench-O/repos/mycatapache==mycat-server/CharacterSet.java,116,logger,warn,explicit_object_rendering,False,"logger.warn(s.append(c).append(sql).append("" is not executed"").toString())",explicit_object_rendering,true,Row-level review confirmed the visible source operations for: explicit_object_rendering.
119630a02ac0b443,apache==flink-table-store,LogBench-O/repos/apache==flink-table-store/IOManagerImpl.java,54,LOG,info,structured_rendering,True,"LOG.info(
                    ""Created a new {} for spilling of task related data to disk (joins, sorting, ...). Used directories:\n\t{}"",
                    FileChannelManager.class.getSimpleName(),
                    Arrays.stream(fileChannelManager.getPaths())
                            .map(File::getAbsolutePath)
                            .collect(Collectors.joining(""\n\t"")))",structured_rendering,true,Row-level review confirmed the visible source operations for: structured_rendering.
120a59164c3aa6ef,didi==knowstreaming,LogBench-O/repos/didi==knowstreaming/RestTemplateConfig.java,133,RESP_LOGGER,warn,explicit_object_rendering;derived_view,True,"RESP_LOGGER.warn(
                    ""method=traceResponse||remoteResponse||code={}||url={}||text={}||headers={}||body={}||error={}||timeCost={}||subFlag={}"",
                    response.getStatusCode(),
                        url,
                        response.getStatusText(),
                        response.getHeaders(),
                        inputStringBuilder.toString(),
                        e,
                        (System.nanoTime() - nanoTime) / 1000 / 1000,
                        subFlag
                )",explicit_object_rendering;derived_view,true,"Row-level review confirmed the visible source operations for: explicit_object_rendering, derived_view."
1287b4754f87616f,webankfintech==schedulis,LogBench-O/repos/webankfintech==schedulis/AzkabanDatabaseUpdater.java,73,logger,info,,False,"logger.info(""Use scripting directory "" + sqlDir)",,false,No operation covered by the frozen explicit-source rubric is visible. Preformatted variables and unknown helpers remain outside the lower bound.
12d200f7d94977e6,sstokic-tgm==jftse,LogBench-O/repos/sstokic-tgm==jftse/PacketHandlerFactory.java,47,log,info,numeric_layout_format,True,"log.info(value.getCanonicalName() + "" "" + String.format(""0x%X(%d)"", key.getValue(), key.getValue()))",numeric_layout_format,true,Row-level review confirmed the visible source operations for: numeric_layout_format.
132be29f1e1f4bb5,apache==incubator-tez,LogBench-O/repos/apache==incubator-tez/ContainerReporter.java,65,LOG,info,derived_view,True,"LOG.info(""Got TaskUpdate: ""
        + (System.currentTimeMillis() - getTaskPollStartTime)
        + "" ms after starting to poll.""
        + "" TaskInfo: shouldDie: ""
        + containerTask.shouldDie()
        + (containerTask.shouldDie() == true ? """" : "", currentTaskAttemptId: ""
            + containerTask.getTaskSpec().getTaskAttemptID()))",derived_view,true,Row-level review confirmed the visible source operations for: derived_view.
134920d630bdf20e,dma-ais==aislib,LogBench-O/repos/dma-ais==aislib/TcpServer.java,109,LOG,info,network_address_format,True,"LOG.info(""Accepting connection from "" + socket.getRemoteSocketAddress())",network_address_format,true,Row-level review confirmed the visible source operations for: network_address_format.
13d1cddb898a6815,apache==hive,LogBench-O/repos/apache==hive/ForkingDruidNode.java,116,log,info,structured_rendering,True,"log.info(""Creating forking druid node with "" + String.join("" "", processBuilder.command()))",structured_rendering,true,Row-level review confirmed the visible source operations for: structured_rendering.
1529719211498cca,micromata==projectforge,LogBench-O/repos/micromata==projectforge/ProjectForgeStartupListener.java,83,log,info,human_readable_format,True,"log.info(resourcePath + "": "" + FormatterUtils.formatBytes(ba.length))",human_readable_format,true,Row-level review confirmed the visible source operations for: human_readable_format.
156b45e448b147b7,eclipse==californium,LogBench-O/repos/eclipse==californium/UdpEndpointContextMatcher.java,104,LOGGER,info,network_address_format,True,"LOGGER.info(""request {}:{} doesn't match {}:{}!"", peerAddress1.getAddress().getHostAddress(),
						peerAddress1.getPort(), peerAddress2.getAddress().getHostAddress(), peerAddress2.getPort())",network_address_format,true,Row-level review confirmed the visible source operations for: network_address_format.
159e2b774fc94ad6,adorsys==ledgers,LogBench-O/repos/adorsys==ledgers/AccountMgmStaffResource.java,82,log,info,derived_view,True,"log.info(""Loaded report in {} seconds"", TimeUnit.SECONDS.convert(System.nanoTime() - start, TimeUnit.NANOSECONDS))",derived_view,true,Row-level review confirmed the visible source operations for: derived_view.
15d5b79c90ed21ea,apache==cloudstack,LogBench-O/repos/apache==cloudstack/CitrixResizeVolumeCommandWrapper.java,55,s_logger,info,human_readable_format,True,"s_logger.info(""No need to resize volume: "" + volId +"", current size "" + toHumanReadableSize(command.getCurrentSize()) + "" is same as  new size "" + toHumanReadableSize(newSize))",human_readable_format,true,Row-level review confirmed the visible source operations for: human_readable_format.
15ff9b941926efc1,alibaba==canal,LogBench-O/repos/alibaba==canal/PhoenixConfigMonitor.java,56,logger,error,repeated_view,True,"logger.error(e.getMessage(), e)",repeated_view,true,Row-level review confirmed the visible source operations for: repeated_view.
1625ce08e22efda4,evolveum==midpoint,LogBench-O/repos/evolveum==midpoint/LoggingRequestCycleListener.java,69,REQUEST_LOGGER,trace,,False,"REQUEST_LOGGER.trace(""REQUEST CYCLE: Scheduled request handler {}"",
                        WebComponentUtil.debugHandler(handler))",,false,No operation covered by the frozen explicit-source rubric is visible. Preformatted variables and unknown helpers remain outside the lower bound.
1643aef4b940c691,apache==karaf,LogBench-O/repos/apache==karaf/PackagesMBeanImpl.java,88,LOGGER,error,repeated_view,True,"LOGGER.error(e.getMessage(), e)",repeated_view,true,Row-level review confirmed the visible source operations for: repeated_view.
1750cb9d3c297a19,netease-im==camellia,LogBench-O/repos/netease-im==camellia/CamelliaHotKeyAbstractSdk.java,106,logger,warn,structured_rendering,True,"logger.warn(""reloadHotKeyConfig fail for check invalid, namespace = {}, config = {}"", namespace, JSONObject.toJSONString(hotKeyConfig))",structured_rendering,true,Row-level review confirmed the visible source operations for: structured_rendering.
1840503dc02320e0,hartwigmedical==hmftools,LogBench-O/repos/hartwigmedical==hmftools/BfbFinder.java,94,LNX_LOGGER,debug,numeric_layout_format,True,"LNX_LOGGER.debug(String.format(""cluster(%s) BFB maxJCN(%.1f) plausible jcn(%.1f fb=%.1f sgl=%.1f arm=%.1f)"",
                    cluster.id(), clusterMaxJcn, maxBFBJcn, sumFbJcn, maxSglJcn, armBfbCopyNumber))",numeric_layout_format,true,Row-level review confirmed the visible source operations for: numeric_layout_format.
18567bc419bac751,openhab==openhab-core,LogBench-O/repos/openhab==openhab-core/ModelServer.java,119,logger,debug,network_address_format,True,"logger.debug(""Client {} connected"", client.getRemoteSocketAddress())",network_address_format,true,Row-level review confirmed the visible source operations for: network_address_format.
192906bf938079be,seata==seata,LogBench-O/repos/seata==seata/AbstractStore.java,170,LOGGER,debug,structured_rendering;explicit_object_rendering,True,"LOGGER.debug(""setting params to PreparedStatement: {}"", Arrays.toString(args))",structured_rendering;explicit_object_rendering,true,"Row-level review confirmed the visible source operations for: structured_rendering, explicit_object_rendering."
198682c670d7fbf7,missioncriticalcloud==cosmic,LogBench-O/repos/missioncriticalcloud==cosmic/XenServer56Resource.java,111,s_logger,debug,,False,"s_logger.debug(""Heart beat is still going"")",,false,No operation covered by the frozen explicit-source rubric is visible. Preformatted variables and unknown helpers remain outside the lower bound.
1a67903cc60371bd,opensecuritycontroller==osc-core,LogBench-O/repos/opensecuritycontroller==osc-core/NetworkUtil.java,82,log,debug,,False,"log.debug(""addr.isMulticastAddress() = "" + addr.isMulticastAddress())",,false,No operation covered by the frozen explicit-source rubric is visible. Preformatted variables and unknown helpers remain outside the lower bound.
1b1539bad39df90f,wangrenlei==localization_nifi,LogBench-O/repos/wangrenlei==localization_nifi/ClusterProtocolHeartbeater.java,107,logger,info,temporal_format,True,"logger.info(""Heartbeat created at {} and sent to {} at {}; send took {} millis{}"",
            dateFormatter.format(new Date(heartbeatMessage.getHeartbeat().getCreatedTimestamp())),
            heartbeatAddress,
            dateFormatter.format(new Date()),
            sendMillis,
            formattedElectionMessage)",temporal_format,true,Row-level review confirmed the visible source operations for: temporal_format.
1b29e6fb7f527196,semuxproject==semux-core,LogBench-O/repos/semuxproject==semux-core/BlockchainPerformance.java,87,logger,info,derived_view,True,"logger.info(""block transaction size: {} KB"", block.getEncodedTransactions().length / 1024)",derived_view,true,Row-level review confirmed the visible source operations for: derived_view.
1b66126f1bbe61c0,sofastack==sofa-bolt,LogBench-O/repos/sofastack==sofa-bolt/RpcHeartBeatProcessor.java,78,logger,error,network_address_format,True,"logger.error(
                        ""Exception caught when executing heartbeat invoke callback. From {}"",
                        RemotingUtil.parseRemoteAddress(ctx.getChannelContext().channel()), e)",network_address_format,true,Row-level review confirmed the visible source operations for: network_address_format.
1b76612ad4f8dc1e,ltsopensource==light-task-scheduler,LogBench-O/repos/ltsopensource==light-task-scheduler/JobPullMachine.java,166,LOGGER,info,numeric_layout_format,True,"LOGGER.info(""Pause Pull, CPU USAGE is "" + String.format(""%.2f"", cpuRate) + ""% >= "" + String.format(""%.2f"", maxCpuTimeRate) + ""%"")",numeric_layout_format,true,Row-level review confirmed the visible source operations for: numeric_layout_format.
1ba49438396dc37e,opencb==opencga,LogBench-O/repos/opencb==opencga/FillGapsDriver.java,153,logger,info,human_readable_format,True,"logger.info("" - SpaceConsumed (raw) : "" + humanReadableByteCount(contentSummary.getSpaceConsumed(), false))",human_readable_format,true,Row-level review confirmed the visible source operations for: human_readable_format.
1bb5cda6c7c50604,jenkinsci==pipeline-maven-plugin,LogBench-O/repos/jenkinsci==pipeline-maven-plugin/PipelineMavenPluginMySqlDao.java,84,LOGGER,log,repeated_view,True,"LOGGER.log(Level.FINE, ""Ignore sql exception "" + e.getErrorCode() + "" - "" + e.getSQLState(), e)",repeated_view,true,Row-level review confirmed the visible source operations for: repeated_view.
1d1dc4bc852d2717,apache==incubator-wayang,LogBench-O/repos/apache==incubator-wayang/FlinkExecutor.java,123,this.logger,warn,human_readable_format,True,"this.logger.warn(""Execution of {} took suspiciously long ({})."", task, Formats.formatDuration(executionDuration))",human_readable_format,true,Row-level review confirmed the visible source operations for: human_readable_format.
1d3d08f5f27b4554,elasticsoftwarefoundation==elasticactors,LogBench-O/repos/elasticsoftwarefoundation==elasticactors/ExecutionUtils.java,52,logger,error,explicit_object_rendering,False,"logger.error(""node {} is reporting not enough replicas available, will not retry"",
                        ofNullable(e.getExecutionInfo().getCoordinator()).map(node -> node.getEndPoint().resolve().toString()).orElse(""UNKNOWN""))",explicit_object_rendering,true,Row-level review confirmed the visible source operations for: explicit_object_rendering.
1dc807f9978ffc62,playtikaoss==testcontainers-spring-boot,LogBench-O/repos/playtikaoss==testcontainers-spring-boot/EmbeddedInfluxDBBootstrapConfiguration.java,53,log,info,,False,"log.info(""Started InfluxDB ToxiProxy connection details {}"", map)",,false,No operation covered by the frozen explicit-source rubric is visible. Preformatted variables and unknown helpers remain outside the lower bound.
1e0f8bbe13a65c68,impetus==jumbune,LogBench-O/repos/impetus==jumbune/JumbuneJMXClient.java,87,LOGGER,debug,network_address_format,True,"LOGGER.debug(""JMX Agent["" + client.getRemoteSocketAddress()+""], fetching stats of "" + daemonName)",network_address_format,true,Row-level review confirmed the visible source operations for: network_address_format.
1f39ff9daea39318,apache==cloudstack,LogBench-O/repos/apache==cloudstack/RolePermissionChecker.java,58,LOG,error,repeated_view,True,"LOG.error(""Error on insertAnnotationRulePermission: "" + e.getMessage(), e)",repeated_view,true,Row-level review confirmed the visible source operations for: repeated_view.
2129dcf6e40481e6,ltsopensource==light-task-scheduler,LogBench-O/repos/ltsopensource==light-task-scheduler/RedisDistributeLock.java,50,LOGGER,info,derived_view,True,"LOGGER.info(""[{}]cost={}"", lockKey, System.currentTimeMillis() - begin)",derived_view,true,Row-level review confirmed the visible source operations for: derived_view.
217ddf3f43160f70,jmri==jmri,LogBench-O/repos/jmri==jmri/CMRInetMetricsAction.java,35,log,warn,explicit_object_rendering,False,"log.warn(""SerialFilterAction starting CMRInetMetricsAction: Exception: {}"", ex.toString())",explicit_object_rendering,true,Row-level review confirmed the visible source operations for: explicit_object_rendering.
21a3797b8ec04e0e,hltfbk==excitement-open-platform,LogBench-O/repos/hltfbk==excitement-open-platform/BidirectionalPredArgElementFeatureExtraction.java,98,logger,info,explicit_object_rendering,False,"logger.info(""No element storage is used for determining relevant elements for similarity calculation ["" + e.toString() +""]"")",explicit_object_rendering,true,Row-level review confirmed the visible source operations for: explicit_object_rendering.
21c2e11614d82990,zhkl0228==unidbg,LogBench-O/repos/zhkl0228==unidbg/DriverFileIO.java,128,log,info,radix_or_binary_encoding,True,"log.info(""androidAlarm argp=0x"" + Long.toHexString(argp) + "", c="" + c + "", type="" + type + "", size="" + size + "", dir="" + dir)",radix_or_binary_encoding,true,Row-level review confirmed the visible source operations for: radix_or_binary_encoding.
21d017d778e7ebba,movsim==movsim,LogBench-O/repos/movsim==movsim/NSM.java,83,logger,debug,numeric_layout_format,True,"logger.debug(String.format(""CA v0=%.2f, localV0=%.2f, external speedlimit=%.2f, v-scaling=%.2f\n"",
                        getDesiredSpeed(), localV0, me.getEffectiveSpeedlimit(), me.physicalQuantities().getvScale()))",numeric_layout_format,true,Row-level review confirmed the visible source operations for: numeric_layout_format.
2292c191991855a6,keycloak==keycloak,LogBench-O/repos/keycloak==keycloak/ValidateX509CertificateUsername.java,114,logger,error,repeated_view,True,"logger.error(e.getMessage(), e)",repeated_view,true,Row-level review confirmed the visible source operations for: repeated_view.
22b870047f834b15,anthonyraymond==joal,LogBench-O/repos/anthonyraymond==joal/ConnectionHandler.java,62,log,info,network_address_format,True,"log.info(""IP reported to tracker will be: {}"", this.getIpAddress().getHostAddress())",network_address_format,true,Row-level review confirmed the visible source operations for: network_address_format.
22c25f577479ec39,project-thirdeye==thirdeye,LogBench-O/repos/project-thirdeye==thirdeye/EmailHelper.java,55,LOG,info,explicit_object_rendering,False,"LOG.info(""Sending email to {}"", recipients.toString())",explicit_object_rendering,true,Row-level review confirmed the visible source operations for: explicit_object_rendering.
2307f1bd25f51165,wso2==carbon-apimgt,LogBench-O/repos/wso2==carbon-apimgt/TokenRevocationNotifierImpl.java,122,log,debug,,False,"log.debug(""Successfully submitted the request for revoked token. HTTP status :"" + etcdResponse
                            .getStatusLine().getStatusCode())",,false,No operation covered by the frozen explicit-source rubric is visible. Preformatted variables and unknown helpers remain outside the lower bound.
2318ccdcae957e87,variflight==feeyo-redisproxy,LogBench-O/repos/variflight==feeyo-redisproxy/ProactiveGcTask.java,95,logger,info,numeric_layout_format;derived_view,True,"logger.info(String.format(""%s, max old gen:%s, used old gen:%s, current fraction: %.2f%%, gc fraction: %d%%"",
				hints, UnitConverter.toSizeUnit(maxOldGenBytes, 2), UnitConverter.toSizeUnit(usedOldBytes, 2),
				usedOldBytes * 100d / maxOldGenBytes, oldGenOccupancyFraction))",numeric_layout_format;derived_view,true,"Row-level review confirmed the visible source operations for: numeric_layout_format, derived_view."
234cbabc5b81b05c,semuxproject==semux-core,LogBench-O/repos/semuxproject==semux-core/SemuxPerformance.java,97,logger,info,temporal_format,True,"logger.info(new SimpleDateFormat(""[HH:mm:ss]"").format(new Date()) + "" "" + i)",temporal_format,true,Row-level review confirmed the visible source operations for: temporal_format.
23cc08a67374613e,apache==bookkeeper,LogBench-O/repos/apache==bookkeeper/LedgersIndexCheckOp.java,108,LOG,info,human_readable_format;derived_view,True,"LOG.info(""Index scan has completed successfully. Total time: {}"",
                DurationFormatUtils.formatDurationHMS(
                        TimeUnit.NANOSECONDS.toMillis(System.nanoTime() - startTime)))",human_readable_format;derived_view,true,"Row-level review confirmed the visible source operations for: human_readable_format, derived_view."
24dfd504d02e6b38,apache==plc4x,LogBench-O/repos/apache==plc4x/GeneratedDriverByteToMessageCodec.java,61,LOGGER,debug,radix_or_binary_encoding,True,"LOGGER.debug(""Sending bytes to PLC for message {} as data {}"", packet, Hex.encodeHexString(buffer.getData()))",radix_or_binary_encoding,true,Row-level review confirmed the visible source operations for: radix_or_binary_encoding.
25670c32aa59d2fa,apache==flink,LogBench-O/repos/apache==flink/BashJavaUtils.java,149,LOG,info,human_readable_format,True,"LOG.info(
                ""        Managed:                 {}"",
                flinkMemory.getManaged().toHumanReadableString())",human_readable_format,true,Row-level review confirmed the visible source operations for: human_readable_format.
269c67fdc53ee7d3,finos==legend-engine,LogBench-O/repos/finos==legend-engine/ExternalFormats.java,156,LOGGER,info,explicit_object_rendering;derived_view,True,"LOGGER.info(new LogInfo(profiles, interactive ? LoggingEventType.GENERATE_EXTERNAL_FORMAT_SCHEMA_INTERACTIVE_STOP : LoggingEventType.GENERATE_EXTERNAL_FORMAT_SCHEMA_STOP, (double) System.currentTimeMillis() - start).toString())",explicit_object_rendering;derived_view,true,"Row-level review confirmed the visible source operations for: explicit_object_rendering, derived_view."
27284b69e435363c,splicemachine==spliceengine,LogBench-O/repos/splicemachine==spliceengine/SpliceDerbyVisitorAdapter.java,115,LOG,debug,numeric_layout_format,True,"LOG.debug(String.format(""%s visited %d nodes in %.2f ms"", v.getClass().getSimpleName(), visited, duration))",numeric_layout_format,true,Row-level review confirmed the visible source operations for: numeric_layout_format.
27638cfa270bdb6b,tls-attacker==tls-attacker,LogBench-O/repos/tls-attacker==tls-attacker/ServerHelloPreparator.java,184,LOGGER,debug,radix_or_binary_encoding,True,"LOGGER.debug(""ServerHello: "" + ArrayConverter.bytesToHexString(serverHello))",radix_or_binary_encoding,true,Row-level review confirmed the visible source operations for: radix_or_binary_encoding.
284f5ea78dd35d8e,mauricioaniche==repodriller,LogBench-O/repos/mauricioaniche==repodriller/RepoDriller.java,60,log,info,temporal_format,True,"log.info(""Starting study at: "" + new SimpleDateFormat(""MM-dd-yyyy HH:mm:ss"").format(start.getTime()))",temporal_format,true,Row-level review confirmed the visible source operations for: temporal_format.
29af50b32690c0af,steveohara==j2mod,LogBench-O/repos/steveohara==j2mod/TCPConnectionHandler.java,72,logger,warn,derived_view,True,"logger.warn(""Watchdog expired: {}, limit: {}"", nanosIdle / nanosPerSecond, maxIdleSeconds)",derived_view,true,Row-level review confirmed the visible source operations for: derived_view.
29df3617f9809fad,dashorst==dashboard,LogBench-O/repos/dashorst==dashboard/TwitterService.java,113,logger,info,numeric_layout_format,True,"logger.info(
					""Current twitter refresh rate: {}/h, official refresh rate: {}"",
					String.format(""%1.1f"", currentRate),
					rateLimitStatus.getHourlyLimit())",numeric_layout_format,true,Row-level review confirmed the visible source operations for: numeric_layout_format.
2ad20ba353912687,apache==manifoldcf,LogBench-O/repos/apache==manifoldcf/AuthCheckThread.java,167,Logging.authorityService,fatal,repeated_view,True,"Logging.authorityService.fatal(""AuthCheckThread initialization error tossed: ""+e.getMessage(),e)",repeated_view,true,Row-level review confirmed the visible source operations for: repeated_view.
2b400bbbcac84318,wso2==carbon-mediation,LogBench-O/repos/wso2==carbon-mediation/InboundCorrelationEnabledHttpServerWorker.java,56,correlationLog,info,derived_view,True,"correlationLog.info((System.currentTimeMillis() - initiationTimestamp) + ""|Thread switch latency"")",derived_view,true,Row-level review confirmed the visible source operations for: derived_view.
2bb41bdbf8fc67df,alibaba==nacos,LogBench-O/repos/alibaba==nacos/NacosRuntimeConnectionEjector.java,60,Loggers.CONNECTION,info,derived_view;repeated_view,True,"Loggers.CONNECTION.info(""Long connection metrics detail ,Total count ={}, sdkCount={},clusterCount={}"",
                    totalCount, currentSdkClientCount, (totalCount - currentSdkClientCount))",derived_view;repeated_view,true,"Row-level review confirmed the visible source operations for: derived_view, repeated_view."
2bdcc684ef6a3f98,flyway==flyway,LogBench-O/repos/flyway==flyway/CleanExecutor.java,146,LOG,info,temporal_format,True,"LOG.info(String.format(""Successfully dropped schema %s (execution time %s)"",
                                   schema, TimeFormat.format(stopWatch.getTotalTimeMillis())))",temporal_format,true,Row-level review confirmed the visible source operations for: temporal_format.
2c29fe8c1b822c8c,jmri==jmri,LogBench-O/repos/jmri==jmri/Dcc4PcBoardManager.java,54,log,debug,radix_or_binary_encoding,True,"log.debug(""Reply details sm: {}"", r.toHexString())",radix_or_binary_encoding,true,Row-level review confirmed the visible source operations for: radix_or_binary_encoding.
2c7810c5e397596e,logzio==jmx2graphite,LogBench-O/repos/logzio==jmx2graphite/MetricsPipeline.java,73,logger,warn,explicit_object_rendering,False,"logger.warn(""Failed polling metrics from client ({}): {}"", client.getClass().toString(), e.getMessage())",explicit_object_rendering,true,Row-level review confirmed the visible source operations for: explicit_object_rendering.
2ce63900333fafbb,pinterest==doctorkafka,LogBench-O/repos/pinterest==doctorkafka/ReplicaStatsRetriever.java,87,LOG,info,derived_view,True,"LOG.info(""Spent time : {} seconds"", (endTime - startTime) / 1000.0)",derived_view,true,Row-level review confirmed the visible source operations for: derived_view.
2d3b21effaba7044,sofastack==sofa-bolt,LogBench-O/repos/sofastack==sofa-bolt/RpcHeartbeatTrigger.java,94,logger,error,network_address_format,True,"logger.error(""Heartbeat ack process error! Id={}, from remoteAddr={}"",
                                heartbeat.getId(), RemotingUtil.parseRemoteAddress(ctx.channel()),
                                e)",network_address_format,true,Row-level review confirmed the visible source operations for: network_address_format.
2d4470517c317c2d,spotify==flo,LogBench-O/repos/spotify==flo/Logging.java,65,LOG,info,human_readable_format,True,"LOG.info(""{} Completed in {} -> {}"",
        taskId, formatDurationHMS(elapsed.toMillis()), value)",human_readable_format,true,Row-level review confirmed the visible source operations for: human_readable_format.
2d5ebe1de490c9de,eugenp==tutorials,LogBench-O/repos/eugenp==tutorials/LinesProcessor.java,29,logger,debug,explicit_object_rendering,False,"logger.debug(""Calculated age "" + age + "" for line "" + line.toString())",explicit_object_rendering,true,Row-level review confirmed the visible source operations for: explicit_object_rendering.
2e0649ef46a4fd7a,nchovy==kraken,LogBench-O/repos/nchovy==kraken/IpDecoder.java,64,logger,debug,explicit_object_rendering,False,logger.debug(packet.toString()),explicit_object_rendering,true,Row-level review confirmed the visible source operations for: explicit_object_rendering.
2e39e78e515b6d2e,ngageoint==mrgeo,LogBench-O/repos/ngageoint==mrgeo/PythonGatewayListener.java,136,log,info,network_address_format,True,"log.info(""Sending java->python port ("" + javaPythonPort + "") and python->java port ("" + pythonJavaPort +
      "") to pymrgeo running at "" +
      clientSocket.getInetAddress().getHostName() + ""("" + clientSocket.getInetAddress().getHostAddress() +
      "")"" + "":"" + clientSocket.getPort())",network_address_format,true,Row-level review confirmed the visible source operations for: network_address_format.
2e4663fbff60cf14,knightliao==disconf,LogBench-O/repos/knightliao==disconf/RetryStrategyRoundBin.java,35,LOGGER,warn,explicit_object_rendering,False,"LOGGER.warn(""cannot reach, will retry "" + cur_time + "" .... "" + e.toString())",explicit_object_rendering,true,Row-level review confirmed the visible source operations for: explicit_object_rendering.
2e9c7e4238b7a256,jmangos==jmangos,LogBench-O/repos/jmangos==jmangos/PacketFrameEncoder.java,72,log,info,numeric_layout_format,True,"log.info(String.format(""[SEND PACKET] :  0x%02X - %s"", opcode,
                OpcodeTable.getOpcode(opcode)))",numeric_layout_format,true,Row-level review confirmed the visible source operations for: numeric_layout_format.
2f5b608e04f293ee,apache==inlong,LogBench-O/repos/apache==inlong/DiskSamplePrint.java,107,logger,warn,explicit_object_rendering,False,"logger.warn(sBuilder
                            .append(""[File Store] Get message failure for Exception 3, storeKey="")
                            .append(storeKey).append("", partitionId="").append(partitionId).toString(), e)",explicit_object_rendering,true,Row-level review confirmed the visible source operations for: explicit_object_rendering.
30f4dfaf0bdbcb0f,dragon66==icafe,LogBench-O/repos/dragon66==icafe/_8BIM.java,94,LOGGER,info,radix_or_binary_encoding,True,"LOGGER.info(""PLUGIN_RESOURCE [Value: {}] - Plug-In resource."", StringUtils.shortToHexStringMM(id))",radix_or_binary_encoding,true,Row-level review confirmed the visible source operations for: radix_or_binary_encoding.
310c619f77bb75fb,yegor256==thindeck,LogBench-O/repos/yegor256==thindeck/BuildImage.java,147,Logger,info,derived_view,True,"Logger.info(
            this, ""Docker image %s built in %[ms]s"",
            name, System.currentTimeMillis() - start
        )",derived_view,true,Row-level review confirmed the visible source operations for: derived_view.
315abf6959e4d6b9,apsaradb==galaxysql,LogBench-O/repos/apsaradb==galaxysql/MemoryManager.java,88,logger,info,human_readable_format,True,"logger.info(""The Global Memory Pool size is  "" + FileUtils.byteCountToDisplaySize(newGlobalLimit))",human_readable_format,true,Row-level review confirmed the visible source operations for: human_readable_format.
31952cd9a1ee7a5f,egg82==antivpn,LogBench-O/repos/egg82==antivpn/NATSMessagingService.java,147,service.logger,warn,numeric_layout_format,True,"service.logger.warn(""Server "" + sender + "" packet version "" + String.format(
                            ""0x%02X "",
                            packetVersion
                    ) + "" does not match current packet version "" + String.format(""0x%02X "", Packet.VERSION) + "". Skipping packet."")",numeric_layout_format,true,Row-level review confirmed the visible source operations for: numeric_layout_format.
31972979ae26b146,isuwang==isuwang-soa,LogBench-O/repos/isuwang==isuwang-soa/QPSStatFilter.java,44,LOGGER,info,temporal_format,True,"LOGGER.info(""QPSStatFilter 定时时间:{} 上送间隔:{}ms"", new SimpleDateFormat(""yyyy-MM-dd HH:mm:ss S"").format(calendar.getTime()), period)",temporal_format,true,Row-level review confirmed the visible source operations for: temporal_format.
336f0d59312ea4d0,apache==pulsar,LogBench-O/repos/apache==pulsar/PerfClientUtils.java,60,log,info,human_readable_format,True,"log.info(""Netty max memory (PlatformDependent.maxDirectMemory()) {}"",
                FileUtils.byteCountToDisplaySize(DirectMemoryUtils.jvmMaxDirectMemory()))",human_readable_format,true,Row-level review confirmed the visible source operations for: human_readable_format.
33aac97f5b7fb555,apache==flink,LogBench-O/repos/apache==flink/BashJavaUtils.java,145,LOG,info,human_readable_format,True,"LOG.info(
                ""        Task:                    {}"",
                flinkMemory.getTaskHeap().toHumanReadableString())",human_readable_format,true,Row-level review confirmed the visible source operations for: human_readable_format.
3448a24c6da1e712,highmed==highmed-dsf,LogBench-O/repos/highmed==highmed-dsf/BuildInfoReaderImpl.java,137,logger,info,temporal_format,True,"logger.info(""Artifact: {}, version: {}, build: {}, branch: {}, commit: {}"", getProjectArtifact(),
				getProjectVersion(), getBuildDate().withZoneSameInstant(ZoneId.systemDefault())
						.format(DateTimeFormatter.ISO_OFFSET_DATE_TIME),
				getBuildBranch(), getBuildNumber())",temporal_format,true,Row-level review confirmed the visible source operations for: temporal_format.
3493cdb5d16ee881,zhkl0228==unidbg,LogBench-O/repos/zhkl0228==unidbg/ThreadClonePatcher32.java,43,log,info,radix_or_binary_encoding,True,"log.info(""pthread_clone start_routine="" + start_routine + "", child_stack="" + child_stack + "", flags=0x"" + Integer.toHexString(flags) + "", arg="" + arg)",radix_or_binary_encoding,true,Row-level review confirmed the visible source operations for: radix_or_binary_encoding.
34b53033a93400b8,apache==inlong,LogBench-O/repos/apache==inlong/BufferQueueChannel.java,127,LOG,error,repeated_view,True,"LOG.error(e.getMessage(), e)",repeated_view,true,Row-level review confirmed the visible source operations for: repeated_view.
34bb163d845fa9cf,java110==microcommunity,LogBench-O/repos/java110==microcommunity/ReportFeeServiceDaoImpl.java,44,logger,debug,structured_rendering,True,"logger.debug(""查询费用信息 入参 info : {}"", JSONObject.toJSONString(reportFeeDto))",structured_rendering,true,Row-level review confirmed the visible source operations for: structured_rendering.
353abb427acc7859,nuxeo==nuxeo,LogBench-O/repos/nuxeo==nuxeo/LatencyCommand.java,118,log,info,temporal_format,True,"log.info(String.format(""|%d|%d|%d|%s|%d|%s|%s|%d|%d|%d|%d|%s|"",
                    i.getAndIncrement(), lat.lag().lag(), lat.latency(), formatInterval(lat.latency()), lat.lower(),
                    formatDate(lat.lower()), formatDate(lat.upper()), lat.lag().lower(), lat.lag().upper(),
                    lat.lag().lowerOffset(), lat.lag().upperOffset(), lat.key()))",temporal_format,true,Row-level review confirmed the visible source operations for: temporal_format.
355373488dbd4b64,sstokic-tgm==jftse,LogBench-O/repos/sstokic-tgm==jftse/PacketDecoder.java,91,log,debug,numeric_layout_format;explicit_object_rendering,True,"log.debug(""RECV ["" + (ConfigService.getInstance().getValue(""packets.id.translate.enabled"", true) ? PacketOperations.getNameByValue(packet.getPacketId()) : String.format(""0x%X"", (int) packet.getPacketId())) + ""] "" + BitKit.toString(packet.getRawPacket(), 0, packet.getDataLength() + 8))",numeric_layout_format;explicit_object_rendering,true,"Row-level review confirmed the visible source operations for: numeric_layout_format, explicit_object_rendering."
35e0b951c172f09a,opencb==opencga,LogBench-O/repos/opencb==opencga/HBaseWriterDriver.java,150,logger,info,human_readable_format,True,"logger.info(""setupTime : "" + TimeUtils.durationToString(setupStopWatch.now(TimeUnit.MILLISECONDS)))",human_readable_format,true,Row-level review confirmed the visible source operations for: human_readable_format.
36a1b13c1b6c10a7,gridgain==gridgain,LogBench-O/repos/gridgain==gridgain/ReencryptionRateCommand.java,79,log,info,numeric_layout_format,True,"log.info(String.format(""%sre-encryption rate %s limited to %.2f MB/s."",
                        DOUBLE_INDENT, (read ? ""is"" : ""has been""), rateLimit))",numeric_layout_format,true,Row-level review confirmed the visible source operations for: numeric_layout_format.
36a732b15a6766aa,anthonyraymond==joal,LogBench-O/repos/anthonyraymond==joal/AnnounceEventPublisher.java,34,log,debug,human_readable_format,True,"log.debug(""Publish FailedToAnnounceEvent event for [{}]"", announcer.getTorrentInfoHash().getHumanReadable())",human_readable_format,true,Row-level review confirmed the visible source operations for: human_readable_format.
372aa2db03b6afdc,mojohaus==versions-maven-plugin,LogBench-O/repos/mojohaus==versions-maven-plugin/UseLatestVersionsMojoBase.java,100,getLog(),debug,explicit_object_rendering,False,"getLog().debug(""Looking for newer versions of "" + toString(dep))",explicit_object_rendering,true,Row-level review confirmed the visible source operations for: explicit_object_rendering.
373a1cfc4b44d033,linkedin==camus,LogBench-O/repos/linkedin==camus/CamusSweeperMetrics.java,92,LOG,info,numeric_layout_format,True,"LOG.info(""  "" + entry.getKey() + "": "" + String.format(""%.2f"", dataSizeMB) + ""MB"")",numeric_layout_format,true,Row-level review confirmed the visible source operations for: numeric_layout_format.
384cd6576d2cfc0a,opennms==opennms,LogBench-O/repos/opennms==opennms/AuthFilterEnabler.java,112,LOG,debug,structured_rendering;explicit_object_rendering,True,"LOG.debug(""Enabling authorization filter for user {} with groups: {}"", user, Arrays.toString(groupNames))",structured_rendering;explicit_object_rendering,true,"Row-level review confirmed the visible source operations for: structured_rendering, explicit_object_rendering."
387848e377a5fac6,polardb==polardbx-sql,LogBench-O/repos/polardb==polardbx-sql/BloomFilterProduce.java,122,logger,info,numeric_layout_format,True,"logger.info(String
                        .format(""Converting bloom filter info, id: %d, bitset usage: %.2f"", id,
                            BitSet.getUsage(bloomFilters.get(i).getBitmap())))",numeric_layout_format,true,Row-level review confirmed the visible source operations for: numeric_layout_format.
3886110dc56ae1ab,fluxtream==fluxtream-app,LogBench-O/repos/fluxtream==fluxtream-app/WWOHelper.java,42,logger,warn,derived_view,True,"logger.warn(""WorldWeatherOnline just got very slow ("" + (now-then)+ "" ms)"")",derived_view,true,Row-level review confirmed the visible source operations for: derived_view.
38b14467ce83185c,ibissource==iaf,LogBench-O/repos/ibissource==iaf/PollGuard.java,51,log,trace,temporal_format,True,"log.trace(""{} check last poll finished time {}"", springJmsConnector::getLogPrefix, ()-> simpleDateFormat.format(new Date(lastPollFinishedTime)))",temporal_format,true,Row-level review confirmed the visible source operations for: temporal_format.
398a26b6908de42c,hartwigmedical==hmftools,LogBench-O/repos/hartwigmedical==hmftools/AucCalc.java,91,LOGGER,log,numeric_layout_format,True,"LOGGER.log(logLevel, String.format(""inputs(pos=%d neg=%d) perc(con=%.4f dis=%.4f tied=%.4f) auc(%.4f)"",
                posValues.size(), negValues.size(), percConcordant, percDiscordant, percTied, auc))",numeric_layout_format,true,Row-level review confirmed the visible source operations for: numeric_layout_format.
39f670e73fd0ce69,opennms==opennms,LogBench-O/repos/opennms==opennms/ForceRescanState.java,111,LOG,debug,network_address_format,True,"LOG.debug(""generateForceRescanEvent: interface = {}"", getAgent().getHostAddress())",network_address_format,true,Row-level review confirmed the visible source operations for: network_address_format.
3aaf87bb1e0c9cf3,anthonyraymond==joal,LogBench-O/repos/anthonyraymond==joal/Announcer.java,82,log,info,human_readable_format,True,"log.info(""[{}] has failed to announce {}. time"", this.torrent.getTorrentInfoHash().getHumanReadable(), this.consecutiveFails)",human_readable_format,true,Row-level review confirmed the visible source operations for: human_readable_format.
3b812e1a62b516c6,opennms==opennms,LogBench-O/repos/opennms==opennms/DeviceConfigDispatcher.java,77,LOG,debug,network_address_format,True,"LOG.debug(""sent - address: "" + address.getHostAddress() + ""; fileName: "" + fileName + ""; dispatchStatus: "" + status.name())",network_address_format,true,Row-level review confirmed the visible source operations for: network_address_format.
3be80b787ddc1e16,cognifide==aet,LogBench-O/repos/cognifide==aet/ListResponseProvider.java,91,LOGGER,error,,False,"LOGGER.error(""error while getting response writer for request: '{}' and response: '{}'"", req,
                    resp, e)",,false,No operation covered by the frozen explicit-source rubric is visible. Preformatted variables and unknown helpers remain outside the lower bound.
3c825633c0b307f5,azure-samples==azure-cosmos-java-sql-api-samples,LogBench-O/repos/azure-samples==azure-cosmos-java-sql-api-samples/SampleRequestThroughput.java,106,logger,info,numeric_layout_format,True,"logger.info(String.format(""\n\n\n\n"" +
                        ""Sync Throughput Profiler Result, Last 1000ms:"" + ""\n\n"" +
                        ""%8s          %8s"", StringUtils.center(""Req/sec"",8),StringUtils.center(""RU/s"",8)) + ""\n""
                        + ""----------------------------------"" + ""\n""
                        + String.format(""%8.1f          %8.1f"",rps,rups) + ""\n\n\n\n"")",numeric_layout_format,true,Row-level review confirmed the visible source operations for: numeric_layout_format.
3c87e4ce53f716fe,sap==fosstars-rating-core,LogBench-O/repos/sap==fosstars-rating-core/GoSecDataProvider.java,75,logger,info,,False,"logger.info(""Figuring out how the project uses GoSec ..."")",,false,No operation covered by the frozen explicit-source rubric is visible. Preformatted variables and unknown helpers remain outside the lower bound.
3d71dec6371dee67,apache==shardingsphere-elasticjob,LogBench-O/repos/apache==shardingsphere-elasticjob/SpringBootDataflowJob.java,50,logger,info,temporal_format,True,"logger.info(""Item: {} | Time: {} | Thread: {} | {}"",
                shardingContext.getShardingItem(), new SimpleDateFormat(""HH:mm:ss"").format(new Date()), Thread.currentThread().getId(), ""DATAFLOW PROCESS"")",temporal_format,true,Row-level review confirmed the visible source operations for: temporal_format.
3dcae8fbcfe8aad4,opensecuritycontroller==osc-core,LogBench-O/repos/opensecuritycontroller==osc-core/NetworkUtil.java,77,log,debug,network_address_format,True,"log.debug(""addr.getHostAddress() = "" + addr.getHostAddress())",network_address_format,true,Row-level review confirmed the visible source operations for: network_address_format.
3e639b66a6af97f7,spotify==helios,LogBench-O/repos/spotify==helios/DefaultProber.java,93,LOG,warn,repeated_view,True,"LOG.warn(e.getMessage(), e)",repeated_view,true,Row-level review confirmed the visible source operations for: repeated_view.
3f02f4ab659723d8,restcomm==media-core,LogBench-O/repos/restcomm==media-core/LocalNetworkGuard.java,57,log,trace,network_address_format,True,"log.trace(""Dropped insecure packet [network="" + this.network + "", subnet="" + this.subnet + "", remote address="" + source.getAddress().getHostAddress() + ""]"")",network_address_format,true,Row-level review confirmed the visible source operations for: network_address_format.
3f3140914d6e0a62,wgzhao==datax,LogBench-O/repos/wgzhao==datax/StarRocksWriterUtil.java,106,LOG,info,structured_rendering,True,"LOG.info(""Begin to preCheck postSqls:[{}]."", String.join("";"", renderedPostSqls))",structured_rendering,true,Row-level review confirmed the visible source operations for: structured_rendering.
3f5ef6c76b7b6739,anthonyraymond==joal,LogBench-O/repos/anthonyraymond==joal/ConnectionHandler.java,116,log,info,network_address_format,True,"log.info(""Successfully fetched public IP address: [{}]"", ip.get().getHostAddress())",network_address_format,true,Row-level review confirmed the visible source operations for: network_address_format.
4032ca637d638293,openiotorg==openiot,LogBench-O/repos/openiotorg==openiot/MigMessageSensorscopeWrapper.java,84,logger,error,,False,"logger.error(""Unknow message"")",,false,No operation covered by the frozen explicit-source rubric is visible. Preformatted variables and unknown helpers remain outside the lower bound.
40b6d323fdaa4eda,limbo-world==flowjob,LogBench-O/repos/limbo-world==flowjob/Broker.java,81,log,warn,structured_rendering,True,"log.warn(""[BrokerNodeListener] "" + MsgConstants.UNKNOWN + "" evnet {}"", JacksonUtils.toJSONString(event))",structured_rendering,true,Row-level review confirmed the visible source operations for: structured_rendering.
4172261ef49fc696,alibaba==datax,LogBench-O/repos/alibaba==datax/StarRocksWriterUtil.java,92,LOG,info,structured_rendering,True,"LOG.info(""Begin to preCheck postSqls:[{}]."", String.join("";"", renderedPostSqls))",structured_rendering,true,Row-level review confirmed the visible source operations for: structured_rendering.
42c4d652a5a0f195,matsim-org==matsim-libs,LogBench-O/repos/matsim-org==matsim-libs/MultiModalModule.java,101,log,info,explicit_object_rendering,False,"log.info( ""Found additional travel time factory from type "" + factory.getClass().toString() +
                                                  "" for mode "" + mode + ""."" )",explicit_object_rendering,true,Row-level review confirmed the visible source operations for: explicit_object_rendering.
430469ee523fa209,getrebuild==rebuild,LogBench-O/repos/getrebuild==rebuild/DatabaseBackup.java,119,log,info,human_readable_format;repeated_view,True,"log.info(""Backup succeeded : {} ({})"", dest, FileUtils.byteCountToDisplaySize(dest.length()))",human_readable_format;repeated_view,true,"Row-level review confirmed the visible source operations for: human_readable_format, repeated_view."
43dcbd68ef948677,wso2-attic==product-private-paas,LogBench-O/repos/wso2-attic==product-private-paas/PPaaSServerExtension.java,63,log,info,derived_view,True,"log.info(String.format(""ActiveMQ started in %d sec"", (time2 - time1) / 1000))",derived_view,true,Row-level review confirmed the visible source operations for: derived_view.
4433f4442b49d39f,openmessaging==openmessaging-benchmark,LogBench-O/repos/openmessaging==openmessaging-benchmark/PravegaBenchmarkDriver.java,59,log,info,structured_rendering,True,"log.info(""Pravega driver configuration: {}"", objectWriter.writeValueAsString(config))",structured_rendering,true,Row-level review confirmed the visible source operations for: structured_rendering.
443b82e3dd58a3ec,zstackio==zstack,LogBench-O/repos/zstackio==zstack/DebugUtils.java,151,logger,debug,explicit_object_rendering,False,logger.debug(dump.toString()),explicit_object_rendering,true,Row-level review confirmed the visible source operations for: explicit_object_rendering.
457bab6bfda3aa2c,kaitoy==pcap4j,LogBench-O/repos/kaitoy==pcap4j/PcapDumper.java,129,logger,debug,radix_or_binary_encoding,True,"logger.debug(""Dumped a packet: "" + ByteArrays.toHexString(packet, "" ""))",radix_or_binary_encoding,true,Row-level review confirmed the visible source operations for: radix_or_binary_encoding.
45bd4bb584a7e8a4,azure-samples==azure-cosmos-java-sql-api-samples,LogBench-O/repos/azure-samples==azure-cosmos-java-sql-api-samples/SampleRequestThroughputAsync.java,136,logger,info,numeric_layout_format,True,"logger.info(String.format(""\n\n\n\n"" +
                        ""Async Throughput Profiler Result, Last 1000ms:"" + ""\n\n"" +
                        ""%8s          %8s"", StringUtils.center(""Req/sec"",8),StringUtils.center(""RU/s"",8)) + ""\n""
                        + ""----------------------------------"" + ""\n""
                        + String.format(""%8.1f          %8.1f"",rps,rups) + ""\n\n\n\n"")",numeric_layout_format,true,Row-level review confirmed the visible source operations for: numeric_layout_format.
46c1e6165d14a3d7,ripe-ncc==whois,LogBench-O/repos/ripe-ncc==whois/NrtmLog.java,22,logger,info,network_address_format,True,"logger.info(
                ""{} -- {}"",
                remoteAddress.getHostAddress(),
                queryString
        )",network_address_format,true,Row-level review confirmed the visible source operations for: network_address_format.
46c40619841521d5,micromata==projectforge-webapp,LogBench-O/repos/micromata==projectforge-webapp/CronHourlyJob.java,50,log,info,,False,"log.info(""Hourly job started."")",,false,No operation covered by the frozen explicit-source rubric is visible. Preformatted variables and unknown helpers remain outside the lower bound.
46dade38c659e4db,apache==shardingsphere-elasticjob,LogBench-O/repos/apache==shardingsphere-elasticjob/SpringBootSimpleJob.java,43,logger,info,temporal_format,True,"logger.info(""Item: {} | Time: {} | Thread: {} | {}"",
                shardingContext.getShardingItem(), new SimpleDateFormat(""HH:mm:ss"").format(new Date()), Thread.currentThread().getId(), ""SIMPLE"")",temporal_format,true,Row-level review confirmed the visible source operations for: temporal_format.
47292c7e3bf6938b,pi4j==pi4j-v2,LogBench-O/repos/pi4j==pi4j-v2/TestGpioAlertRaw.java,72,logger,info,radix_or_binary_encoding,True,"logger.info(""PIGPIO HARDWARE  : "" + Integer.toHexString(PIGPIO.gpioHardwareRevision()))",radix_or_binary_encoding,true,Row-level review confirmed the visible source operations for: radix_or_binary_encoding.
476f0ff0eec6ad1e,apache==openjpa,LogBench-O/repos/apache==openjpa/DynamicTCPRemoteCommitProvider.java,110,log,trace,network_address_format,True,"log.trace(s_loc.get(""tcp-address-unset"",
                                address.getAddress().getHostAddress() + "":"" + address.getPort()))",network_address_format,true,Row-level review confirmed the visible source operations for: network_address_format.
483a4fdbb812b21b,weiye-jing==datax-web,LogBench-O/repos/weiye-jing==datax-web/DataXAdminApplication.java,29,logger,info,repeated_view,True,"logger.info(
                ""Access URLs:\n----------------------------------------------------------\n\t""
                        + ""Local-API: \t\thttp://127.0.0.1:{}\n\t""
                        + ""External-API: \thttp://{}:{}\n\t""
                        + ""web-URL: \t\thttp://127.0.0.1:{}/index.html\n\t----------------------------------------------------------"",
                path, externalAPI, path, port)",repeated_view,true,Row-level review confirmed the visible source operations for: repeated_view.
4864ce617a75d20a,edgegallery==mecm-appo,LogBench-O/repos/edgegallery==mecm-appo/ResourceMgrServerServiceImpl.java,55,LOGGER,info,structured_rendering,True,"LOGGER.info(""request body: {}"", resourceMgrServiceHelper.convertToJson(resourcesServerReqParam))",structured_rendering,true,Row-level review confirmed the visible source operations for: structured_rendering.
4891ce1f72e399d5,tikv==client-java,LogBench-O/repos/tikv==client-java/TTLManager.java,101,LOG,info,human_readable_format,True,"LOG.info(""doKeepAlive key={} uptime={} ttl={}"", KeyUtils.formatBytes(primaryLock), uptime, ttl)",human_readable_format,true,Row-level review confirmed the visible source operations for: human_readable_format.
48c9ad5d4302f45a,entando==entando-core,LogBench-O/repos/entando==entando-core/SearchEngineDAOFactory.java,63,_logger,error,,False,"_logger.error(""Error getting indexer"", t)",,false,No operation covered by the frozen explicit-source rubric is visible. Preformatted variables and unknown helpers remain outside the lower bound.
49de1e6ad60dd698,palladian==palladian,LogBench-O/repos/palladian==palladian/FileImporter.java,79,LOGGER,info,derived_view,True,"LOGGER.info(""imported "" + (idOffset - 1) + "" locations in "" + stopWatch.getElapsedTimeString())",derived_view,true,Row-level review confirmed the visible source operations for: derived_view.
4a3f194eb96a65ea,apache==hbase,LogBench-O/repos/apache==hbase/HealthCheckChore.java,66,LOG,info,temporal_format,True,"LOG.info(""Health status at "" + StringUtils.formatTime(EnvironmentEdgeManager.currentTime())
        + "" : "" + report.getHealthReport())",temporal_format,true,Row-level review confirmed the visible source operations for: temporal_format.
4a747658b4c4fe16,edgegallery==api-emulator,LogBench-O/repos/edgegallery==api-emulator/HttpTraceLogFilter.java,80,LOGGER,info,structured_rendering,True,"LOGGER.info(""Http response trace log: {}"", new Gson().toJson(responseTraceLog))",structured_rendering,true,Row-level review confirmed the visible source operations for: structured_rendering.
4aa9df0df808aa36,flyway==flyway,LogBench-O/repos/flyway==flyway/DbValidate.java,124,LOG,info,temporal_format,True,"LOG.info(String.format(""Successfully validated 1 migration (execution time %s)"",
                                       TimeFormat.format(stopWatch.getTotalTimeMillis())))",temporal_format,true,Row-level review confirmed the visible source operations for: temporal_format.
4b3b1f51275e4f1f,dayatang==dddlib,LogBench-O/repos/dayatang==dddlib/AbstractGeminiConnectionTimeoutMonitor.java,29,LOGGER,debug,temporal_format,True,"LOGGER.debug(""开启数据库连接HashCode【{}】，URL=【{}】，创建时间【{}】"",
                connection.hashCode(), connection.getMetaData().getURL(),
                formatTime(connection.getCreationTime()))",temporal_format,true,Row-level review confirmed the visible source operations for: temporal_format.
4bb98d0ee5e19cdf,jmri==jmri,LogBench-O/repos/jmri==jmri/NceLight.java,78,log,debug,radix_or_binary_encoding;derived_view,True,"log.debug(""Command: {} {} {} {} {}"", Integer.toHexString(0xFF & bl[0]), Integer.toHexString(0xFF & bl[1]), Integer.toHexString(0xFF & bl[2]), Integer.toHexString(0xFF & bl[3]), Integer.toHexString(0xFF & bl[4]))",radix_or_binary_encoding;derived_view,true,"Row-level review confirmed the visible source operations for: radix_or_binary_encoding, derived_view."
4bef463b9d95f7dc,polardb==polardbx-sql,LogBench-O/repos/polardb==polardbx-sql/GrantSyncAction.java,70,logger,error,explicit_object_rendering;repeated_view,True,"logger.error(MessageFormat
                .format(""Synchronize privilege cache of grant statement: ''{0}'' fail! The reason is ''{1}''"",
                    grantParameter.toString(), e.getMessage()), e)",explicit_object_rendering;repeated_view,true,"Row-level review confirmed the visible source operations for: explicit_object_rendering, repeated_view."
4d3babe4f2ef789a,tls-attacker==tls-attacker,LogBench-O/repos/tls-attacker==tls-attacker/HelloMessagePreparator.java,57,LOGGER,debug,radix_or_binary_encoding,True,"LOGGER.debug(""Random: "" + ArrayConverter.bytesToHexString(msg.getRandom().getValue()))",radix_or_binary_encoding,true,Row-level review confirmed the visible source operations for: radix_or_binary_encoding.
4d4993b52c4fb79d,tlaukkan==zigbee4java,LogBench-O/repos/tlaukkan==zigbee4java/IASZoneCluster.java,198,log,debug,repeated_view,True,"log.debug(""Notifying {}:{}"", alarmListner.getClass().getName(), alarmListner)",repeated_view,true,Row-level review confirmed the visible source operations for: repeated_view.
4d717a0c0bc11ddb,powsybl==powsybl-core,LogBench-O/repos/powsybl==powsybl-core/DebugPhaseTapChanger.java,55,LOG,info,numeric_layout_format,True,"LOG.info(String.format(""v,a1    = %10.4f %10.4f"",
                    tx.getTerminal1().getBusView().getBus().getV(),
                    tx.getTerminal1().getBusView().getBus().getAngle()))",numeric_layout_format,true,Row-level review confirmed the visible source operations for: numeric_layout_format.
4dbd5d384582b891,edurtio==incubator-datacap,LogBench-O/repos/edurtio==incubator-datacap/Db2Plugin.java,74,log,info,,False,"log.info(""Execute db2 plugin logic end"")",,false,No operation covered by the frozen explicit-source rubric is visible. Preformatted variables and unknown helpers remain outside the lower bound.
4ef67fdfcc778849,dwslab==melt,LogBench-O/repos/dwslab==melt/ExecutionRunner.java,114,LOGGER,info,human_readable_format;derived_view,True,"LOGGER.info(""Running matcher {} on testcase {} (track {}) completed in {}."", matcherName,
                    testCase.getName(), trackName, DurationFormatUtils.formatDurationWords(runTime/1_000_000, true,
                            true))",human_readable_format;derived_view,true,"Row-level review confirmed the visible source operations for: human_readable_format, derived_view."
50c5bebd65bd48ff,roncoo==roncoo-pay,LogBench-O/repos/roncoo==roncoo-pay/PollingTask.java,67,LOG,info,temporal_format,True,"LOG.info(""===>notify id:{}, nextNotifyTime:{}"", rpOrderResultQueryVo.getId(), DateUtils.formatDate(new Date(nextNotifyTime), ""yyyy-MM-dd HH:mm:ss SSS""))",temporal_format,true,Row-level review confirmed the visible source operations for: temporal_format.
50faeb38f52d0a46,anthonyraymond==joal,LogBench-O/repos/anthonyraymond==joal/AnnounceEventPublisher.java,40,log,debug,human_readable_format,True,"log.debug(""Publish SuccessfullyAnnounceEvent event for [{}]"", announcer.getTorrentInfoHash().getHumanReadable())",human_readable_format,true,Row-level review confirmed the visible source operations for: human_readable_format.
5103d44c358871d8,logstash==logstash-logback-encoder,LogBench-O/repos/logstash==logstash-logback-encoder/FailureSummaryLoggingAppenderListener.java,57,logger,warn,temporal_format;explicit_object_rendering;derived_view,True,"logger.warn(""{} {} failures since {} for {}."",
                    StructuredArguments.value(""failEventCount"", failureSummary.getConsecutiveFailures()),
                    StructuredArguments.value(""failType"", callbackType.name().toLowerCase()),
                    StructuredArguments.value(""failStartTime"", DateTimeFormatter.ISO_OFFSET_DATE_TIME.withZone(TimeZone.getDefault().toZoneId()).format(Instant.ofEpochMilli(failureSummary.getFirstFailureTime()))),
                    StructuredArguments.value(""failDuration"", Duration.ofMillis(System.currentTimeMillis() - failureSummary.getFirstFailureTime()).toString()),
                    failureSummary.getMostRecentFailure())",temporal_format;explicit_object_rendering;derived_view,true,"Row-level review confirmed the visible source operations for: temporal_format, explicit_object_rendering, derived_view."
51700a29c0696a96,fangjinuo==easyjson,LogBench-O/repos/fangjinuo==easyjson/SerializeBeanInfoGetter.java,78,logger,error,repeated_view,True,"logger.error(e.getMessage(), e)",repeated_view,true,Row-level review confirmed the visible source operations for: repeated_view.
51ef10c7a3816183,tencentyun==cos_migrate_tool_v5,LogBench-O/repos/tencentyun==cos_migrate_tool_v5/MigrateLocalCheckTaskExecutor.java,89,log,info,,False,log.info(printMsg),,false,No operation covered by the frozen explicit-source rubric is visible. Preformatted variables and unknown helpers remain outside the lower bound.
5219e2c93ddf924e,tls-attacker==tls-attacker,LogBench-O/repos/tls-attacker==tls-attacker/EncryptedClientHelloExtensionSerializer.java,107,LOGGER,debug,radix_or_binary_encoding,True,"LOGGER.debug(""Payload: "" + ArrayConverter.bytesToHexString(msg.getPayload().getValue()))",radix_or_binary_encoding,true,Row-level review confirmed the visible source operations for: radix_or_binary_encoding.
525788dc9bd7e7ef,datadog==jmxfetch,LogBench-O/repos/datadog==jmxfetch/InterceptibleSocketServer.java,58,log,debug,network_address_format,True,"log.debug(""Closing socket localPort {} port {} localAddress {} inetAddress {}"", socket.getLocalPort(), socket.getPort(), socket.getLocalAddress(), socket.getInetAddress(), socket.getRemoteSocketAddress())",network_address_format,true,Row-level review confirmed the visible source operations for: network_address_format.
526c00ef97788e17,apache==ozone,LogBench-O/repos/apache==ozone/SCMCertificateClient.java,115,LOG,error,radix_or_binary_encoding,True,"LOG.error(""Unexpected case: {} (private/public/cert)"",
          Integer.toBinaryString(init.ordinal()))",radix_or_binary_encoding,true,Row-level review confirmed the visible source operations for: radix_or_binary_encoding.
526efc9bda4acea3,lsds==sgx-spark,LogBench-O/repos/lsds==sgx-spark/KeyManager.java,142,LOG,info,temporal_format,True,"LOG.info(""Update block keys every "" + StringUtils.formatTime(sleepInterval))",temporal_format,true,Row-level review confirmed the visible source operations for: temporal_format.
5493a4fec536cd23,difi==asic,LogBench-O/repos/difi==asic/AbstractAsicReader.java,67,logger,debug,radix_or_binary_encoding,True,"logger.debug(""Digest: {}"", Base64.encode(digest))",radix_or_binary_encoding,true,Row-level review confirmed the visible source operations for: radix_or_binary_encoding.
549f4ec81072bd0c,kruize==autotune,LogBench-O/repos/kruize==autotune/RunExperiment.java,35,LOGGER,info,explicit_object_rendering,False,"LOGGER.info(EMConstants.Logs.RunExperiment.START_TRANSITION_FOR_RUNID, trailData.getTargetStage().toString(), runId)",explicit_object_rendering,true,Row-level review confirmed the visible source operations for: explicit_object_rendering.
54fc7fd6c8b430a0,apache==phoenix,LogBench-O/repos/apache==phoenix/RendezvousingWorkHandler.java,83,LOGGER,info,structured_rendering,True,LOGGER.info(operationFactory.getPhoenixUtil().getGSON().toJson(stats)),structured_rendering,true,Row-level review confirmed the visible source operations for: structured_rendering.
5692053bdddcfcb5,apache==flink,LogBench-O/repos/apache==flink/GPUDriver.java,182,LOG,warn,structured_rendering;explicit_object_rendering,True,"LOG.warn(
                        ""The output of the discovery script should only contain one single line. Finding {} lines with content: {}. Will only keep the first line."",
                        stdout.length,
                        Arrays.toString(stdout))",structured_rendering;explicit_object_rendering,true,"Row-level review confirmed the visible source operations for: structured_rendering, explicit_object_rendering."
5720582bf4f8d607,codelibs==jcifs,LogBench-O/repos/codelibs==jcifs/Smb2CloseRequest.java,136,log,debug,radix_or_binary_encoding,True,"log.debug(String.format(""Closing %s (%s)"", Hexdump.toHexString(this.fileId), this.fileName))",radix_or_binary_encoding,true,Row-level review confirmed the visible source operations for: radix_or_binary_encoding.
575ffa5f09262b8e,apache==hudi,LogBench-O/repos/apache==hudi/TServerSocketWrapper.java,47,LOG,info,network_address_format,True,"LOG.info(""received connection from "" + socket.getSocket().getInetAddress().getHostAddress()
        + "":"" + socket.getSocket().getPort())",network_address_format,true,Row-level review confirmed the visible source operations for: network_address_format.
57d774e2059f9576,longtai-cn==hippo4j,LogBench-O/repos/longtai-cn==hippo4j/MessageConsume.java,57,log,info,structured_rendering;derived_view,True,"log.info(""Keys: {}, Msg id: {}, Execute time: {} ms, Message: {}"", headers.get(""rocketmq_KEYS""), headers.get(""rocketmq_MESSAGE_ID""), System.currentTimeMillis() - startTime,
                    JSONUtil.toJSONString(message))",structured_rendering;derived_view,true,"Row-level review confirmed the visible source operations for: structured_rendering, derived_view."
593aef6e2f14139d,snuspl==cruise,LogBench-O/repos/snuspl==cruise/HdfsSplitManager.java,65,LOG,log,structured_rendering;explicit_object_rendering,True,"LOG.log(Level.FINEST, ""Splits: {0}"", Arrays.toString(inputSplits))",structured_rendering;explicit_object_rendering,true,"Row-level review confirmed the visible source operations for: structured_rendering, explicit_object_rendering."
59ef6a7e80efcdda,anthonyraymond==joal,LogBench-O/repos/anthonyraymond==joal/AnnounceReEnqueuer.java,46,log,debug,human_readable_format,True,"log.debug(""Enqueue torrent {} in regular queue once again (because it failed)"", announcer.getTorrentInfoHash().getHumanReadable())",human_readable_format,true,Row-level review confirmed the visible source operations for: human_readable_format.
5a0e1d3c35df5e77,wrensecurity==wrenidm,LogBench-O/repos/wrensecurity==wrenidm/AbstractFelixCommandsService.java,67,logger,warn,structured_rendering;explicit_object_rendering,True,"logger.warn(""Unable to execute command: {} with args: {}"", commandName, Arrays.toString(params), e)",structured_rendering;explicit_object_rendering,true,"Row-level review confirmed the visible source operations for: structured_rendering, explicit_object_rendering."
5a9b58fa7be059ff,hartwigmedical==hmftools,LogBench-O/repos/hartwigmedical==hmftools/SomaticKernelDensityPeaks.java,121,PPL_LOGGER,debug,numeric_layout_format,True,"PPL_LOGGER.debug(format(""discovered somatic peak: count(%d) alleleFrequency(%.3f)"", peak.count(), peak.alleleFrequency()))",numeric_layout_format,true,Row-level review confirmed the visible source operations for: numeric_layout_format.
5aa7ca5d0bea8145,tls-attacker==tls-attacker,LogBench-O/repos/tls-attacker==tls-attacker/RSAClientKeyExchangePreparator.java,114,LOGGER,debug,radix_or_binary_encoding,True,"LOGGER.debug(
                ""SerializedPublicKey (encrypted premaster secret): ""
                        + ArrayConverter.bytesToHexString(msg.getPublicKey().getValue()))",radix_or_binary_encoding,true,Row-level review confirmed the visible source operations for: radix_or_binary_encoding.
5c08f43d781eaef7,rhq-project==rhq,LogBench-O/repos/rhq-project==rhq/PingNetServiceComponent.java,95,LOG,trace,network_address_format,True,"LOG.trace(address.getHostAddress() + "" not reachable"", e)",network_address_format,true,Row-level review confirmed the visible source operations for: network_address_format.
5cfc4c7b4d529937,actiontech==dble,LogBench-O/repos/actiontech==dble/StopHeartbeat.java,45,LOGGER,info,temporal_format;explicit_object_rendering,True,"LOGGER.info(s.append(FormatUtil.formatTime(time, 3)).append(""' by manager."").toString())",temporal_format;explicit_object_rendering,true,"Row-level review confirmed the visible source operations for: temporal_format, explicit_object_rendering."
5db2c415722cfd7a,hutai123==dubbox,LogBench-O/repos/hutai123==dubbox/AbstractExchangeGroup.java,72,logger,error,repeated_view,True,"logger.error(t.getMessage(), t)",repeated_view,true,Row-level review confirmed the visible source operations for: repeated_view.
5debacf88000c89c,adobe-consulting-services==acs-aem-commons,LogBench-O/repos/adobe-consulting-services==acs-aem-commons/AbstractHttpCacheFilter.java,95,log,trace,derived_view,True,"log.trace(""Delivered un-cached request [ {} ] in {} ms"",  slingRequest.getResource().getPath(),
                        System.currentTimeMillis() - start)",derived_view,true,Row-level review confirmed the visible source operations for: derived_view.
5e5fc7a33ade0b7c,quartz-scheduler==quartz,LogBench-O/repos/quartz-scheduler==quartz/JTAJobRunShell.java,133,getLog(),debug,,False,"getLog().debug(""UserTransaction marked for rollback only."")",,false,No operation covered by the frozen explicit-source rubric is visible. Preformatted variables and unknown helpers remain outside the lower bound.
5e669ffeecc6d734,openlookeng==hetu-core,LogBench-O/repos/openlookeng==hetu-core/QueryInfoClient.java,70,LOG,warn,,False,"LOG.warn(""Error while getting query info! {}"", response.getStatusMessage())",,false,No operation covered by the frozen explicit-source rubric is visible. Preformatted variables and unknown helpers remain outside the lower bound.
5eb818bd5047eec3,confluentinc==ksql,LogBench-O/repos/confluentinc==ksql/BaseCommand.java,86,getLogger(),info,numeric_layout_format;derived_view,True,"getLogger().info(String.format(""Execution time: %.4f seconds"",
        (System.currentTimeMillis() - startTime) / 1000.))",numeric_layout_format;derived_view,true,"Row-level review confirmed the visible source operations for: numeric_layout_format, derived_view."
5f5f2ac3005e1e72,apache==hive,LogBench-O/repos/apache==hive/ReplicationMetricsMaintTask.java,73,LOG,error,repeated_view,True,"LOG.error(""Exception while trying to delete: "" + e.getMessage(), e)",repeated_view,true,Row-level review confirmed the visible source operations for: repeated_view.
6015e70dff326a7f,mycontroller-org==mycontroller-v1-legacy,LogBench-O/repos/mycontroller-org==mycontroller-v1-legacy/MetricsAggregationJob.java,45,_logger,debug,derived_view,True,"_logger.debug(""Sql Query[{}], Deletion count:{}, Time taken:{} ms"", sqlQuery, deleteCount,
                    System.currentTimeMillis() - startTime)",derived_view,true,Row-level review confirmed the visible source operations for: derived_view.
60418a4ebb1c9719,mulesoft==mule,LogBench-O/repos/mulesoft==mule/TaskSchedulingLoggerDataConsumer.java,42,logger,debug,structured_rendering,True,"logger.debug(gson.toJson(getTaskSchedulingInfoMap(profilingEventType, profilingEventContext)))",structured_rendering,true,Row-level review confirmed the visible source operations for: structured_rendering.
6100ca3eb6bd6177,opennms==opennms,LogBench-O/repos/opennms==opennms/CamelRpcServerRouteManager.java,80,LOG,error,radix_or_binary_encoding,True,"LOG.error(""RpcModule {} ({}) was marked as registered but its route {} cannot be found in the Camel context"", 
                        rpcModule.getId(),
                        Integer.toHexString(rpcModule.hashCode()),
                        routeId
                    )",radix_or_binary_encoding,true,Row-level review confirmed the visible source operations for: radix_or_binary_encoding.
6166571849bf0ce5,tls-attacker==tls-attacker,LogBench-O/repos/tls-attacker==tls-attacker/EsniKeyRecordParser.java,79,LOGGER,debug,radix_or_binary_encoding,True,"LOGGER.debug(""Checksum: "" + ArrayConverter.bytesToHexString(record.getChecksum()))",radix_or_binary_encoding,true,Row-level review confirmed the visible source operations for: radix_or_binary_encoding.
6240ad6a2f423993,tikv==client-java,LogBench-O/repos/tikv==client-java/SlowLogImpl.java,105,logger,warn,temporal_format;explicit_object_rendering,True,"logger.warn(
          String.format(
              ""A request spent %s ms. start=%s, end=%s, SlowLog:%s"",
              durationMS,
              dateFormat.format(startMS),
              dateFormat.format(startMS + durationMS),
              getSlowLogJson().toString()))",temporal_format;explicit_object_rendering,true,"Row-level review confirmed the visible source operations for: temporal_format, explicit_object_rendering."
626e9f3d7d33a3a9,pentaho==pentaho-reporting,LogBench-O/repos/pentaho==pentaho-reporting/ExpressionDeprecationValidator.java,50,logger,warn,,False,"logger.warn( ""Expression metadata is not in deprecated group:"" + expression.getExpressionType() )",,false,No operation covered by the frozen explicit-source rubric is visible. Preformatted variables and unknown helpers remain outside the lower bound.
62f13dc21ce4c5a0,apache==flink,LogBench-O/repos/apache==flink/BashJavaUtils.java,112,LOG,info,human_readable_format,True,"LOG.info(
                ""  Total Process Memory: {}"",
                spec.getTotalProcessMemorySize().toHumanReadableString())",human_readable_format,true,Row-level review confirmed the visible source operations for: human_readable_format.
642803902664ebfb,apache==flink,LogBench-O/repos/apache==flink/BashJavaUtils.java,155,LOG,info,human_readable_format,True,"LOG.info(
                ""          Framework:             {}"",
                flinkMemory.getFrameworkOffHeap().toHumanReadableString())",human_readable_format,true,Row-level review confirmed the visible source operations for: human_readable_format.
64d741f7e04aae52,awslabs==aws-saas-boost,LogBench-O/repos/awslabs==aws-saas-boost/ProcessBillingEvent.java,52,LOGGER,info,derived_view,True,"LOGGER.info(""Constructor init: {}"", System.currentTimeMillis() - startTimeMillis)",derived_view,true,Row-level review confirmed the visible source operations for: derived_view.
650ecb00ef490b04,apache==druid,LogBench-O/repos/apache==druid/AzureTestUtil.java,67,LOG,error,structured_rendering;explicit_object_rendering,True,"LOG.error(""All of %s MUST be set in the environment"", Arrays.toString(envVars))",structured_rendering;explicit_object_rendering,true,"Row-level review confirmed the visible source operations for: structured_rendering, explicit_object_rendering."
651318945a6c2fcb,eugenp==tutorials,LogBench-O/repos/eugenp==tutorials/SimpleProducerConsumerDemonstrator.java,22,log,info,numeric_layout_format,True,"log.info(String.format(""[%s] Value produced: %f%n"", Thread.currentThread().getName(), value))",numeric_layout_format,true,Row-level review confirmed the visible source operations for: numeric_layout_format.
6537dc50e8528f8b,sofastack==sofa-bolt,LogBench-O/repos/sofastack==sofa-bolt/RpcHeartBeatProcessor.java,59,logger,debug,network_address_format,True,"logger.debug(""Send heartbeat ack done! Id={}, to remoteAddr={}"", id,
                                RemotingUtil.parseRemoteAddress(ctx.getChannelContext().channel()))",network_address_format,true,Row-level review confirmed the visible source operations for: network_address_format.
66180ca041ac1fdc,spotify==apollo,LogBench-O/repos/spotify==apollo/RequestLoggingDecorator.java,80,LOGGER,info,temporal_format;explicit_object_rendering,True,"LOGGER.info(""{} - - {} \""{}\"" {} {} \""{}\"" \""{}\"""",
                      ongoingRequest.metadata().remoteAddress()
                          .map(RequestMetadata.HostAndPort::host)
                          .orElse(""-""),
                      DATE_TIME_FORMATTER.format(ZonedDateTime.now()),
                      String.format(""%s %s"", ongoingRequest.request().method(),
                                    ongoingRequest.request().uri()),
                      response.map(r -> String.valueOf(r.status().code())).orElse(""-""),
                      response.flatMap(
                          r -> r.payload().map(p -> String.valueOf(p.size()))).orElse(""-""),
                      ongoingRequest.request().header(""Referer"").orElse(""-""),
                      ongoingRequest.request().header(""User-Agent"").orElse(""-""))",temporal_format;explicit_object_rendering,true,"Row-level review confirmed the visible source operations for: temporal_format, explicit_object_rendering."
6639a520bbb634d5,jamesagnew==hapi-fhir,LogBench-O/repos/jamesagnew==hapi-fhir/DelayListener.java,53,ourLog,error,repeated_view,True,"ourLog.error(theE.getMessage(), theE)",repeated_view,true,Row-level review confirmed the visible source operations for: repeated_view.
668414b8055492b2,belaban==jgroups,LogBench-O/repos/belaban==jgroups/SimplifiedTransferQueueBundler.java,96,log,error,,False,"log.error(""Failed to send message"", e)",,false,No operation covered by the frozen explicit-source rubric is visible. Preformatted variables and unknown helpers remain outside the lower bound.
677e14443e38645f,apache==uima-uimaj,LogBench-O/repos/apache==uima-uimaj/LoggerPrintStream.java,54,logger,log,explicit_object_rendering,False,"logger.log(level, buf.toString())",explicit_object_rendering,true,Row-level review confirmed the visible source operations for: explicit_object_rendering.
678779af90db181f,anthonyraymond==joal,LogBench-O/repos/anthonyraymond==joal/AnnounceEventPublisher.java,46,log,debug,human_readable_format,True,"log.debug(""Publish FailedToAnnounceEvent event for [{}]"", announcer.getTorrentInfoHash().getHumanReadable())",human_readable_format,true,Row-level review confirmed the visible source operations for: human_readable_format.
688821ccd6ff8551,zhkl0228==unidbg,LogBench-O/repos/zhkl0228==unidbg/DalvikModule.java,36,log,debug,radix_or_binary_encoding;derived_view,True,"log.debug(""Call ["" + module.name + ""]JNI_OnLoad finished: version=0x"" + Integer.toHexString(version) + "", offset="" + (System.currentTimeMillis() - start) + ""ms"")",radix_or_binary_encoding;derived_view,true,"Row-level review confirmed the visible source operations for: radix_or_binary_encoding, derived_view."
68d1b9abec1e6aa8,hartwigmedical==hmftools,LogBench-O/repos/hartwigmedical==hmftools/AucCalc.java,129,LOGGER,debug,numeric_layout_format,True,"LOGGER.debug(String.format(""slow perc(con=%.4f dis=%.4f tied=%.4f) auc(%.4f)"", percConcordant, percDiscordant, percTied, auc))",numeric_layout_format,true,Row-level review confirmed the visible source operations for: numeric_layout_format.
691fb7480d51f12e,apache==kylin,LogBench-O/repos/apache==kylin/ScannerWorker.java,81,logger,error,structured_rendering;explicit_object_rendering,True,"logger.error(""Caught an impossible NPE, args are "" + Arrays.toString(inputArgs), new Exception())",structured_rendering;explicit_object_rendering,true,"Row-level review confirmed the visible source operations for: structured_rendering, explicit_object_rendering."
69d6a3b1f612484a,atlassian-labs==atlassian-slack-integration-server,LogBench-O/repos/atlassian-labs==atlassian-slack-integration-server/RateLimitRetryInterceptor.java,98,log,warn,repeated_view,True,"log.warn(""Error awaiting for Retry-After: {}"", e.getMessage(), e)",repeated_view,true,Row-level review confirmed the visible source operations for: repeated_view.
6a6a4f23ddacb602,openiotorg==openiot,LogBench-O/repos/openiotorg==openiot/SQLViewQueryRewriter.java,110,logger,error,repeated_view,True,"logger.error(e.getMessage(), e)",repeated_view,true,Row-level review confirmed the visible source operations for: repeated_view.
6aab88b18152c79b,seedstack==seed,LogBench-O/repos/seedstack==seed/KernelManager.java,69,LOGGER,info,derived_view,True,"LOGGER.info(""{} started in {} second(s)"", getApplicationName(kernel),
                    (System.currentTimeMillis() - startTime) / 1000d)",derived_view,true,Row-level review confirmed the visible source operations for: derived_view.
6b0569a094c40360,apache==ozone,LogBench-O/repos/apache==ozone/SchedulerService.java,82,LOG,warn,repeated_view,True,"LOG.warn(ex.getMessage(), ex)",repeated_view,true,Row-level review confirmed the visible source operations for: repeated_view.
6be5dfb09bb8f391,tls-attacker==tls-attacker,LogBench-O/repos/tls-attacker==tls-attacker/CoreClientHelloPreparator.java,128,LOGGER,debug,radix_or_binary_encoding,True,"LOGGER.debug(
                ""ProtocolVersion: ""
                        + ArrayConverter.bytesToHexString(msg.getProtocolVersion().getValue()))",radix_or_binary_encoding,true,Row-level review confirmed the visible source operations for: radix_or_binary_encoding.
6d6a12b55e58dbec,zerocracy==farm,LogBench-O/repos/zerocracy==farm/Election.java,163,Logger,debug,structured_rendering,True,"Logger.debug(
                    ltag,
                    ""Election votes metrics (job=%s, size(logins)=%d):\n  %s"",
                    this.job,
                    new LengthOf(this.logins).intValue(),
                    String.join(
                        ""\n  "",
                        new Mapped<>(Votes::toString, this.voters.keySet())
                    )
                )",structured_rendering,true,Row-level review confirmed the visible source operations for: structured_rendering.
6d6bca0bf1bd4dcc,rapiddweller==rapiddweller-benerator-ce,LogBench-O/repos/rapiddweller==rapiddweller-benerator-ce/PreParseGenerateStatement.java,52,logger,info,structured_rendering,True,"logger.info(""Created type descriptors: {}"",
                    typeDescriptors.stream().map(FeatureDescriptor::getName).collect(Collectors.joining("","")))",structured_rendering,true,Row-level review confirmed the visible source operations for: structured_rendering.
6d7f5dcc4cf8f5fe,88250==latke,LogBench-O/repos/88250==latke/Templates.java,69,LOGGER,log,,False,"LOGGER.log(Level.TRACE, ""Template has expression[nodeName={}, expression={}]"",
                    templateElement.getNodeName(), expression)",,false,No operation covered by the frozen explicit-source rubric is visible. Preformatted variables and unknown helpers remain outside the lower bound.
6de58c433bf8647d,gbif==pipelines,LogBench-O/repos/gbif==pipelines/CleanerCallback.java,112,log,info,,False,"log.info(""Mark DB record as deleted for validation {}"", validationKey)",,false,No operation covered by the frozen explicit-source rubric is visible. Preformatted variables and unknown helpers remain outside the lower bound.
6dfe9f196ec2e7bf,anthonyraymond==joal,LogBench-O/repos/anthonyraymond==joal/BandwidthDispatcherNotifier.java,49,log,debug,human_readable_format,True,"log.debug(""Unregister [{}] from bandwidth dispatcher"", announcer.getTorrentInfoHash().getHumanReadable())",human_readable_format,true,Row-level review confirmed the visible source operations for: human_readable_format.
6ecfc28cb9467620,apache==submarine,LogBench-O/repos/apache==submarine/TeamMemberService.java,52,LOG,info,explicit_object_rendering,False,"LOG.info(""insertSelective({})"", teamMember.toString())",explicit_object_rendering,true,Row-level review confirmed the visible source operations for: explicit_object_rendering.
6f4c7bb6182fd50d,opennms==opennms,LogBench-O/repos/opennms==opennms/TimeTetraLldpLocPortGetter.java,78,LOG,debug,,False,"LOG.debug(""getLldpLink: port id subtype is null or invalid for lldp ifindex {} and TmnxLldpRemLocalDestMACAddress {}"",
                    lldpLink.getLldpPortIfindex(),
                    timeTetraLldpRemRow.getTmnxLldpRemLocalDestMACAddress())",,false,No operation covered by the frozen explicit-source rubric is visible. Preformatted variables and unknown helpers remain outside the lower bound.
6f660420d30a5eae,hartwigmedical==hmftools,LogBench-O/repos/hartwigmedical==hmftools/RegionSlicer.java,89,BT_LOGGER,info,numeric_layout_format,True,"BT_LOGGER.info(""Regions slice complete, mins({})"", format(""%.3f"", timeTakeMins))",numeric_layout_format,true,Row-level review confirmed the visible source operations for: numeric_layout_format.
716d535abd0639d5,oneops==oneops,LogBench-O/repos/oneops==oneops/DNSUtil.java,72,logger,warn,network_address_format,True,"logger.warn(""Skipping IPv6 address: "" + addr.getHostAddress())",network_address_format,true,Row-level review confirmed the visible source operations for: network_address_format.
726dd97a96e8fb36,anthonyraymond==joal,LogBench-O/repos/anthonyraymond==joal/Announcer.java,79,log,warn,human_readable_format,True,"log.warn(""[{}] has failed to announce {} times in a row"", this.torrent.getTorrentInfoHash().getHumanReadable(), this.consecutiveFails)",human_readable_format,true,Row-level review confirmed the visible source operations for: human_readable_format.
7314d5472cc74d46,apache==hadoop,LogBench-O/repos/apache==hadoop/ClusterSummarizer.java,62,LOG,info,temporal_format,True,"LOG.info(""Error in processing cluster status at "" 
               + FastDateFormat.getInstance().format(time))",temporal_format,true,Row-level review confirmed the visible source operations for: temporal_format.
742248e7541f1c72,knightliao==disconf,LogBench-O/repos/knightliao==disconf/ResilientActiveKeyValueStore.java,180,LOGGER,warn,explicit_object_rendering,False,"LOGGER.warn(""exists connect lost... will retry "" + retries + ""\t"" + e.toString())",explicit_object_rendering,true,Row-level review confirmed the visible source operations for: explicit_object_rendering.
7437c0102bf18b18,polardb==polardbx-sql,LogBench-O/repos/polardb==polardbx-sql/QueryBloomFilter.java,113,logger,info,numeric_layout_format,True,"logger.info(""bloom filter finished: "" + id
                + "", merge count: "" + mergeCount
                + "", first value: "" + String.format(""%x"", mergeInfo.getData()[0]))",numeric_layout_format,true,Row-level review confirmed the visible source operations for: numeric_layout_format.
748b453569604d8e,yangfuhai==jboot,LogBench-O/repos/yangfuhai==jboot/ActionCache.java,80,LOG,error,explicit_object_rendering;repeated_view,True,"LOG.error(ex.toString(), ex)",explicit_object_rendering;repeated_view,true,"Row-level review confirmed the visible source operations for: explicit_object_rendering, repeated_view."
756a9187665ea377,knightliao==disconf,LogBench-O/repos/knightliao==disconf/ConfigReadController.java,199,LOG,info,explicit_object_rendering,False,LOG.info(confListForm.toString()),explicit_object_rendering,true,Row-level review confirmed the visible source operations for: explicit_object_rendering.
763f0f367b870e6d,hartwigmedical==hmftools,LogBench-O/repos/hartwigmedical==hmftools/RegionTask.java,97,SG_LOGGER,warn,numeric_layout_format,True,"SG_LOGGER.warn(""region({}) candidate({}) reads({}) processing time({})"",
                    mRegion, initialCandidates.size(), mCandidateState.totalReadsProcessed(),
                    String.format(""%.3f"", mPerfCounters.get(PC_CANDIDATES).getLastTime()))",numeric_layout_format,true,Row-level review confirmed the visible source operations for: numeric_layout_format.
768ff7ca8646210a,anthonyraymond==joal,LogBench-O/repos/anthonyraymond==joal/BandwidthDispatcherNotifier.java,24,log,debug,human_readable_format,True,"log.debug(""Register [{}] in bandwidth dispatcher and update stats"", announcer.getTorrentInfoHash().getHumanReadable())",human_readable_format,true,Row-level review confirmed the visible source operations for: human_readable_format.
76aa5f33f9235907,wso2==micro-integrator,LogBench-O/repos/wso2==micro-integrator/StartupFinalizer.java,128,log,info,numeric_layout_format,True,"log.info(String.format(""WSO2 Micro Integrator started in %.2f seconds"", startupTime))",numeric_layout_format,true,Row-level review confirmed the visible source operations for: numeric_layout_format.
76c668111febe102,apache==bookkeeper,LogBench-O/repos/apache==bookkeeper/LocationsIndexRebuildOp.java,141,LOG,info,radix_or_binary_encoding,True,"LOG.info(""Completed scanning of log {}.log -- {} / {}"", Long.toHexString(entryLogId),
                        completedEntryLogs, totalEntryLogs)",radix_or_binary_encoding,true,Row-level review confirmed the visible source operations for: radix_or_binary_encoding.
794881bcc6195b08,admin-ch==covidcertificate-management-service,LogBench-O/repos/admin-ch==covidcertificate-management-service/CleanupScheduler.java,56,log,info,temporal_format,True,"log.info(""CLEANUP | Start - records older than >{}<"", toDeleteBeforeDate.format(DateTimeFormatter.ISO_DATE))",temporal_format,true,Row-level review confirmed the visible source operations for: temporal_format.
795bcd1beca2bfaf,dogtagpki==pki,LogBench-O/repos/dogtagpki==pki/InstallLoadGP211APDU.java,17,logger,debug,radix_or_binary_encoding,True,"logger.debug(""InstlalLoadGP211APDU: packageAID: "" + packageAID.toHexString() + "" aid size: "" + packageAID.size() + "" fileLen: "" + fileLen)",radix_or_binary_encoding,true,Row-level review confirmed the visible source operations for: radix_or_binary_encoding.
7a29ba2010099b74,netease-im==camellia,LogBench-O/repos/netease-im==camellia/InetUtils.java,83,logger,trace,network_address_format,True,"logger.trace(""Ignoring address: "" + address.getHostAddress())",network_address_format,true,Row-level review confirmed the visible source operations for: network_address_format.
7c9018ce5c8e9013,addthis==hydra,LogBench-O/repos/addthis==hydra/ProcessExecutor.java,109,log,error,structured_rendering;explicit_object_rendering;repeated_view,True,"log.error(""Process '{}' was killed. It did not complete after {} seconds. "" +
                          ""Stdout was '{}' and stderr was '{}'"", Arrays.toString(cmdarray),
                          wait, stderr, stderr)",structured_rendering;explicit_object_rendering;repeated_view,true,"Row-level review confirmed the visible source operations for: structured_rendering, explicit_object_rendering, repeated_view."
7cac1b63819bc3e1,mgormley==pacaya,LogBench-O/repos/mgormley==pacaya/ModuleObjective.java,101,log,trace,numeric_layout_format,True,"log.trace(String.format(""Timers avg (ms): forward=%.1f backward=%.1f"", 
                    forwardTimer.avgMs(), backwardTimer.avgMs()))",numeric_layout_format,true,Row-level review confirmed the visible source operations for: numeric_layout_format.
7cd42f79d4633f7b,gbif==pipelines,LogBench-O/repos/gbif==pipelines/ALACollectoryServiceClient.java,51,log,error,repeated_view,True,"log.error(""Exception thrown when calling the collectory. "" + e.getMessage(), e)",repeated_view,true,Row-level review confirmed the visible source operations for: repeated_view.
7d0d48ec6ffaf208,zhongfucheng3y==austin,LogBench-O/repos/zhongfucheng3y==austin/MiniProgramAccountHandler.java,46,log,info,structured_rendering,True,"log.info(""MiniProgramAccountHandler#handler fail! param:{},e:{}"", JSON.toJSONString(taskInfo), Throwables.getStackTraceAsString(e))",structured_rendering,true,Row-level review confirmed the visible source operations for: structured_rendering.
7d786bddbbfc18cd,sofastack==sofa-bolt,LogBench-O/repos/sofastack==sofa-bolt/RpcResponseProcessor.java,79,logger,warn,network_address_format,True,"logger
                    .warn(""Cannot find InvokeFuture, maybe already timeout, id={}, from={} "",
                        cmd.getId(),
                        RemotingUtil.parseRemoteAddress(ctx.getChannelContext().channel()))",network_address_format,true,Row-level review confirmed the visible source operations for: network_address_format.
7dea56bf7bb13c96,networknt==light-4j,LogBench-O/repos/networknt==light-4j/SanitizerHandler.java,90,logger,trace,explicit_object_rendering,False,"logger.trace(""Encode header "" + values.getHeaderName().toString() + "" as it is not in the ignore list and the encode list is null."")",explicit_object_rendering,true,Row-level review confirmed the visible source operations for: explicit_object_rendering.
7ef2895fe7600f19,restcomm==media-core,LogBench-O/repos/restcomm==media-core/MgcpMessageEncoder.java,61,log,debug,explicit_object_rendering,False,"log.debug(""Sending outgoing message to "" + recipient.getHostString() + ""\n"" + msg.toString())",explicit_object_rendering;network_address_format,true,Java getHostString explicitly renders the recipient host in addition to the detected message toString call.
7f16eeef5d03dbb6,castorini==anserini,LogBench-O/repos/castorini==anserini/Cord19BaseDocument.java,64,LOG,error,explicit_object_rendering,False,"LOG.error(""Error writing record to JSON "" + record.toString())",explicit_object_rendering,true,Row-level review confirmed the visible source operations for: explicit_object_rendering.
7f74e0340a1f0878,ctripcorp==x-pipe,LogBench-O/repos/ctripcorp==x-pipe/UnhealthyClusterChecker.java,56,logger,info,,False,"logger.info(""[doAction] begin"")",,false,No operation covered by the frozen explicit-source rubric is visible. Preformatted variables and unknown helpers remain outside the lower bound.
7fb07f34a1bf2944,jbosstm==narayana,LogBench-O/repos/jbosstm==narayana/TestClient.java,104,log,info,explicit_object_rendering,False,"log.info(""transaction ID= "" + userTransaction.toString())",explicit_object_rendering,true,Row-level review confirmed the visible source operations for: explicit_object_rendering.
808a83dea03cee56,apache==flink,LogBench-O/repos/apache==flink/BashJavaUtils.java,115,LOG,info,human_readable_format,True,"LOG.info(
                ""    Total Flink Memory: {}"",
                flinkMemory.getTotalFlinkMemorySize().toHumanReadableString())",human_readable_format,true,Row-level review confirmed the visible source operations for: human_readable_format.
80cb2b8e51d8c9df,astubbs==spring-modules,LogBench-O/repos/astubbs==spring-modules/LoggingDispatchingErrorHandler.java,87,logger,debug,repeated_view,True,"logger.debug(getErrorMessage(error, email), error)",repeated_view,true,Row-level review confirmed the visible source operations for: repeated_view.
8297926108ad7139,mabaiwan==hippo4j,LogBench-O/repos/mabaiwan==hippo4j/RemoveThreadPoolAdapterCache.java,35,log,info,structured_rendering,True,"log.info(""Remove thread-pool adapter cache, Execute client hook function. Req: {}"", JSONUtil.toJSONString(requestParam))",structured_rendering,true,Row-level review confirmed the visible source operations for: structured_rendering.
833cbf32a11377ec,softwaremill==softwaremill-common,LogBench-O/repos/softwaremill==softwaremill-common/AbstractJBossAS.java,42,log,info,structured_rendering;explicit_object_rendering,True,"log.info(""Starting JBoss server with command: "" + Arrays.toString(startCommand))",structured_rendering;explicit_object_rendering,true,"Row-level review confirmed the visible source operations for: structured_rendering, explicit_object_rendering."
83b8d98335d6e51f,rhq-project==rhq,LogBench-O/repos/rhq-project==rhq/StorageClusterMonitor.java,34,log,info,network_address_format,True,"log.info(""Storage node at "" + address.getHostAddress() + "" is up"")",network_address_format,true,Row-level review confirmed the visible source operations for: network_address_format.
83cdb0cfb236b2ce,bwssytems==ha-bridge,LogBench-O/repos/bwssytems==ha-bridge/TestSP2Device.java,27,log,info,radix_or_binary_encoding,True,"log.info(""sendCmdPkt called with "" + HexLibrary.encodeHexString(aCmd.getPayload().getData()))",radix_or_binary_encoding,true,Row-level review confirmed the visible source operations for: radix_or_binary_encoding.
853208c558f8fb67,anthonyraymond==joal,LogBench-O/repos/anthonyraymond==joal/AnnounceReEnqueuer.java,34,log,debug,human_readable_format,True,"log.debug(""Enqueue torrent {} in start queue once again (because it failed)"", announcer.getTorrentInfoHash().getHumanReadable())",human_readable_format,true,Row-level review confirmed the visible source operations for: human_readable_format.
85c8f43aeb6c0c34,mycatapache==mycat-jcache,LogBench-O/repos/mycatapache==mycat-jcache/RedisIOHandler.java,153,logger,debug,structured_rendering;explicit_object_rendering,True,logger.debug(Arrays.toString(redisMessage.cmdParams())),structured_rendering;explicit_object_rendering,true,"Row-level review confirmed the visible source operations for: structured_rendering, explicit_object_rendering."
86801bd4ab0771c0,admin-ch==covidcertificate-management-service,LogBench-O/repos/admin-ch==covidcertificate-management-service/RapidTestImportScheduler.java,34,log,info,temporal_format,True,"log.info(""Start Importing rapid tests at {}"", jobDateTime.format(DateTimeFormatter.ISO_DATE_TIME))",temporal_format,true,Row-level review confirmed the visible source operations for: temporal_format.
86c877b47de5479a,isuwang==isuwang-soa,LogBench-O/repos/isuwang==isuwang-soa/ZookeeperRegistryContainer.java,63,LOGGER,error,repeated_view,True,"LOGGER.error(e.getMessage(), e)",repeated_view,true,Row-level review confirmed the visible source operations for: repeated_view.
86c8cf5d26dfc823,yugabyte==yb-sample-apps,LogBench-O/repos/yugabyte==yb-sample-apps/RedisKeyValue.java,98,LOG,debug,explicit_object_rendering,False,"LOG.debug(""Wrote key: "" + key.toString() + "", return code: "" + retVal)",explicit_object_rendering,true,Row-level review confirmed the visible source operations for: explicit_object_rendering.
876de12033d069f5,apache==flink,LogBench-O/repos/apache==flink/BashJavaUtils.java,136,LOG,info,human_readable_format,True,"LOG.info(
                ""    Total Flink Memory:          {}"",
                flinkMemory.getTotalFlinkMemorySize().toHumanReadableString())",human_readable_format,true,Row-level review confirmed the visible source operations for: human_readable_format.
88149a05eff5a776,lsds==sgx-spark,LogBench-O/repos/lsds==sgx-spark/ActiveStandbyElectorTestUtil.java,56,LOG,info,radix_or_binary_encoding,True,"LOG.info(""Cur data: "" + StringUtils.byteToHexString(data))",radix_or_binary_encoding,true,Row-level review confirmed the visible source operations for: radix_or_binary_encoding.
89983f404d0bc7a8,jmangos==jmangos,LogBench-O/repos/jmangos==jmangos/PacketFrameDecoder.java,85,log,info,numeric_layout_format,True,"log.info(String.format(
                ""[RECIVE PACKET] :  0x%02X - %s size :  0x%02X, readeble size: 0x%02X"", opcode,
                OpcodeTable.getOpcode((int) opcode), size, message.readableBytes()))",numeric_layout_format,true,Row-level review confirmed the visible source operations for: numeric_layout_format.
89d461e77c5b6b9f,rws==testy,LogBench-O/repos/rws==testy/IExplorerConfigReader.java,103,LOGGER,info,explicit_object_rendering,False,"LOGGER.info(""The properties was load with success: {}"", toString())",explicit_object_rendering,true,Row-level review confirmed the visible source operations for: explicit_object_rendering.
8a4376c84f67c14f,apache==hive,LogBench-O/repos/apache==hive/MetricSink.java,115,LOG,warn,,False,"LOG.warn(""Error: RM_PROGRESS limit exceeded.\n"" +
                  ""RM_PROGRESS: "" + progressJson + "" overwritten by "" + RM_PROGRESS_COLUMN_WIDTH_EXCEEDS_MSG)",,false,No operation covered by the frozen explicit-source rubric is visible. Preformatted variables and unknown helpers remain outside the lower bound.
8aab64f4bf699386,sofastack==sofa-bolt,LogBench-O/repos/sofastack==sofa-bolt/RpcHeartbeatTrigger.java,73,logger,error,network_address_format,True,"logger.error(
                    ""Heartbeat failed for {} times, close the connection from client side: {} "",
                    heartbeatTimes, RemotingUtil.parseRemoteAddress(ctx.channel()))",network_address_format,true,Row-level review confirmed the visible source operations for: network_address_format.
8b799889625adf88,apsaradb==galaxysql,LogBench-O/repos/apsaradb==galaxysql/QueryBloomFilter.java,113,logger,info,numeric_layout_format,True,"logger.info(""bloom filter finished: "" + id
                + "", merge count: "" + mergeCount
                + "", first value: "" + String.format(""%x"", mergeInfo.getData()[0]))",numeric_layout_format,true,Row-level review confirmed the visible source operations for: numeric_layout_format.
8bb089a457b498a6,eugenp==tutorials,LogBench-O/repos/eugenp==tutorials/BaeldungApp.java,71,log,info,network_address_format;repeated_view,True,"log.info(""\n----------------------------------------------------------\n\t"" +
                ""Application '{}' is running! Access URLs:\n\t"" +
                ""Local: \t\t{}://localhost:{}\n\t"" +
                ""External: \t{}://{}:{}\n\t"" +
                ""Profile(s): \t{}\n----------------------------------------------------------"",
            env.getProperty(""spring.application.name""),
            protocol,
            env.getProperty(""server.port""),
            protocol,
            InetAddress.getLocalHost().getHostAddress(),
            env.getProperty(""server.port""),
            env.getActiveProfiles())",network_address_format;repeated_view,true,"Row-level review confirmed the visible source operations for: network_address_format, repeated_view."
8d32754acef7a8d8,datacleaner==datacleaner,LogBench-O/repos/datacleaner==datacleaner/FuseStreamsComponent.java,114,logger,debug,structured_rendering;explicit_object_rendering,True,"logger.debug(""Fused values for row: {}"", Arrays.toString(output))",structured_rendering;explicit_object_rendering,true,"Row-level review confirmed the visible source operations for: structured_rendering, explicit_object_rendering."
8d99f6137f58e919,resthub==resthub-spring-stack,LogBench-O/repos/resthub==resthub-spring-stack/DefaultLogStrategy.java,27,LOGGER,warn,temporal_format,True,"LOGGER.warn(""[{}] {} {}"", log.browser, DATE_FORMAT.format(log.time), log.message)",temporal_format,true,Row-level review confirmed the visible source operations for: temporal_format.
8dc5e79a8985fc19,netease-im==camellia,LogBench-O/repos/netease-im==camellia/RedisHBaseUtils.java,185,logger,warn,human_readable_format,True,"logger.warn(""hBaseAsyncWriteExecutor submit fail, write sync for {}, key = {}"", method, Utils.bytesToString(key))",human_readable_format,true,Row-level review confirmed the visible source operations for: human_readable_format.
8dc8c6c2266b417e,jmangos==jmangos,LogBench-O/repos/jmangos==jmangos/ClientPacketHandler.java,93,log,warn,numeric_layout_format;explicit_object_rendering,True,"log.warn(String.format(""[UNKNOWN PACKET] : received 0x%03X, state=%s %n"", id,
                state.toString()))",numeric_layout_format;explicit_object_rendering,true,"Row-level review confirmed the visible source operations for: numeric_layout_format, explicit_object_rendering."
8e65f2bb6e7cac22,hypfvieh==dbus-java,LogBench-O/repos/hypfvieh==dbus-java/MessageFactory.java,40,LOGGER,trace,radix_or_binary_encoding,True,LOGGER.trace(Hexdump.format(_header)),radix_or_binary_encoding,true,Row-level review confirmed the visible source operations for: radix_or_binary_encoding.
8fe605728c61668b,finos==legend-engine,LogBench-O/repos/finos==legend-engine/TestConnectionProviderApi.java,75,LOGGER,info,explicit_object_rendering,False,"LOGGER.info(new LogInfo(profiles, LoggingEventType.EXECUTION_PLAN_EXEC_START, """").toString())",explicit_object_rendering,true,Row-level review confirmed the visible source operations for: explicit_object_rendering.
90fcfa10cef92fff,fcrepo3==fcrepo,LogBench-O/repos/fcrepo3==fcrepo/GetDatastreamsHandler.java,112,logger,error,repeated_view,True,"logger.error(e.getMessage(), e)",repeated_view,true,Row-level review confirmed the visible source operations for: repeated_view.
91c7042d6bdb0e8b,movsim==movsim,LogBench-O/repos/movsim==movsim/TrafficSink.java,164,LOG,debug,derived_view,True,"LOG.debug(""sink in roadSegment with userId={} has measured outflow of {} over all lanes "",
                    roadSegment.userId(), measuredOutflow * Units.INVS_TO_INVH)",derived_view,true,Row-level review confirmed the visible source operations for: derived_view.
921692830d8e8e81,nuls-io==nuls-v2,LogBench-O/repos/nuls-io==nuls-v2/VersionChangeNotifier.java,56,ContextManager.getContext(chainId).getLogger(),info,derived_view,True,"ContextManager.getContext(chainId).getLogger().info(""****total notify time-{}ms"", (end - begin) / 1000000)",derived_view,true,Row-level review confirmed the visible source operations for: derived_view.
925e1a2b3aa0b9b6,myrobotlab==myrobotlab,LogBench-O/repos/myrobotlab==myrobotlab/Interpolator.java,86,log,debug,numeric_layout_format,True,"log.debug(String.format(""%s deltaTime %d ms new position %.2f"", move.name, deltaTime, interPos))",numeric_layout_format,true,Row-level review confirmed the visible source operations for: numeric_layout_format.
9388c806bcd8b164,owasp==securityshepherd,LogBench-O/repos/owasp==securityshepherd/DirectObject1.java,120,log,fatal,explicit_object_rendering,False,"log.fatal(levelName + "" - "" + e.toString())",explicit_object_rendering,true,Row-level review confirmed the visible source operations for: explicit_object_rendering.
939044efab457f83,jmri==jmri,LogBench-O/repos/jmri==jmri/EasyDccTurnout.java,83,log,debug,radix_or_binary_encoding;derived_view,True,"log.debug(""packet: {} {} {}"", Integer.toHexString(0xFF & bl[0]), Integer.toHexString(0xFF & bl[1]), Integer.toHexString(0xFF & bl[2]))",radix_or_binary_encoding;derived_view,true,"Row-level review confirmed the visible source operations for: radix_or_binary_encoding, derived_view."
93b66662cf37c887,qaprosoft==carina,LogBench-O/repos/qaprosoft==carina/FtpUtils.java,91,LOGGER,info,derived_view,True,"LOGGER.info(""Uploaded video in "" + (System.currentTimeMillis() - start) + "" msecs for: "" + fileName)",derived_view,true,Row-level review confirmed the visible source operations for: derived_view.
93e0c00cfda390d7,apache==flink,LogBench-O/repos/apache==flink/BashJavaUtils.java,121,LOG,info,human_readable_format,True,"LOG.info(
                ""      Off-heap:         {}"",
                flinkMemory.getJvmDirectMemorySize().toHumanReadableString())",human_readable_format,true,Row-level review confirmed the visible source operations for: human_readable_format.
94579184cdd4347b,personium==personium-core,LogBench-O/repos/personium==personium-core/RuleEventSubscribeRunner.java,63,log,info,,False,"log.info(""Received Message null"")",,false,No operation covered by the frozen explicit-source rubric is visible. Preformatted variables and unknown helpers remain outside the lower bound.
94dbca4e3aa8d9bb,pi4j==pi4j-v2,LogBench-O/repos/pi4j==pi4j-v2/MockSpi.java,176,logger,info,,False,"logger.info(""] :: READ (0x"")",,false,No operation covered by the frozen explicit-source rubric is visible. Preformatted variables and unknown helpers remain outside the lower bound.
950ede326b9f1436,apache==flink,LogBench-O/repos/apache==flink/BashJavaUtils.java,164,LOG,info,human_readable_format,True,"LOG.info(
                ""    JVM Metaspace:               {}"",
                spec.getJvmMetaspaceSize().toHumanReadableString())",human_readable_format,true,Row-level review confirmed the visible source operations for: human_readable_format.
961b92a69da0e712,finos==waltz,LogBench-O/repos/finos==waltz/DynamicJSONFormatter.java,59,LOG,info,derived_view,True,"LOG.info(
                    ""Generated JSON data {} in {} ms response. Response payload sz={} bytes"",
                    id,
                    finish-start,
                    response.length)",derived_view,true,Row-level review confirmed the visible source operations for: derived_view.
965d204401fb412a,matsim-org==matsim-libs,LogBench-O/repos/matsim-org==matsim-libs/BenensonDynLeg.java,100,logger,error,derived_view,True,"logger.error(""vehicle "" + this.vehicleId + "" tries in PHASE3 to park on link "" + this.currentLinkId + "", "" +
                    (int) (timer.getTimeOfDay() - this.firstDestinationLinkEnterTime) / 60 + "":"" + (int) (timer.getTimeOfDay() - this.firstDestinationLinkEnterTime) % 60
                    + "" min after passing destination. Result: "" + hasFoundParking)",derived_view,true,Row-level review confirmed the visible source operations for: derived_view.
972975f462ba2ede,resthub==resthub-spring-stack,LogBench-O/repos/resthub==resthub-spring-stack/DefaultLogStrategy.java,37,LOGGER,debug,temporal_format,True,"LOGGER.debug(""[{}] {} {}"", log.browser, DATE_FORMAT.format(log.time), log.message)",temporal_format,true,Row-level review confirmed the visible source operations for: temporal_format.
97cb35979883fee3,apache==activemq,LogBench-O/repos/apache==activemq/MBeanBridgeDestination.java,157,LOG,debug,repeated_view,True,"LOG.debug(""Network bridge could not be unregistered in JMX: {}"", e.getMessage(), e)",repeated_view,true,Row-level review confirmed the visible source operations for: repeated_view.
97da087fcbdf95c9,geonetwork==core-geonetwork,LogBench-O/repos/geonetwork==core-geonetwork/ScreenShotMethods.java,40,ScreenShotMethods.LOGGER,info,temporal_format,True,"ScreenShotMethods.LOGGER.info(""****\n"" + path + ""/screenshot"" + dateFormat.format(cal.getTime()) + "".png"")",temporal_format,true,Row-level review confirmed the visible source operations for: temporal_format.
98963c81c579920e,sofastack==sofa-bolt,LogBench-O/repos/sofastack==sofa-bolt/RpcHeartbeatTrigger.java,110,logger,error,network_address_format,True,"logger.error(""Heartbeat timeout! The address is {}"",
                                    RemotingUtil.parseRemoteAddress(ctx.channel()))",network_address_format,true,Row-level review confirmed the visible source operations for: network_address_format.
99129a7569279ba0,admin-ch==covidcertificate-management-service,LogBench-O/repos/admin-ch==covidcertificate-management-service/VaccineImportScheduler.java,26,log,info,temporal_format,True,"log.info(""Starting check of new vaccine value sets at {}"",
                jobDateTime.format(DateTimeFormatter.ISO_DATE_TIME))",temporal_format,true,Row-level review confirmed the visible source operations for: temporal_format.
993c5fd6db2eca9b,apache==kylin,LogBench-O/repos/apache==kylin/CompressionUtils.java,71,logger,debug,derived_view,True,"logger.debug(""Original: "" + data.length + "" bytes. "" + ""Decompressed: "" + output.length + "" bytes. Time: "" + (System.currentTimeMillis() - startTime))",derived_view,true,Row-level review confirmed the visible source operations for: derived_view.
99fb812f70dd26e4,pinpoint-apm==pinpoint,LogBench-O/repos/pinpoint-apm==pinpoint/BaseUDPHandlerFactory.java,132,logger,debug,network_address_format,True,"logger.debug(""UDP Connected ignore address. IP : "" + remoteAddress.getHostAddress())",network_address_format,true,Row-level review confirmed the visible source operations for: network_address_format.
9ac4637cc0f4673f,dspace==dspace,LogBench-O/repos/dspace==dspace/SubmissionUploadRestRepository.java,80,log,error,repeated_view,True,"log.error(e.getMessage(), e)",repeated_view,true,Row-level review confirmed the visible source operations for: repeated_view.
9aff0438360d6c8e,648540858==wvp-gb28181-pro,LogBench-O/repos/648540858==wvp-gb28181-pro/Jt808Decoder.java,31,log,info,radix_or_binary_encoding,True,"log.info(""> {} hex:{}"", session, ByteBufUtil.hexDump(in))",radix_or_binary_encoding,true,Row-level review confirmed the visible source operations for: radix_or_binary_encoding.
9bd78a097d5fcc1a,connect-solution==connect,LogBench-O/repos/connect-solution==connect/ErrorEventBuilder.java,84,LOG,trace,repeated_view,True,"LOG.trace(""Could not build description: {}"", e.getLocalizedMessage(), e)",repeated_view,true,Row-level review confirmed the visible source operations for: repeated_view.
9c0fd6e3c68e241f,resteasy==resteasy,LogBench-O/repos/resteasy==resteasy/ClassNode.java,55,logger,log,repeated_view,True,"logger.log(""MATCH_RUNTIME_RESOURCE"",
                            expression,
                            expression.getRegex(),
                            expression.getRoot().root,
                            expression.getPathExpression())",repeated_view,true,Row-level review confirmed the visible source operations for: repeated_view.
9c11921ad0eddd5a,bwssytems==ha-bridge,LogBench-O/repos/bwssytems==ha-bridge/TestMP1Device.java,26,log,info,radix_or_binary_encoding,True,"log.info(""sendCmdPkt called with "" + HexLibrary.encodeHexString(aCmd.getPayload().getData()))",radix_or_binary_encoding,true,Row-level review confirmed the visible source operations for: radix_or_binary_encoding.
9c58a11c2dffb678,roncoo==roncoo-pay,LogBench-O/repos/roncoo==roncoo-pay/PollingQueue.java,66,LOG,info,temporal_format,True,"LOG.info(""===>bank order No  "" + rpOrderResultQueryVo.getBankOrderNo() + "", 上次通知时间lastNotifyTime:"" + DateUtils.formatDate(rpOrderResultQueryVo.getLastNotifyTime(), ""yyyy-MM-dd HH:mm:ss SSS""))",temporal_format,true,Row-level review confirmed the visible source operations for: temporal_format.
9c9e972484bed258,shilad==wikibrain,LogBench-O/repos/shilad==wikibrain/FileDownloader.java,115,LOG,info,numeric_layout_format;derived_view,True,"LOG.info(String.format(""%s %.1f of %.1f MB (%.1f%%)"",
                                            info.getSource(),
                                            info.getCount() / (1024*1024.0),
                                            info.getLength() / (1024*1024.0),
                                            info.getCount() * 100.0 / info.getLength())
                            )",numeric_layout_format;derived_view,true,"Row-level review confirmed the visible source operations for: numeric_layout_format, derived_view."
9cb811fac10a4d93,sstokic-tgm==jftse,LogBench-O/repos/sstokic-tgm==jftse/PacketEncoder.java,63,log,debug,numeric_layout_format;explicit_object_rendering,True,"log.debug(""SEND payload ["" + (ConfigService.getInstance().getValue(""packets.id.translate.enabled"", true) ? PacketOperations.getNameByValue(packetId) : String.format(""0x%X"", packetId)) + ""] "" + BitKit.toString(encryptedResult, 0, encryptedResult.length))",numeric_layout_format;explicit_object_rendering,true,"Row-level review confirmed the visible source operations for: numeric_layout_format, explicit_object_rendering."
9d95d94e35b1953f,gnuhpc==kafka-zk-restapi,LogBench-O/repos/gnuhpc==kafka-zk-restapi/RestLogAspect.java,49,log,info,derived_view,True,"log.info(""SPEND TIME : "" + (System.currentTimeMillis() - startTime.get()))",derived_view,true,Row-level review confirmed the visible source operations for: derived_view.
9da75e6553438338,lsds==sgx-spark,LogBench-O/repos/lsds==sgx-spark/KeyManager.java,68,LOG,info,temporal_format,True,"LOG.info(""Block token params received from NN: update interval=""
          + StringUtils.formatTime(updateInterval)
          + "", token lifetime="" + StringUtils.formatTime(tokenLifetime))",temporal_format,true,Row-level review confirmed the visible source operations for: temporal_format.
9dac2ee13296e8f9,wso2==micro-integrator,LogBench-O/repos/wso2==micro-integrator/MqttConnectionConsumer.java,78,log,error,,False,"log.error(""Error while trying to subscribe to the remote "", ex)",,false,No operation covered by the frozen explicit-source rubric is visible. Preformatted variables and unknown helpers remain outside the lower bound.
9dbf960c0bceb7ba,liveontologies==elk-reasoner,LogBench-O/repos/liveontologies==elk-reasoner/ContextStatistics.java,87,LoggerWrap,log,derived_view,True,"LoggerWrap.log(logger, level, ""Contexts processed: "" + countProcessedContexts + "" ("" +
					(timeContextProcess / addCounter_) + "" ms)"")",derived_view,true,Row-level review confirmed the visible source operations for: derived_view.
9e24b66ee82e3963,mediacloud==cliff-annotator,LogBench-O/repos/mediacloud==cliff-annotator/CountryGeoNameLookup.java,75,logger,error,explicit_object_rendering,False,logger.error(ioe.toString()),explicit_object_rendering,true,Row-level review confirmed the visible source operations for: explicit_object_rendering.
9eccc22a776efc48,resthub==resthub-spring-stack,LogBench-O/repos/resthub==resthub-spring-stack/DefaultLogStrategy.java,32,LOGGER,info,temporal_format,True,"LOGGER.info(""[{}] {} {}"", log.browser, DATE_FORMAT.format(log.time), log.message)",temporal_format,true,Row-level review confirmed the visible source operations for: temporal_format.
9f00dab3e6944d4c,apache==pinot,LogBench-O/repos/apache==pinot/TaskGeneratorRegistry.java,67,LOGGER,info,derived_view,True,"LOGGER.info(""Initialized TaskGeneratorRegistry with {} task generators: {} in {}ms"", _taskGeneratorRegistry.size(),
        _taskGeneratorRegistry.keySet(), System.currentTimeMillis() - startTimeMs)",derived_view,true,Row-level review confirmed the visible source operations for: derived_view.
9fb298c32b79f837,wso2==carbon-identity-framework,LogBench-O/repos/wso2==carbon-identity-framework/UserMgtInitializer.java,107,log,error,repeated_view,True,"log.error(""While adding management permission :: "" + e.getMessage(), e)",repeated_view,true,Row-level review confirmed the visible source operations for: repeated_view.
9ff508772d39f622,eclipse-ee4j==jersey,LogBench-O/repos/eclipse-ee4j==jersey/BlockingPostChatResource.java,82,LOGGER,log,explicit_object_rendering,False,"LOGGER.log(DEBUG, ""Received POST <{0}> with context {1} on thread {2}. Suspending the context."",
                new Object[]{message, ar.toString(), Thread.currentThread().getName()})",explicit_object_rendering,true,Row-level review confirmed the visible source operations for: explicit_object_rendering.
a0449b2235b7324b,xpdota==event-trigger,LogBench-O/repos/xpdota==event-trigger/CustomPartyCdTrackerConfig.java,88,log,error,numeric_layout_format,True,"log.error(""Error loading custom cooldown ({}, {})"", custom.nameOverride, String.format(""0x%X"", custom.primaryAbilityId))",numeric_layout_format,true,Row-level review confirmed the visible source operations for: numeric_layout_format.
a091dc0d1902f116,pi4j==pi4j-v2,LogBench-O/repos/pi4j==pi4j-v2/MockSpi.java,104,logger,info,radix_or_binary_encoding,True,logger.info(StringUtil.toHexString(b)),radix_or_binary_encoding,true,Row-level review confirmed the visible source operations for: radix_or_binary_encoding.
a101dcb9cbd10106,apache==hadoop,LogBench-O/repos/apache==hadoop/SnapshotDeletionGc.java,58,LOG,info,temporal_format,True,"LOG.info(""Schedule at fixed rate {}"",
          StringUtils.formatTime(deletionOrderedGcPeriodMs))",temporal_format,true,Row-level review confirmed the visible source operations for: temporal_format.
a13fe36b168c2d82,kstateome==canvas-api,LogBench-O/repos/kstateome==canvas-api/TestLauncher.java,79,LOG,info,,False,"LOG.info(""Got {} courses back from Canvas: "",  myCourses.size())",,false,No operation covered by the frozen explicit-source rubric is visible. Preformatted variables and unknown helpers remain outside the lower bound.
a1a606201c653c2a,cantaloupe-project==cantaloupe,LogBench-O/repos/cantaloupe-project==cantaloupe/ApplicationContextListener.java,90,LOGGER,info,derived_view,True,"LOGGER.info(""Heap total: {}MB; max: {}MB"",
                runtime.totalMemory() / mb,
                runtime.maxMemory() / mb)",derived_view,true,Row-level review confirmed the visible source operations for: derived_view.
a280c518a25afa34,apache==hbase,LogBench-O/repos/apache==hbase/ExecutorStatusChore.java,48,LOG,info,temporal_format,True,"LOG.info(""ExecutorStatusChore runs every {} "", StringUtils.formatTime(sleepTime))",temporal_format,true,Row-level review confirmed the visible source operations for: temporal_format.
a2b1deffc5fdfb3e,inchaincodes==inchain,LogBench-O/repos/inchaincodes==inchain/VersionMessageProcess.java,37,log,info,numeric_layout_format,True,"log.info(""Got host={}, version={}, subVer='{}', services=0x{}, time={}, blocks={}, bestBlockHash={}"",
        		peer.getAddress(),
                versionMessage.getClientVersion(),
                versionMessage.getSubVer(),
                versionMessage.getLocalServices(),
                String.format(Locale.getDefault(), ""%tF %tT"", peerTime, peerTime),
                versionMessage.getBestHeight(),
                versionMessage.getBestBlockHash())",numeric_layout_format;temporal_format,true,The explicit String.format pattern uses Java temporal directives %tF and %tT.
a381ad012729e1c5,apache==kylin,LogBench-O/repos/apache==kylin/GeneticAlgorithm.java,106,logger,trace,numeric_layout_format,True,"logger.trace(String.format(Locale.ROOT, ""cuboidId %d and Space: %f"", cuboid, unitSpace))",numeric_layout_format,true,Row-level review confirmed the visible source operations for: numeric_layout_format.
a4994a87e8ebbdda,asakusafw==asakusafw,LogBench-O/repos/asakusafw==asakusafw/LoggingExecutionMonitor.java,150,LOG,info,numeric_layout_format;derived_view,True,"LOG.info(MessageFormat.format(
                    ""STEP - {0} [{1}%]"",
                    label,
                    String.format(""%.02f"", relative * 100)))",numeric_layout_format;derived_view,true,"Row-level review confirmed the visible source operations for: numeric_layout_format, derived_view."
a688b07421a9bedf,dcache==dcache,LogBench-O/repos/dcache==dcache/DcacheHtmlResponseHandler.java,144,LOGGER,warn,explicit_object_rendering,False,"LOGGER.warn(""exception writing content: {}"", e.toString())",explicit_object_rendering,true,Row-level review confirmed the visible source operations for: explicit_object_rendering.
a7182df7e1fd4d4a,busarobi==xmlc,LogBench-O/repos/busarobi==xmlc/TTEum.java,91,logger,info,derived_view,True,"logger.info( ""Validated macro F-measure: {}"", (avgFmeasure / (double) learner.getNumberOfLabels()) )",derived_view,true,Row-level review confirmed the visible source operations for: derived_view.
a847cdf4239319d4,tls-attacker==tls-attacker,LogBench-O/repos/tls-attacker==tls-attacker/CertificateStatusRequestExtensionPreparator.java,50,LOGGER,debug,radix_or_binary_encoding,True,"LOGGER.debug(
                ""Prepared the CertificateStatusRequestExtension with request extension ""
                        + bytesToHexString(msg.getRequestExtension()))",radix_or_binary_encoding,true,Row-level review confirmed the visible source operations for: radix_or_binary_encoding.
a864069e2b8cb295,edu-sharing==edu-sharing-community-repository,LogBench-O/repos/edu-sharing==edu-sharing-community-repository/SearchLogger.java,15,logger,info,explicit_object_rendering,False,"logger.info(
                    new JSONObject()
                    .put(""metadataset"",
                            new JSONObject().put(""id"",searchToken.getSearchCriterias().getMetadataSetId())
                                            .put(""query"",searchToken.getSearchCriterias().getMetadataSetQuery()))
                    .put(""contentType"",searchToken.getContentType())
                    .put(""criterias"",searchToken.getParameters())
                    .put(""pagination"",
                            new JSONObject().put(""offset"",searchToken.getFrom())
                                            .put(""count"",searchToken.getMaxResult()))
                    .put(""session"", DigestUtils.shaHex(Context.getCurrentInstance().getRequest().getSession().getId()))
                    .put(""results"",new JSONObject().put(""count"",result.getNodeCount())
            ).toString())",explicit_object_rendering;structured_rendering,true,JSONObject construction followed by toString is structured JSON rendering.
a86c191a5b64f607,kairosdb==kairosdb,LogBench-O/repos/kairosdb==kairosdb/RollUpJob.java,134,log,error,explicit_object_rendering,False,"log.error(""Failed to execute job "" + jobExecutionContext.toString(), t)",explicit_object_rendering,true,Row-level review confirmed the visible source operations for: explicit_object_rendering.
a92c84f276fa5a98,xdagger==xdagj,LogBench-O/repos/xdagger==xdagj/XdagHandshakeHandler.java,118,log,debug,radix_or_binary_encoding,True,"log.debug(""hava address blocks need to send to:{}"",Hex.encodeHexString(remoteAddress))",radix_or_binary_encoding,true,Row-level review confirmed the visible source operations for: radix_or_binary_encoding.
a9a4d064d0c2b1a4,openmessaging==openmessaging-benchmark,LogBench-O/repos/openmessaging==openmessaging-benchmark/HistogramDeserializer.java,53,log,error,radix_or_binary_encoding,True,"log.error(
                    ""Failed to decode publish delay latency: {}"",
                    ByteBufUtil.prettyHexDump(Unpooled.wrappedBuffer(buffer)))",radix_or_binary_encoding,true,Row-level review confirmed the visible source operations for: radix_or_binary_encoding.
aac4a5145db70d5b,sofastack==sofa-bolt,LogBench-O/repos/sofastack==sofa-bolt/RpcHeartBeatProcessor.java,83,logger,warn,network_address_format,True,"logger
                    .warn(
                        ""Cannot find heartbeat InvokeFuture, maybe already timeout. Id={}, From {}"",
                        msg.getId(),
                        RemotingUtil.parseRemoteAddress(ctx.getChannelContext().channel()))",network_address_format,true,Row-level review confirmed the visible source operations for: network_address_format.
ab0de72274e8a2c2,julongchain==julongchain,LogBench-O/repos/julongchain==julongchain/App.java,53,log,info,structured_rendering;explicit_object_rendering,True,"log.info(""Args: "" + Arrays.toString(args))",structured_rendering;explicit_object_rendering,true,"Row-level review confirmed the visible source operations for: structured_rendering, explicit_object_rendering."
ac24351f7e1481e7,pmd==pmd,LogBench-O/repos/pmd==pmd/DeprecatedAttrLogger.java,128,LOG,warn,repeated_view,True,"LOG.warn(msg, new RuntimeException(msg))",repeated_view,true,Row-level review confirmed the visible source operations for: repeated_view.
ac6ae2496acfc770,evosuite==evosuite,LogBench-O/repos/evosuite==evosuite/ClassStatisticsPrinter.java,124,LoggingUtils.getEvoLogger(),error,explicit_object_rendering,False,"LoggingUtils.getEvoLogger().error(""* Error while initializing target class: ""
                    + (e.getMessage() != null ? e.getMessage()
                    : e.toString()))",explicit_object_rendering,true,Row-level review confirmed the visible source operations for: explicit_object_rendering.
ad55722162d04344,commonjava==indy,LogBench-O/repos/commonjava==indy/ReluctantInputStream.java,78,logger,debug,radix_or_binary_encoding,True,"logger.debug( ""Returning: {}"", (Integer.toHexString( result )) )",radix_or_binary_encoding,true,Row-level review confirmed the visible source operations for: radix_or_binary_encoding.
ad7b33ef79cd3600,finos==legend-sdlc,LogBench-O/repos/finos==legend-sdlc/JUnitTestGenerationMojo.java,116,getLog(),info,derived_view,True,"getLog().info(String.format(""Finished generating tests (%.9fs)"", (end - start) / 1_000_000_000.0))",derived_view,true,Row-level review confirmed the visible source operations for: derived_view.
adaf9fca35803483,icij==extract,LogBench-O/repos/icij==extract/SpewTask.java,57,logger,warn,human_readable_format,True,"logger.warn(String.format(""Memory available to JVM (%s) is less than 25%% of available system memory. "" +
					""You should probably increase it."", FileUtils.byteCountToDisplaySize(maxMemory)))",human_readable_format,true,Row-level review confirmed the visible source operations for: human_readable_format.
ae0b15e49ecf88ec,hazelcast==hazelcast,LogBench-O/repos/hazelcast==hazelcast/JulLoggerFactory.java,165,logger,log,explicit_object_rendering;repeated_view,True,"logger.log(Level.SEVERE, cause.toString(), cause)",explicit_object_rendering;repeated_view,true,"Row-level review confirmed the visible source operations for: explicit_object_rendering, repeated_view."
ae91cccd6458f7fb,eclipse==steady,LogBench-O/repos/eclipse==steady/InstrumentorFactory.java,67,InstrumentorFactory.log,error,repeated_view,True,"InstrumentorFactory.log.error(
          ""Error while creating instrumentor of class ["" + _name + ""]: "" + e.getMessage(), e)",repeated_view,true,Row-level review confirmed the visible source operations for: repeated_view.
b01cfd76b884e050,eugenp==tutorials,LogBench-O/repos/eugenp==tutorials/AdmissionService.java,52,log,info,explicit_object_rendering,False,"log.info(""processAdmision: annotations={}"", annotations.toString())",explicit_object_rendering,true,Row-level review confirmed the visible source operations for: explicit_object_rendering.
b020e24b7fd49f96,dogtagpki==pki,LogBench-O/repos/dogtagpki==pki/LdapEnrollmentListener.java,66,logger,warn,radix_or_binary_encoding,True,"logger.warn(""Nothing to publish for enrollment request "" + r.getRequestId().toHexString())",radix_or_binary_encoding,true,Row-level review confirmed the visible source operations for: radix_or_binary_encoding.
b07a1988a8355a99,atmosphere==atmosphere,LogBench-O/repos/atmosphere==atmosphere/IdleResourceInterceptor.java,95,logger,trace,derived_view,True,"logger.trace(""Expiring {} in {}"", r.uuid(), System.currentTimeMillis() - l)",derived_view,true,Row-level review confirmed the visible source operations for: derived_view.
b1a1a9727bfcd5b8,finos==legend-engine,LogBench-O/repos/finos==legend-engine/GraphQLGenerationService.java,94,LOGGER,info,explicit_object_rendering;derived_view,True,"LOGGER.info(new LogInfo(pm, interactive ? LoggingEventType.GENERATE_GRAPHQL_CODE_INTERACTIVE_STOP : LoggingEventType.GENERATE_GRAPHQL_CODE_STOP, (double) System.currentTimeMillis() - start).toString())",explicit_object_rendering;derived_view,true,"Row-level review confirmed the visible source operations for: explicit_object_rendering, derived_view."
b1b3128587d546db,apache==ignite,LogBench-O/repos/apache==ignite/CellularTxStreamer.java,120,log,info,structured_rendering;explicit_object_rendering,True,"log.info(""APPLICATION_STREAMED "" + cnt + "" transactions [worst_latency="" + Arrays.toString(latencies) + ""]"")",structured_rendering;explicit_object_rendering,true,"Row-level review confirmed the visible source operations for: structured_rendering, explicit_object_rendering."
b1b365856a8ce78a,apache==dubbo-spi-extensions,LogBench-O/repos/apache==dubbo-spi-extensions/MulticastExchangeGroup.java,64,logger,error,repeated_view,True,"logger.error(e.getMessage(), e)",repeated_view,true,Row-level review confirmed the visible source operations for: repeated_view.
b1dd65cf52bacd50,tls-attacker==tls-attacker,LogBench-O/repos/tls-attacker==tls-attacker/EncryptedClientHelloExtensionSerializer.java,76,LOGGER,debug,radix_or_binary_encoding,True,"LOGGER.debug(
                ""Config Id: ""
                        + ArrayConverter.bytesToHexString(
                                msg.getConfigId().getByteArray(ExtensionByteLength.ECH_CONFIG_ID)))",radix_or_binary_encoding,true,Row-level review confirmed the visible source operations for: radix_or_binary_encoding.
b1f13b36449390fc,hartwigmedical==hmftools,LogBench-O/repos/hartwigmedical==hmftools/GenePropensity.java,77,NE_LOGGER,error,numeric_layout_format,True,"NE_LOGGER.error(String.format(""peptide(%s) trans(%s) tpm(%.4f) has invalid expression rate(%.4f)"",
                        pepExpData, transName, transTpm, expressionLikelihood))",numeric_layout_format,true,Row-level review confirmed the visible source operations for: numeric_layout_format.
b28e6a213efba895,dayatang==dddlib,LogBench-O/repos/dayatang==dddlib/AbstractGeminiConnectionTimeoutMonitor.java,37,LOGGER,debug,temporal_format,True,"LOGGER.debug(""关闭数据库连接HashCode【{}】，创建时间【{}】，耗时【{}】ms"",
                connection.hashCode(), formatTime(connection.getCreationTime()),
                connection.getSurvivalTime())",temporal_format,true,Row-level review confirmed the visible source operations for: temporal_format.
b2e84f5ed1e4990e,dogtagpki==pki,LogBench-O/repos/dogtagpki==pki/CertRequestRepository.java,141,logger,debug,radix_or_binary_encoding,True,"logger.debug(""CertRequestRepository: Updating profile for request "" + request.getRequestId().toHexString())",radix_or_binary_encoding,true,Row-level review confirmed the visible source operations for: radix_or_binary_encoding.
b351b9bbb611307b,powsybl==powsybl-core,LogBench-O/repos/powsybl==powsybl-core/DebugPhaseTapChanger.java,58,LOG,info,numeric_layout_format,True,"LOG.info(String.format(""v,a2    = %10.4f %10.4f"",
                    tx.getTerminal2().getBusView().getBus().getV(),
                    tx.getTerminal2().getBusView().getBus().getAngle()))",numeric_layout_format,true,Row-level review confirmed the visible source operations for: numeric_layout_format.
b394a53d5f306435,collectionspace==application,LogBench-O/repos/collectionspace==application/WebLogin.java,129,log,error,,False,"log.error(String.format(""Login attempt to tenant '%s' with username '%s' failed."",
					tenantId, username))",,false,No operation covered by the frozen explicit-source rubric is visible. Preformatted variables and unknown helpers remain outside the lower bound.
b3a178e6849c1c97,killme2008==xmemcached,LogBench-O/repos/killme2008==xmemcached/HandlerAdapter.java,68,log,warn,network_address_format,True,"log.warn(""Session("" + session.getRemoteSocketAddress() + "") is expired."")",network_address_format,true,Row-level review confirmed the visible source operations for: network_address_format.
b41cea4a3be9949e,blockchain-jd-com==bftsmart,LogBench-O/repos/blockchain-jd-com==bftsmart/SockectOutboundConnection.java,69,LOGGER,warn,repeated_view,True,"LOGGER.warn(""Error occurred while connecting to remote! --[Me="" + ME + ""][Remote="" + REMOTE_ID + ""] ""
						+ e.getMessage(), e)",repeated_view,true,Row-level review confirmed the visible source operations for: repeated_view.
b4b010cf32091bb2,dwslab==melt,LogBench-O/repos/dwslab==melt/MemoryProfiling.java,48,LOGGER,debug,human_readable_format,True,"LOGGER.debug(""Memory usage: "" + humanReadableByteCount(usedMemory()))",human_readable_format,true,Row-level review confirmed the visible source operations for: human_readable_format.
b4c9b89003abdf50,linagora==linshare-core,LogBench-O/repos/linagora==linshare-core/CheckIfUserStillInconsistentBatchImpl.java,55,logger,info,explicit_object_rendering,False,"logger.info(getClass().toString() + "" job starting ..."")",explicit_object_rendering,true,Row-level review confirmed the visible source operations for: explicit_object_rendering.
b4ef1d90670d024e,talend==tdi-studio-se,LogBench-O/repos/talend==tdi-studio-se/TCKComponentInstallerTask.java,139,LOGGER,info,structured_rendering;explicit_object_rendering,True,"LOGGER.info(""Car file: {} was added"", Arrays.toString(carFiles.toArray()))",structured_rendering;explicit_object_rendering,true,"Row-level review confirmed the visible source operations for: structured_rendering, explicit_object_rendering."
b4f4f97568c98768,alibaba==datax,LogBench-O/repos/alibaba==datax/DataBaseWriterBuffer.java,90,LOG,debug,numeric_layout_format,True,"LOG.debug(String.format(""checking memstore usage: lastCheckTime=%d, now=%d, check interval=%d, threshold=%f"",
				getLastCheckMemstoreTime(), now, memstoreCheckIntervalSecond, memstoreThreshold))",numeric_layout_format,true,Row-level review confirmed the visible source operations for: numeric_layout_format.
b547bf6a5662850e,adorsys==xs2a,LogBench-O/repos/adorsys==xs2a/GlobalExceptionHandler.java,36,log,warn,repeated_view,True,"log.warn(""Uncatched exception handled in Controller: {}, message: {}, stackTrace: {}"", handlerMethod.getMethod().getDeclaringClass().getSimpleName(), ex.getMessage(), ex)",repeated_view,true,Row-level review confirmed the visible source operations for: repeated_view.
b737dd3f846a7183,lilishop==lilishop,LogBench-O/repos/lilishop==lilishop/LogManagerController.java,41,log,error,,False,"log.error(""日志获取错误"",e)",,false,No operation covered by the frozen explicit-source rubric is visible. Preformatted variables and unknown helpers remain outside the lower bound.
b74cccf11cf1eaff,huaweicloud==sermant,LogBench-O/repos/huaweicloud==sermant/HttpClientUtils.java,118,LOGGER,info,structured_rendering,True,"LOGGER
                .info(String.format(Locale.ROOT, ""Post successfully, result is %s."", JSONObject.toJSONString(result)))",structured_rendering,true,Row-level review confirmed the visible source operations for: structured_rendering.
b77e01bdb0b260fd,zstackio==zstack,LogBench-O/repos/zstackio==zstack/SilentService.java,23,logger,debug,structured_rendering,True,"logger.debug(String.format(""I am silent service, ignore message %s"", JSONObjectUtil.toJsonString(msg)))",structured_rendering,true,Row-level review confirmed the visible source operations for: structured_rendering.
b8a635af3b237be1,tls-attacker==tls-attacker,LogBench-O/repos/tls-attacker==tls-attacker/CoreClientHelloParser.java,74,LOGGER,debug,radix_or_binary_encoding,True,"LOGGER.debug(
                ""CipherSuites: ""
                        + ArrayConverter.bytesToHexString(msg.getCipherSuites().getValue()))",radix_or_binary_encoding,true,Row-level review confirmed the visible source operations for: radix_or_binary_encoding.
b8fa648a8d594f44,redouane59==twittered,LogBench-O/repos/redouane59==twittered/AbstractRequestHelper.java,127,LOGGER,info,temporal_format;derived_view,True,"LOGGER.info(""Rate limit exceeded, new retry in {} at {}"", ConverterHelper.getSecondsAsText(retryAfter), ConverterHelper.minutesBeforeNow(
            -retryAfter / 60).format(DateTimeFormatter.ofPattern(""HH:mm"")))",temporal_format;derived_view,true,"Row-level review confirmed the visible source operations for: temporal_format, derived_view."
bad8e411c8aac866,codice==ddf,LogBench-O/repos/codice==ddf/ResourceRetrievalMonitor.java,92,LOGGER,debug,human_readable_format,True,"LOGGER.debug(
            ""Downloaded {} bytes in last {} ms. Total bytes read = {},  transfer speed = {}/second"",
            chunkByteCount,
            monitorPeriod,
            bytesRead,
            FileUtils.byteCountToDisplaySize(transferSpeed))",human_readable_format,true,Row-level review confirmed the visible source operations for: human_readable_format.
bae7458704ec0ab7,decentralized-identity==universal-resolver,LogBench-O/repos/decentralized-identity==universal-resolver/MethodsServlet.java,41,log,warn,repeated_view,True,"log.warn(""Resolver reported: "" + ex.getMessage(), ex)",repeated_view,true,Row-level review confirmed the visible source operations for: repeated_view.
bba6caea85015401,hartwigmedical==hmftools,LogBench-O/repos/hartwigmedical==hmftools/HrdDetectionAnalyser.java,138,PPL_LOGGER,debug,numeric_layout_format,True,"PPL_LOGGER.debug(format(""sample(%s) ploidy(%.1f) cnRecords(%d) chord(%s %.3f)"",
                sampleId, purityContext.bestFit().ploidy(), copyNumbers.size(), chordData.hrStatus(), chordData.hrdValue()))",numeric_layout_format,true,Row-level review confirmed the visible source operations for: numeric_layout_format.
bc59defe7d9990fb,leapframework==framework,LogBench-O/repos/leapframework==framework/DefaultRestResourceFactory.java,138,logger,info,network_address_format;repeated_view,True,"logger.info(""ip info:{},,isLoop:{},hostAddr:{},isSiteLocal:{}"", ip, ip.isLoopbackAddress(), ip.getHostAddress(), ip.isSiteLocalAddress())",network_address_format;repeated_view,true,"Row-level review confirmed the visible source operations for: network_address_format, repeated_view."
bc5a2e1ba30aabaa,tencent==firestorm,LogBench-O/repos/tencent==firestorm/LocalFileServerReadHandler.java,128,LOG,debug,derived_view,True,"LOG.debug(
          ""Read File segment: {}, offset[{}], length[{}], cost: {} ms, for appId[{}], shuffleId[{}], partitionId[{}]"",
          dataFileName, offset, length, System.currentTimeMillis() - start, appId, shuffleId, partitionId)",derived_view,true,Row-level review confirmed the visible source operations for: derived_view.
bdc477f850616d92,jbosstm==narayana,LogBench-O/repos/jbosstm==narayana/ExpiredAssumedCompleteScanner.java,81,jtsLogger.logger,debug,temporal_format,True,"jtsLogger.logger.debug(""ExpiredAssumedCompleteScanner - scanning to remove items from before ""+_timeFormat.format(oldestSurviving))",temporal_format,true,Row-level review confirmed the visible source operations for: temporal_format.
be221d92e861858f,scoooooott==tinypornmanager,LogBench-O/repos/scoooooott==tinypornmanager/TvShowChangeDatasourceTask.java,92,LOGGER,debug,explicit_object_rendering,False,"LOGGER.debug(""moving TV show dir "" + srcDir.toString() + "" to "" + destDir.toString())",explicit_object_rendering,true,Row-level review confirmed the visible source operations for: explicit_object_rendering.
c0c3c014058cdb2d,tls-attacker==tls-attacker,LogBench-O/repos/tls-attacker==tls-attacker/StatePlaintextSerializer.java,67,LOGGER,debug,,False,"LOGGER.debug(""MasterSecret: {}"", statePlaintext.getMasterSecret().getValue())",,false,No operation covered by the frozen explicit-source rubric is visible. Preformatted variables and unknown helpers remain outside the lower bound.
c0f6bac341d9890b,apache==atlas,LogBench-O/repos/apache==atlas/LruCache.java,88,LOGGER,info,temporal_format,True,"LOGGER.info(""There have been "" + evictionsSinceWarning
                        + "" evictions from the cache since ""
                        + dateFormat.format(lastEvictionWarning))",temporal_format,true,Row-level review confirmed the visible source operations for: temporal_format.
c197af31c2fc50b1,movsim==movsim,LogBench-O/repos/movsim==movsim/RoutingDecisions.java,91,LOG,info,derived_view,True,"LOG.info(""vehicle is re-routed: diff disutility={}, counterReroutings={}"",
                    newRouteAlternative.getDisutility() - alternativeFromLastRouting.getDisutility(), countReroutings)",derived_view,true,Row-level review confirmed the visible source operations for: derived_view.
c255b888a99d8600,genomicpariscentre==eoulsan,LogBench-O/repos/genomicpariscentre==eoulsan/HadoopInfo.java,140,getLogger(),info,human_readable_format,True,"getLogger().info(""SYSINFO ""
        + f + "" "" + StringUtils.sizeToHumanReadable(df.getCapacity())
        + "" capacity, "" + StringUtils.sizeToHumanReadable(df.getUsed())
        + "" used, "" + StringUtils.sizeToHumanReadable(df.getAvailable())
        + "" available, "" + df.getPercentUsed() + ""% used"")",human_readable_format,true,Row-level review confirmed the visible source operations for: human_readable_format.
c26e9426b1efe71e,acmenlt==dynamic-threadpool,LogBench-O/repos/acmenlt==dynamic-threadpool/RemoveThreadPoolAdapterCache.java,35,log,info,structured_rendering,True,"log.info(""Remove thread-pool adapter cache, Execute client hook function. Req: {}"", JSONUtil.toJSONString(requestParam))",structured_rendering,true,Row-level review confirmed the visible source operations for: structured_rendering.
c3d98e6f74497b78,ltsopensource==light-task-scheduler,LogBench-O/repos/ltsopensource==light-task-scheduler/RedisDistributeLock.java,46,LOGGER,warn,repeated_view,True,"LOGGER.warn(t.getMessage(), t)",repeated_view,true,Row-level review confirmed the visible source operations for: repeated_view.
c3e88246fe8662bd,controlsystemstudio==phoebus,LogBench-O/repos/controlsystemstudio==phoebus/MonitorHandler.java,76,logger,log,radix_or_binary_encoding,True,"logger.log(Level.WARNING, () -> ""Ignoring MONITOR request for "" + pv + "", subcommand 0x"" + Integer.toHexString(Byte.toUnsignedInt(subcmd)))",radix_or_binary_encoding,true,Row-level review confirmed the visible source operations for: radix_or_binary_encoding.
c414720a3babd647,zhongfucheng3y==austin,LogBench-O/repos/zhongfucheng3y==austin/DingDingRobotHandler.java,61,log,error,structured_rendering,True,"log.error(""DingDingHandler#handler fail!e:{},params:{}"", Throwables.getStackTraceAsString(e), JSON.toJSONString(taskInfo))",structured_rendering,true,Row-level review confirmed the visible source operations for: structured_rendering.
c4ae09a813aca7fc,bwssytems==ha-bridge,LogBench-O/repos/bwssytems==ha-bridge/AddressUtil.java,26,log,warn,network_address_format,True,"log.warn(""Error <"" + e.getMessage() + ""> on determining interface to reply for <"" + remoteAddress
                + "">. Using default route IP Address of "" + localAddress.getHostAddress())",network_address_format,true,Row-level review confirmed the visible source operations for: network_address_format.
c4e60278c92aa97a,opentripplanner==opentripplanner,LogBench-O/repos/opentripplanner==opentripplanner/ResultLogger.java,21,LOG,info,derived_view;repeated_view,True,"LOG.info(
        ""[feedId={}, type={}] {} of {} update messages were applied successfully (success rate: {}%)"",
        feedId,
        type,
        updateResult.successful(),
        totalUpdates,
        DoubleUtils.roundTo2Decimals((double) updateResult.successful() / totalUpdates * 100)
      )",derived_view;repeated_view,true,"Row-level review confirmed the visible source operations for: derived_view, repeated_view."
c51d7ecbe8a7c6a2,conveyal==analysis-backend,LogBench-O/repos/conveyal==analysis-backend/OSMChangeParser.java,69,LOG,info,derived_view,True,"LOG.info("" {}M applied"", nParsed / 1000000)",derived_view,true,Row-level review confirmed the visible source operations for: derived_view.
c56262b77fb131fd,mycatapache==mycat-server,LogBench-O/repos/mycatapache==mycat-server/StopHeartbeat.java,61,logger,warn,temporal_format;explicit_object_rendering,True,"logger.warn(s.append(FormatUtil.formatTime(time, 3)).append(""' by manager."").toString())",temporal_format;explicit_object_rendering,true,"Row-level review confirmed the visible source operations for: temporal_format, explicit_object_rendering."
c564fb7ab2eeb884,eclipse==jkube,LogBench-O/repos/eclipse==jkube/RegistryService.java,115,log,info,human_readable_format,True,"log.info(""Pulled %s in %s"", imageName.getFullName(), EnvUtil.formatDurationTill(pullStartTime))",human_readable_format,true,Row-level review confirmed the visible source operations for: human_readable_format.
c5eda9e456b55dff,flyway==flyway,LogBench-O/repos/flyway==flyway/CleanExecutor.java,107,LOG,info,temporal_format,True,"LOG.info(String.format(""Successfully dropped pre-schema database level objects (execution time %s)"",
                                   TimeFormat.format(stopWatch.getTotalTimeMillis())))",temporal_format,true,Row-level review confirmed the visible source operations for: temporal_format.
c6611982ce4c80f6,vostok==hercules,LogBench-O/repos/vostok==hercules/TimelineManagerApplication.java,80,LOGGER,info,derived_view,True,"LOGGER.info(""Timeline Manager started for {} millis"", System.currentTimeMillis() - start)",derived_view,true,Row-level review confirmed the visible source operations for: derived_view.
c6758fb98ffedfb0,opencb==opencga,LogBench-O/repos/opencb==opencga/MRExecutor.java,97,logger,error,structured_rendering;explicit_object_rendering,True,"logger.error(""Error executing: "" + executable + ' ' + Arrays.toString(args))",structured_rendering;explicit_object_rendering,true,"Row-level review confirmed the visible source operations for: structured_rendering, explicit_object_rendering."
c830d1e4c1b721f4,chestshop-authors==chestshop-3,LogBench-O/repos/chestshop-authors==chestshop-3/Migrations.java,108,ChestShop.getBukkitLogger(),log,derived_view,True,"ChestShop.getBukkitLogger().log(Level.INFO, ""Slow migration in progress... "" + (System.currentTimeMillis() - start) / 1000.0 + ""s elapsed - "" + success + "" migrated - "" + error + "" errors"")",derived_view,true,Row-level review confirmed the visible source operations for: derived_view.
c8466a35b28e7d85,xdagger==xdagj,LogBench-O/repos/xdagger==xdagj/ConnectionLimitHandler.java,85,log,debug,network_address_format,True,"log.debug(""Too many connections from: {}"", address.getHostAddress())",network_address_format,true,Row-level review confirmed the visible source operations for: network_address_format.
c873dad71c05fdb1,apache==hive,LogBench-O/repos/apache==hive/LowLevelFifoCachePolicy.java,70,LlapIoImpl.LOG,info,human_readable_format,True,"LlapIoImpl.LOG.info(""PURGE: evicted {} from FIFO policy"", LlapUtil.humanReadableByteCount(evicted))",human_readable_format,true,Row-level review confirmed the visible source operations for: human_readable_format.
c8e39fdcfc6a7f39,killme2008==xmemcached,LogBench-O/repos/killme2008==xmemcached/AuthTask.java,64,log,error,network_address_format,True,"log.error(
                ""Authentication failed to "" + this.memcachedTCPSession.getRemoteSocketAddress())",network_address_format,true,Row-level review confirmed the visible source operations for: network_address_format.
c8fe1a687bc40cf2,rhq-project==rhq,LogBench-O/repos/rhq-project==rhq/EditDefinitionPropertiesAction.java,105,log,debug,,False,"log.debug(""alert definition update failed:"", iade)",,false,No operation covered by the frozen explicit-source rubric is visible. Preformatted variables and unknown helpers remain outside the lower bound.
c9052b4ffe6f3310,dayatang==dddlib,LogBench-O/repos/dayatang==dddlib/GeminiConnectionLogTimeoutMonitor.java,44,LOGGER,info,temporal_format,True,"LOGGER.info(""数据库连接HashCode【{}】，创建时间【{}】，耗时【{}】毫秒"", connection.hashCode(),
                        formatTime(connection.getCreationTime()), connection.getSurvivalTime())",temporal_format,true,Row-level review confirmed the visible source operations for: temporal_format.
c933fa7c93dc624f,codice==ddf,LogBench-O/repos/codice==ddf/PKIRealm.java,80,LOGGER,debug,,False,"LOGGER.debug(""Token {} is supported by {}."", token.getClass(), PKIRealm.class.getName())",,false,No operation covered by the frozen explicit-source rubric is visible. Preformatted variables and unknown helpers remain outside the lower bound.
ca3ea3c5aec36952,ltsopensource==light-task-scheduler,LogBench-O/repos/ltsopensource==light-task-scheduler/ConsoleJobLogger.java,22,LOGGER,info,structured_rendering,True,LOGGER.info(JSON.toJSONString(jobLogPo)),structured_rendering,true,Row-level review confirmed the visible source operations for: structured_rendering.
cac3ae1499195643,spoonlabs==astor,LogBench-O/repos/spoonlabs==astor/FaultLocalizationMain.java,147,log,info,derived_view,True,"log.info(""Time Total(s): "" + (endT - startT) / 1000d)",derived_view,true,Row-level review confirmed the visible source operations for: derived_view.
cb7ae52dd7c5e3a1,exoplatform==social,LogBench-O/repos/exoplatform==social/SpaceActivityStreamMigration.java,74,LOG,warn,explicit_object_rendering,False,"LOG.warn(""SQL : "" + sb.toString())",explicit_object_rendering,true,Row-level review confirmed the visible source operations for: explicit_object_rendering.
cb9759617041023b,nutzam==nutz,LogBench-O/repos/nutzam==nutz/JsonActionChainMakerConfiguretion.java,37,log,debug,structured_rendering,True,"log.debug(""ActionChain Config:\n"" + Json.toJson(map))",structured_rendering,true,Row-level review confirmed the visible source operations for: structured_rendering.
cc9a3dba99e058c1,eugenp==tutorials,LogBench-O/repos/eugenp==tutorials/Messenger.java,47,log,info,temporal_format,True,"log.info(""Messenger actor stopped at {}"",
          OffsetDateTime.now().format(DateTimeFormatter.ISO_OFFSET_DATE_TIME))",temporal_format,true,Row-level review confirmed the visible source operations for: temporal_format.
ccc7ca0614b4f9f7,pinpoint-apm==pinpoint,LogBench-O/repos/pinpoint-apm==pinpoint/DefaultPinpointServerState.java,127,logger,warn,repeated_view,True,"logger.warn(""Please handling exception in stateUpdated method. message:{}"", e.getMessage(), e)",repeated_view,true,Row-level review confirmed the visible source operations for: repeated_view.
cd6cff25af9af55f,pinpoint-apm==pinpoint,LogBench-O/repos/pinpoint-apm==pinpoint/ElasticSearchServer.java,42,logger,info,,False,logger.info(LogUtils.removeLineBreak(outputFrame.getUtf8String())),numeric_layout_format,true,LogUtils.removeLineBreak explicitly normalizes the emitted text layout.
ce4c4a7cd914e5fa,westridgesystems==jmisb,LogBench-O/repos/westridgesystems==jmisb/MetadataDecodeThread.java,120,logger,debug,radix_or_binary_encoding,True,logger.debug(ArrayUtils.toHexString(data)),radix_or_binary_encoding,true,Row-level review confirmed the visible source operations for: radix_or_binary_encoding.
ce5152f431e00460,universalmediaserver==universalmediaserver,LogBench-O/repos/universalmediaserver==universalmediaserver/UmsMulticastReceiver.java,62,LOGGER,debug,network_address_format,True,"LOGGER.debug(
						""UDP datagram received from: "" + datagram.getAddress().getHostAddress() +
						"":"" + datagram.getPort() +
						"" on local interface: "" + multicastInterface.getDisplayName() +
						"" and address: "" + receivedOnLocalAddress.getHostAddress()
				)",network_address_format,true,Row-level review confirmed the visible source operations for: network_address_format.
ce5e0338853109ef,stanfordnlp==corenlp,LogBench-O/repos/stanfordnlp==corenlp/MentionDetectionEvaluator.java,39,log,info,numeric_layout_format,True,"log.info(""Precision: "" + correctSystemMentions + "" / "" + systemMentions + "" = "" +
        String.format(""%.4f"", precision))",numeric_layout_format,true,Row-level review confirmed the visible source operations for: numeric_layout_format.
ce904cd65db9cfea,apache==pulsar,LogBench-O/repos/apache==pulsar/AbstractMultiVersionReader.java,75,LOG,error,radix_or_binary_encoding,True,"LOG.error(""Can't get generic schema for topic {} schema version {}"",
                    schemaInfoProvider.getTopicName(), Hex.encodeHexString(schemaVersion), e)",radix_or_binary_encoding,true,Row-level review confirmed the visible source operations for: radix_or_binary_encoding.
cf8e8ab636889deb,difi==asic,LogBench-O/repos/difi==asic/CadesAsicManifest.java,51,logger,debug,radix_or_binary_encoding,True,"logger.debug(""Digest: {}"", Base64.encode(dataObject.getDigestValue()))",radix_or_binary_encoding,true,Row-level review confirmed the visible source operations for: radix_or_binary_encoding.
d0317ebc711735c3,apache==james-project,LogBench-O/repos/apache==james-project/ImapIdleStateHandler.java,60,LOGGER,info,network_address_format,True,"LOGGER.info(""Logout client {} ({}) because it idled for too long..."",
                address.getHostName(),
                address.getAddress().getHostAddress())",network_address_format,true,Row-level review confirmed the visible source operations for: network_address_format.
d074f7f3769cc177,mr3project==hive-mr3,LogBench-O/repos/mr3project==hive-mr3/HS2ActivePassiveHARegistryClient.java,51,LOG,info,,False,"LOG.info(""Returning cached registry client for namespace: {}"", nsKey)",,false,No operation covered by the frozen explicit-source rubric is visible. Preformatted variables and unknown helpers remain outside the lower bound.
d16bee90d0cf0eb6,nhsconnect==careconnect-reference-implementation,LogBench-O/repos/nhsconnect==careconnect-reference-implementation/CCRequestValidatingInterceptor.java,88,log,error,,False,log.error(val.getMessage()),,false,No operation covered by the frozen explicit-source rubric is visible. Preformatted variables and unknown helpers remain outside the lower bound.
d1a178330797107e,yahoo==athenz,LogBench-O/repos/yahoo==athenz/DefaultOAuthJwtAccessToken.java,74,LOG,debug,,False,"LOG.debug(""DefaultOAuthJwtAccessToken:getAudiences treat audience as string, err: {}"", e.getMessage())",,false,No operation covered by the frozen explicit-source rubric is visible. Preformatted variables and unknown helpers remain outside the lower bound.
d1d3f533ac3386e0,perfectsense==dari,LogBench-O/repos/perfectsense==dari/SubstitutionUtils.java,71,LOGGER,warn,structured_rendering,True,"LOGGER.warn(
                            ""Can't substitute [{}] because there are multiple candidates!{}"",
                            s.getName(),
                            cs.stream()
                                    .map(c -> ""\n\t"" + c.getName())
                                    .collect(Collectors.joining()))",structured_rendering,true,Row-level review confirmed the visible source operations for: structured_rendering.
d25edbd1d7f2edd2,apache==shindig,LogBench-O/repos/apache==shindig/PipelineDataGadgetRewriter.java,129,LOG,log,repeated_view,True,"LOG.log(Level.INFO, e.getMessage(), e)",repeated_view,true,Row-level review confirmed the visible source operations for: repeated_view.
d27bf13d630122c3,apache==nifi,LogBench-O/repos/apache==nifi/ClusterProtocolHeartbeater.java,111,logger,info,temporal_format,True,"logger.info(""Heartbeat created at {} and sent to {} at {}; determining Cluster Coordinator took {} millis; DNS lookup for coordinator took {} millis; connecting to coordinator took {} "" +
                ""millis; sending heartbeat took {} millis; receiving first byte from response took {} millis; receiving full response took {} millis; total time was {} millis{}"",
            dateFormatter.format(new Date(heartbeatMessage.getHeartbeat().getCreatedTimestamp())),
            heartbeatAddress,
            dateFormatter.format(new Date()),
            TimeUnit.NANOSECONDS.toMillis(findCoordinatorNanos),
            timingDetails.getDnsLookupMillis(),
            timingDetails.getConnectMillis(),
            timingDetails.getSendRequestMillis(),
            timingDetails.getReceiveFirstByteMillis(),
            timingDetails.getReceiveFullResponseMillis(),
            sendMillis,
            formattedElectionMessage)",temporal_format,true,Row-level review confirmed the visible source operations for: temporal_format.
d2c730e27a287a6f,genomiqueens==eoulsan,LogBench-O/repos/genomiqueens==eoulsan/HadoopInfo.java,140,getLogger(),info,human_readable_format,True,"getLogger().info(""SYSINFO ""
        + f + "" "" + StringUtils.sizeToHumanReadable(df.getCapacity())
        + "" capacity, "" + StringUtils.sizeToHumanReadable(df.getUsed())
        + "" used, "" + StringUtils.sizeToHumanReadable(df.getAvailable())
        + "" available, "" + df.getPercentUsed() + ""% used"")",human_readable_format,true,Row-level review confirmed the visible source operations for: human_readable_format.
d2c74d1bad5356aa,killme2008==xmemcached,LogBench-O/repos/killme2008==xmemcached/AuthTask.java,66,log,warn,network_address_format,True,"log.warn(""Reopen connection to "" + this.memcachedTCPSession.getRemoteSocketAddress()
                + "",beacause auth fail"")",network_address_format,true,Row-level review confirmed the visible source operations for: network_address_format.
d36362e39ecd2782,candlepin==candlepin,LogBench-O/repos/candlepin==candlepin/SuperAdminAuthorizationFilter.java,49,log,debug,,False,"log.debug(""Authorization check for {}"", requestContext.getUriInfo().getPath())",,false,No operation covered by the frozen explicit-source rubric is visible. Preformatted variables and unknown helpers remain outside the lower bound.
d3844c336af1b95c,eclipse==jetty.project,LogBench-O/repos/eclipse==jetty.project/UnidirectionalStreamConnection.java,173,LOG,debug,radix_or_binary_encoding,True,"LOG.debug(""unsupported stream type {}, closing {}"", Long.toHexString(streamType), this)",radix_or_binary_encoding,true,Row-level review confirmed the visible source operations for: radix_or_binary_encoding.
d43c96b3f17363d0,eclipse==mosaic,LogBench-O/repos/eclipse==mosaic/AbstractSubscriptionTraciReader.java,58,log,warn,numeric_layout_format,True,"log.warn(""Could not read subscription variable {}: {}"", String.format(""%02X "", varId), varValue)",numeric_layout_format,true,Row-level review confirmed the visible source operations for: numeric_layout_format.
d43ce0c76159d7cc,llmhyy==evosuite-plus-plus,LogBench-O/repos/llmhyy==evosuite-plus-plus/SpawnProcessKeepAliveChecker.java,82,logger,info,network_address_format,True,"logger.info(""Registered remote process from ""+socket.getRemoteSocketAddress())",network_address_format,true,Row-level review confirmed the visible source operations for: network_address_format.
d46829a8897ccf9a,nextdoor==bender,LogBench-O/repos/nextdoor==bender/S3Handler.java,56,logger,info,structured_rendering,True,"logger.info(""trigger: "" + gson.toJson(event))",structured_rendering,true,Row-level review confirmed the visible source operations for: structured_rendering.
d5e15b6400684038,sofastack==sofa-common-tools,LogBench-O/repos/sofastack==sofa-common-tools/ThreadPoolMonitorRunner.java,111,ThreadLogger,warn,temporal_format;explicit_object_rendering;repeated_view,True,"ThreadLogger
                    .warn(
                        ""Task {} in thread pool {} started on {}{} exceeds the limit of {} execution time with stack trace:\n    {}"",
                        task, config.getIdentity(), DATE_FORMAT.format(Instant.ofEpochMilli(task
                            .getDequeueTime())), traceId == null ? """" : "" with traceId "" + traceId,
                        config.getTaskTimeout() + config.getTimeUnit().toString(), sb.toString()
                            .trim())",temporal_format;explicit_object_rendering;repeated_view,true,"Row-level review confirmed the visible source operations for: temporal_format, explicit_object_rendering, repeated_view."
d63899d0cabbc696,apache==flink,LogBench-O/repos/apache==flink/BashJavaUtils.java,133,LOG,info,human_readable_format,True,"LOG.info(
                ""  Total Process Memory:          {}"",
                spec.getTotalProcessMemorySize().toHumanReadableString())",human_readable_format,true,Row-level review confirmed the visible source operations for: human_readable_format.
d63df25ead38c015,apache==kylin,LogBench-O/repos/apache==kylin/CuratorScheduler.java,109,logger,error,network_address_format,True,"logger.error(""Node("" + InetAddress.getLocalHost().getHostAddress()
                                + "") job server state conflict. Is ZK leader: "" + hasLeadership
                                + ""; Is active job server: "" + hasDefaultSchedulerStarted)",network_address_format,true,Row-level review confirmed the visible source operations for: network_address_format.
d6a796ed94b920f1,missioncriticalcloud==cosmic,LogBench-O/repos/missioncriticalcloud==cosmic/CitrixAttachIsoCommandWrapper.java,111,s_logger,warn,explicit_object_rendering;repeated_view,True,"s_logger.warn(errorMsg + "": "" + e.toString(), e)",explicit_object_rendering;repeated_view,true,"Row-level review confirmed the visible source operations for: explicit_object_rendering, repeated_view."
d77fb537871ddd7e,opencb==opencga,LogBench-O/repos/opencb==opencga/VariantStatsMapper.java,101,logger,info,human_readable_format,True,"logger.info(""Slow processing on [{}], took {}"", name, TimeUtils.durationToString(time))",human_readable_format,true,Row-level review confirmed the visible source operations for: human_readable_format.
d814a5d3438fc318,apache==dubbo,LogBench-O/repos/apache==dubbo/DefaultCommandExecutor.java,50,logger,info,structured_rendering;explicit_object_rendering,True,"logger.info(""[Dubbo QoS] Command Process start. Command: "" + commandContext.getCommandName() +
            "", Args: "" + Arrays.toString(commandContext.getArgs()) + "", Remote Address: "" + remoteAddress)",structured_rendering;explicit_object_rendering,true,"Row-level review confirmed the visible source operations for: structured_rendering, explicit_object_rendering."
d86e4810b0605ee4,java110==microcommunity,LogBench-O/repos/java110==microcommunity/ChinaUmsNotifyPaymentController.java,45,logger,debug,structured_rendering,True,"logger.debug(""微信支付回调报文"" + paramIn.toJSONString())",structured_rendering,true,Row-level review confirmed the visible source operations for: structured_rendering.
d89e1944495905ab,jbosstm==narayana,LogBench-O/repos/jbosstm==narayana/ExpiredTransactionStatusManagerScanner.java,73,tsLogger.logger,debug,temporal_format,True,"tsLogger.logger.debug(""ExpiredTransactionStatusManagerScanner - scanning to remove items from before ""+_timeFormat.format(oldestSurviving))",temporal_format,true,Row-level review confirmed the visible source operations for: temporal_format.
da1c524dce6eb204,swisspush==gateleen,LogBench-O/repos/swisspush==gateleen/RouterConfigurationParser.java,69,log,warn,,False,"log.warn(""No valid OAuth2FlowType configured for auth configuration '{}'. "" +
                        ""Unable to use this configuration"", authConfigId)",,false,No operation covered by the frozen explicit-source rubric is visible. Preformatted variables and unknown helpers remain outside the lower bound.
da5a7622bd225428,apache==drill,LogBench-O/repos/apache==drill/MongoPersistentStore.java,121,logger,error,repeated_view,True,"logger.error(e.getMessage(), e)",repeated_view,true,Row-level review confirmed the visible source operations for: repeated_view.
dac9c1162d282da8,eclipse==winery,LogBench-O/repos/eclipse==winery/ServiceTemplateComplianceRuleRuleChecker.java,80,LOGGER,debug,explicit_object_rendering,False,LOGGER.debug(checkingResult.toString()),explicit_object_rendering,true,Row-level review confirmed the visible source operations for: explicit_object_rendering.
db7805b81fc8f0ba,nchovy==kraken,LogBench-O/repos/nchovy==kraken/Handler.java,54,logger,info,network_address_format,True,"logger.info(""shell opened from: "" + session.getChannel().socket().getRemoteSocketAddress())",network_address_format,true,Row-level review confirmed the visible source operations for: network_address_format.
dbd220d9d5df95d0,edu-sharing==edu-sharing,LogBench-O/repos/edu-sharing==edu-sharing/Release_5_0_Educontext_Default.java,94,logger,error,repeated_view,True,"logger.error(""error filtering node:"" + ref +"" "" + e.getMessage(),e)",repeated_view,true,Row-level review confirmed the visible source operations for: repeated_view.
dbe021bc0577762e,jbosstm==narayana,LogBench-O/repos/jbosstm==narayana/ExpiredContactScanner.java,74,jtsLogger.logger,debug,temporal_format,True,"jtsLogger.logger.debug(""ExpiredContactScanner - scanning to remove items from before ""+_timeFormat.format(oldestSurviving))",temporal_format,true,Row-level review confirmed the visible source operations for: temporal_format.
dcb90232c5b53cc4,xuxueli==xxl-rpc,LogBench-O/repos/xuxueli==xxl-rpc/XxlRpcProviderConfig.java,50,logger,info,,False,"logger.info("">>>>>>>>>>> xxl-rpc provider config init finish."")",,false,No operation covered by the frozen explicit-source rubric is visible. Preformatted variables and unknown helpers remain outside the lower bound.
dcf88ac0c10b3297,opencb==opencga,LogBench-O/repos/opencb==opencga/FileLinkTask.java,47,logger,info,human_readable_format,True,"logger.info(""File link took "" + TimeUtils.durationToString(stopWatch))",human_readable_format,true,Row-level review confirmed the visible source operations for: human_readable_format.
dd03a65c6122bcb3,scoophealth==oscar,LogBench-O/repos/scoophealth==oscar/DocumentWs.java,78,logger,debug,temporal_format,True,"logger.debug(""programId=""+programId+"", providerNo=""+providerNo+"", demographicId=""+demographicId+"", updatedAfterThisDateExclusive=""+DateFormatUtils.ISO_DATETIME_FORMAT.format(updatedAfterThisDateExclusive)+"", itemsToReturn=""+itemsToReturn+"", results=""+documents.size())",temporal_format,true,Row-level review confirmed the visible source operations for: temporal_format.
dd1c7f1d5a107bfb,opensextant==opensextant,LogBench-O/repos/opensextant==opensextant/SelectOSHomeFrameImpl.java,52,log,info,,False,"log.info(""Getting OpenSextant Home"")",,false,No operation covered by the frozen explicit-source rubric is visible. Preformatted variables and unknown helpers remain outside the lower bound.
debc33372950f6ce,powsybl==powsybl-core,LogBench-O/repos/powsybl==powsybl-core/DebugPhaseTapChanger.java,87,LOG,info,numeric_layout_format,True,"LOG.info(String.format(
                    ""    %6s %3d    %10.4f    %10.4f    %10.4f    %10.4f    %10.4f%n"",
                    option,
                    tap,
                    alpha,
                    rho,
                    actual.p(),
                    actual.q(),
                    d))",numeric_layout_format,true,Row-level review confirmed the visible source operations for: numeric_layout_format.
ded8fb226e7ffd65,asynchttpclient==async-http-client,LogBench-O/repos/asynchttpclient==async-http-client/AsyncCompletionHandler.java,76,LOGGER,debug,repeated_view,True,"LOGGER.debug(t.getMessage(), t)",repeated_view,true,Row-level review confirmed the visible source operations for: repeated_view.
dfcb9cca6b215d82,apache==hadoop,LogBench-O/repos/apache==hadoop/DNSDomainNameResolver.java,54,LOG,debug,network_address_format,True,"LOG.debug(""IP address returned for FQDN detected: {}"", address.getHostAddress())",network_address_format,true,Row-level review confirmed the visible source operations for: network_address_format.
e02e8c93017f3125,apache==druid,LogBench-O/repos/apache==druid/LoggingEmitter.java,116,log,warn,structured_rendering,True,"log.warn(MarkerFactory.getMarker(event.getFeed()), jsonMapper.writeValueAsString(event))",structured_rendering,true,Row-level review confirmed the visible source operations for: structured_rendering.
e38023812a6e9d8b,stamp-project==dspot,LogBench-O/repos/stamp-project==dspot/Main.java,37,LOGGER,info,,False,"LOGGER.info(""Running..."")",,false,No operation covered by the frozen explicit-source rubric is visible. Preformatted variables and unknown helpers remain outside the lower bound.
e3f60938777715cb,finos==legend-pure,LogBench-O/repos/finos==legend-pure/PureCompiledJarMojo.java,147,log,info,structured_rendering;explicit_object_rendering,True,"log.info(""    Project classLoader URLs "" + Arrays.toString(urlsForClassLoader))",structured_rendering;explicit_object_rendering,true,"Row-level review confirmed the visible source operations for: structured_rendering, explicit_object_rendering."
e47719a947f345fd,apache==accumulo-examples,LogBench-O/repos/apache==accumulo-examples/RowOperations.java,62,log,info,explicit_object_rendering,False,"log.info(""Key: {} Value: {}"", entry.getKey().toString(), entry.getValue().toString())",explicit_object_rendering,true,Row-level review confirmed the visible source operations for: explicit_object_rendering.
e552fcc2708db02d,powsybl==powsybl-core,LogBench-O/repos/powsybl==powsybl-core/Z0FlowFromBusBalance.java,50,LOG,debug,numeric_layout_format,True,"LOG.debug(String.format(""Z0 flow    P,Q %10.4f %10.4f %s %s"",
                        t.getP(), t.getQ(),
                        t.getConnectable().getNameOrId(),
                        t.getConnectable().getId()))",numeric_layout_format,true,Row-level review confirmed the visible source operations for: numeric_layout_format.
e5559bc9ed224afc,alibaba==celeborn,LogBench-O/repos/alibaba==celeborn/ReadBufferDispatcher.java,100,logger,debug,derived_view,True,"logger.debug(""process read buffer request using {}"", (end - start) / 1000_000)",derived_view,true,Row-level review confirmed the visible source operations for: derived_view.
e5b0d9402c893f35,alibaba==datax,LogBench-O/repos/alibaba==datax/DorisWriter.java,91,LOG,info,structured_rendering,True,"LOG.info(""Start to execute preSqls:[{}]. context info:{}."", String.join("";"", renderedPostSqls), jdbcUrl)",structured_rendering,true,Row-level review confirmed the visible source operations for: structured_rendering.
e5d0f94d5521b906,apache==mina-sshd,LogBench-O/repos/apache==mina-sshd/DefaultScpFileOpener.java,62,log,debug,structured_rendering;explicit_object_rendering,True,"log.debug(""openRead({}) size={}, permissions={}, file={}, options={}"",
                    session, size, permissions, file, Arrays.toString(options))",structured_rendering;explicit_object_rendering,true,"Row-level review confirmed the visible source operations for: structured_rendering, explicit_object_rendering."
e74a5228ff9ed4a2,wso2==charon,LogBench-O/repos/wso2==charon/DeleteGroupSample.java,89,logger,error,,False,logger.error(e.getMessage()),,false,No operation covered by the frozen explicit-source rubric is visible. Preformatted variables and unknown helpers remain outside the lower bound.
e764a528e4e89992,flyway==flyway,LogBench-O/repos/flyway==flyway/CleanExecutor.java,125,LOG,info,temporal_format,True,"LOG.info(String.format(""Successfully dropped post-schema database level objects (execution time %s)"",
                                   TimeFormat.format(stopWatch.getTotalTimeMillis())))",temporal_format,true,Row-level review confirmed the visible source operations for: temporal_format.
e9ce14272cff5026,eclipse==jetty.project,LogBench-O/repos/eclipse==jetty.project/Slf4jLogger.java,98,logger,warn,repeated_view,True,"logger.warn(cause.getMessage(), cause)",repeated_view,true,Row-level review confirmed the visible source operations for: repeated_view.
eaa9cf0748466e85,apache==hbase,LogBench-O/repos/apache==hbase/FileMmapIOEngine.java,68,LOG,error,human_readable_format,True,"LOG.error(
        ""Can't extend bucket cache file; insufficient space for "" + StringUtils.byteDesc(fileSize),
        ioex)",human_readable_format,true,Row-level review confirmed the visible source operations for: human_readable_format.
eadbfc32f640607f,apache==incubator-crail,LogBench-O/repos/apache==incubator-crail/FreeCapacityPolicy.java,37,LOG,info,derived_view,True,"LOG.info(""Current storage usage: "" + 100*usage + ""%"")",derived_view,true,Row-level review confirmed the visible source operations for: derived_view.
eb2179b43e9120f8,isuwang==isuwang-soa,LogBench-O/repos/isuwang==isuwang-soa/SocketContainer.java,45,LOGGER,error,repeated_view,True,"LOGGER.error(e.getMessage(), e)",repeated_view,true,Row-level review confirmed the visible source operations for: repeated_view.
eb8f30aa924ddff8,kaazing==java.client,LogBench-O/repos/kaazing==java.client/WebSocketSelectedHandlerImpl.java,105,LOG,log,radix_or_binary_encoding,True,"LOG.log(Level.FINEST, message.getHexDump())",radix_or_binary_encoding,true,Row-level review confirmed the visible source operations for: radix_or_binary_encoding.
eb92baf61ccbba10,apache==incubator-tubemq,LogBench-O/repos/apache==incubator-tubemq/CacheMessageRecord.java,96,LOG,error,repeated_view,True,"LOG.error(e.getMessage(), e)",repeated_view,true,Row-level review confirmed the visible source operations for: repeated_view.
ebc3ab258974313a,certifaiai==cdle-traininglabs,LogBench-O/repos/certifaiai==cdle-traininglabs/CarDataSetIterator.java,113,log,info,,False,"log.info(String.format(""Extracting %s into %s."", dataZip.getAbsolutePath(), classFolder.getAbsolutePath()))",,false,No operation covered by the frozen explicit-source rubric is visible. Preformatted variables and unknown helpers remain outside the lower bound.
ec0d3750a022c6fd,arcadedata==arcadedb,LogBench-O/repos/arcadedata==arcadedb/PostgresNetworkListener.java,110,LogManager.instance(),log,network_address_format,True,"LogManager.instance().log(this, Level.INFO,
              ""Listening for incoming connections on $ANSI{green "" + inboundAddr.getAddress().getHostAddress() + "":"" + inboundAddr.getPort() + ""} (protocol v.""
                  + protocolVersion + "")"")",network_address_format,true,Row-level review confirmed the visible source operations for: network_address_format.
ec6e343e86e3b70c,netease-im==camellia,LogBench-O/repos/netease-im==camellia/LoggingHotKeyCacheStatsCallback.java,27,logger,warn,human_readable_format,True,"logger.warn(""hot-key-cache-stats, key = {}, hitCount = {}, checkMillis = {}, checkThreshold = {}"",
                        Utils.bytesToString(stats.getKey()), stats.getHitCount(), checkMillis, checkThreshold)",human_readable_format,true,Row-level review confirmed the visible source operations for: human_readable_format.
eccd9af444797057,sequenceiq==sequenceiq-samples,LogBench-O/repos/sequenceiq==sequenceiq-samples/S3Source.java,61,LOGGER,info,derived_view,True,"LOGGER.info(""Processing of {} took {} ms"", file, System.currentTimeMillis() - startTime)",derived_view,true,Row-level review confirmed the visible source operations for: derived_view.
ed5552fa9a6bd2e2,nchovy==kraken,LogBench-O/repos/nchovy==kraken/DhcpDeclineHandler.java,42,logger,trace,network_address_format,True,"logger.trace(""kraken dhcp: client declined ip={}, mac={}"", msg.getClientAddress().getHostAddress(), msg
					.getClientMac())",network_address_format,true,Row-level review confirmed the visible source operations for: network_address_format.
ed7209171c44aadf,scaleunlimited==cascading.utils,LogBench-O/repos/scaleunlimited==cascading.utils/LocalPath.java,82,LOGGER,error,repeated_view,True,"LOGGER.error(""Exception deleting local path: "" + e.getMessage(), e)",repeated_view,true,Row-level review confirmed the visible source operations for: repeated_view.
edaedec7acb3e48b,pinpoint-apm==pinpoint,LogBench-O/repos/pinpoint-apm==pinpoint/ScatterChartController.java,158,logger,debug,temporal_format,True,"logger.debug(""getScatterData range scan(limited:{}, backwardDirection:{}) from ~ to:{} ~ {}, limited:{}, filterDataSize:{}"",
                    limit, backwardDirection, DateTimeFormatUtils.format(range.getFrom()), DateTimeFormatUtils.format(range.getTo()), DateTimeFormatUtils.format(limitedScanResult.getLimitedTime()), transactionIdList.size())",temporal_format,true,Row-level review confirmed the visible source operations for: temporal_format.
edef65fd7d2610de,julongchain==julongchain,LogBench-O/repos/julongchain==julongchain/PKCS11CspLog.java,52,logger,debug,explicit_object_rendering,False,logger.debug(value.toString()),explicit_object_rendering,true,Row-level review confirmed the visible source operations for: explicit_object_rendering.
edff06b72b817d82,iluwatar==java-design-patterns,LogBench-O/repos/iluwatar==java-design-patterns/Customer.java,76,LOGGER,info,numeric_layout_format,True,"LOGGER.info(
        String.format(
            ""%s want to buy %s($%.2f)..."",
            name, product.getName(), product.getSalePrice().getAmount()))",numeric_layout_format,true,Row-level review confirmed the visible source operations for: numeric_layout_format.
ee0259512564748e,spotify==helios,LogBench-O/repos/spotify==helios/DeadAgentReaper.java,94,log,info,human_readable_format,True,"log.info(""Reaping dead agent '{}' (DOWN for {} hours)"",
              agent, DurationFormatUtils.formatDurationHMS(downDurationMillis))",human_readable_format,true,Row-level review confirmed the visible source operations for: human_readable_format.
ee1adbf9419c8a8f,648540858==wvp-gb28181-pro,LogBench-O/repos/648540858==wvp-gb28181-pro/Jt808Decoder.java,113,log,error,radix_or_binary_encoding,True,"log.error(""转义2异常:{}"", ByteBufUtil.hexDump(byteBuf))",radix_or_binary_encoding,true,Row-level review confirmed the visible source operations for: radix_or_binary_encoding.
eecde927dd624f0b,nuls-io==nuls-v2,LogBench-O/repos/nuls-io==nuls-v2/Block.java,59,logger,debug,radix_or_binary_encoding,True,"logger.debug(""new from ["" + toHexString(rawData) + ""]"")",radix_or_binary_encoding,true,Row-level review confirmed the visible source operations for: radix_or_binary_encoding.
efc19a6389609c6e,apache==flink,LogBench-O/repos/apache==flink/BashJavaUtils.java,118,LOG,info,human_readable_format,True,"LOG.info(
                ""      JVM Heap:         {}"",
                flinkMemory.getJvmHeapMemorySize().toHumanReadableString())",human_readable_format,true,Row-level review confirmed the visible source operations for: human_readable_format.
f04b2772ef23549f,asoulcnki==asoulcnkibackend,LogBench-O/repos/asoulcnki==asoulcnkibackend/IDataServiceImpl.java,164,log,info,numeric_layout_format,True,"log.info(String.format(""train process: %.2f%% detail: %d/%d"", percent, i, node.size()))",numeric_layout_format,true,Row-level review confirmed the visible source operations for: numeric_layout_format.
f051c19cab32d360,phoenicisorg==phoenicis,LogBench-O/repos/phoenicisorg==phoenicis/DefaultRepositoryManager.java,133,LOGGER,info,structured_rendering;explicit_object_rendering,True,"LOGGER.info(String.format(""Adding repositories: %s at index %d"", Arrays.toString(repositoryUrls), index))",structured_rendering;explicit_object_rendering,true,"Row-level review confirmed the visible source operations for: structured_rendering, explicit_object_rendering."
f0a7ef3a627621c8,mauricioaniche==repodriller,LogBench-O/repos/mauricioaniche==repodriller/RepoDriller.java,67,log,info,temporal_format,True,"log.info(""Finished study at: "" + new SimpleDateFormat(""MM-dd-yyyy HH:mm:ss"").format(finish.getTime()))",temporal_format,true,Row-level review confirmed the visible source operations for: temporal_format.
f14ae438a1e49f77,apache==pulsar,LogBench-O/repos/apache==pulsar/ProxyServer.java,168,log,info,structured_rendering,True,"log.info(""Starting web socket proxy at port {}"", Arrays.stream(server.getConnectors())
                .map(ServerConnector.class::cast).map(ServerConnector::getPort).map(Object::toString)
                .collect(Collectors.joining("","")))",structured_rendering,true,Row-level review confirmed the visible source operations for: structured_rendering.
f15b9e273b087cf8,opennms==opennms,LogBench-O/repos/opennms==opennms/MonitoredServicesComponent.java,74,LOG,debug,network_address_format,True,"LOG.debug(""hasStatusChanged: resuming polling for service {} on node with IP {}"", targetObject.getServiceName(), targetObject.getIpAddress().getHostAddress())",network_address_format,true,Row-level review confirmed the visible source operations for: network_address_format.
f21c9c85f9d67089,instaclustr==esop,LogBench-O/repos/instaclustr==esop/TakeSnapshotOperation.java,60,logger,info,structured_rendering,True,"logger.info(""Snapshot '{}' was taken on {}."", request.tag, String.join("","", request.entities.getKeyspaces()))",structured_rendering,true,Row-level review confirmed the visible source operations for: structured_rendering.
f47f1e15440949f1,hartwigmedical==hmftools,LogBench-O/repos/hartwigmedical==hmftools/MarkDuplicates.java,146,MD_LOGGER,debug,numeric_layout_format,True,"MD_LOGGER.debug(""partition({}) total lock-acquisition time({})"",
                            partitionData.partitionStr(), format(""%.3f"", lockTime))",numeric_layout_format,true,Row-level review confirmed the visible source operations for: numeric_layout_format.
f4a442047a73f903,alibaba==canal,LogBench-O/repos/alibaba==canal/KuduEtlService.java,127,logger,error,repeated_view,True,"logger.error(e.getMessage(), e)",repeated_view,true,Row-level review confirmed the visible source operations for: repeated_view.
f4b881a21db0f0b0,apache==incubator-uniffle,LogBench-O/repos/apache==incubator-uniffle/LocalFileDeleteHandler.java,40,LOG,info,derived_view,True,"LOG.info(""Delete shuffle data for appId["" + appId + ""] with "" + shufflePath
            + "" cost "" + (System.currentTimeMillis() - start) + "" ms"")",derived_view,true,Row-level review confirmed the visible source operations for: derived_view.
f5399d1f08f89b83,universalmediaserver==universalmediaserver,LogBench-O/repos/universalmediaserver==universalmediaserver/JdkHttpServerStreamServer.java,115,LOGGER,trace,network_address_format,True,"LOGGER.trace(""Ip Filtering denying address: {}"", httpExchange.getRemoteAddress().getAddress().getHostAddress())",network_address_format,true,Row-level review confirmed the visible source operations for: network_address_format.
f57fc5b25e514893,arkcase==arkcase,LogBench-O/repos/arkcase==arkcase/OrganizationAssociationAPIController.java,69,log,trace,,False,"log.trace(""organizationAssociation parentType: {}"", in.getParentType())",,false,No operation covered by the frozen explicit-source rubric is visible. Preformatted variables and unknown helpers remain outside the lower bound.
f5b3608d3842c2fe,rhq-project==rhq,LogBench-O/repos/rhq-project==rhq/StorageClusterMonitor.java,45,log,info,network_address_format,True,"log.info(""Storage node at "" + address.getHostAddress() + "" has been removed from the cluster"")",network_address_format,true,Row-level review confirmed the visible source operations for: network_address_format.
f6c6adfd7df6211b,mr3project==hive-mr3,LogBench-O/repos/mr3project==hive-mr3/LowLevelFifoCachePolicy.java,70,LlapIoImpl.LOG,info,human_readable_format,True,"LlapIoImpl.LOG.info(""PURGE: evicted {} from FIFO policy"", LlapUtil.humanReadableByteCount(evicted))",human_readable_format,true,Row-level review confirmed the visible source operations for: human_readable_format.
f6f93373149d4676,julongchain==julongchain,LogBench-O/repos/julongchain==julongchain/VersionedLevelDB.java,119,log,debug,radix_or_binary_encoding,True,"log.debug(""Group ["" + dbName + ""]: Applying key(String)=["" + new String(compositeKey, StandardCharsets.UTF_8) + ""] key(bytes)=["" + Hex.toHexString(compositeKey) + ""]"")",radix_or_binary_encoding,true,Row-level review confirmed the visible source operations for: radix_or_binary_encoding.
f71ea7cf866ea910,esig==dss,LogBench-O/repos/esig==dss/XAdESOCSPSource.java,125,LOG,warn,repeated_view,True,"LOG.warn(""Cannot retrieve OCSP response from '{}' : {}"", ocspValue, e.getMessage(), e)",repeated_view,true,Row-level review confirmed the visible source operations for: repeated_view.
f72f7a2e31e621b1,sernet==verinice,LogBench-O/repos/sernet==verinice/DirectedVeriniceGraph.java,69,log,debug,,False,"log.debug(""Link found, source: "" + source.getTitle() + "", target: "" + edge.getTarget().getTitle() + "", link type: "" + linkTypeId)",,false,No operation covered by the frozen explicit-source rubric is visible. Preformatted variables and unknown helpers remain outside the lower bound.
f74207b1ff237735,doanduyhai==achilles,LogBench-O/repos/doanduyhai==achilles/ByteArrayPrimitiveCodec.java,56,LOGGER,trace,radix_or_binary_encoding,True,"LOGGER.trace(String.format(""Decoding ByteBuffer '%s' to byte[]"", Bytes.toHexString(fromCassandra.duplicate())))",radix_or_binary_encoding,true,Row-level review confirmed the visible source operations for: radix_or_binary_encoding.
f8213ff63982c7da,hartwigmedical==hmftools,LogBench-O/repos/hartwigmedical==hmftools/CopyNumberProfile.java,150,CT_LOGGER,trace,numeric_layout_format,True,"CT_LOGGER.trace(format(""segment(%s:%d - %d) copyNumber(%.2f) count(%d) mean(%.4f) median(%.4f)"",
                        cnSegment.Chromosome, cnSegment.SegmentStart, cnSegment.SegmentEnd, cnSegment.CopyNumber,
                        cnSegment.count(), cnSegment.mean(), cnSegment.median()))",numeric_layout_format,true,Row-level review confirmed the visible source operations for: numeric_layout_format.
f8fd7ebac7e32e86,kite-sdk==kite,LogBench-O/repos/kite-sdk==kite/Closeables.java,98,logger,log,,False,"logger.log(Level.SEVERE, ""IOException should not have been thrown."", e)",,false,No operation covered by the frozen explicit-source rubric is visible. Preformatted variables and unknown helpers remain outside the lower bound.
f93110397cc09b22,apache==maven-wagon,LogBench-O/repos/apache==maven-wagon/LatencyServlet.java,125,logger,info,derived_view,True,"logger.info( ""High-latency transfer done in "" + ( System.currentTimeMillis() - start ) + ""ms"" )",derived_view,true,Row-level review confirmed the visible source operations for: derived_view.
f983339bc9e8a715,llmhyy==evosuite-plus-plus,LogBench-O/repos/llmhyy==evosuite-plus-plus/ClassStatisticsPrinter.java,154,LoggingUtils.getEvoLogger(),info,derived_view,True,"LoggingUtils.getEvoLogger().info(""* Average cyclomatic complexity: ""+(complexity/CFGMethodAdapter.getNumMethods(TestGenerationContext.getInstance().getClassLoaderForSUT())))",derived_view,true,Row-level review confirmed the visible source operations for: derived_view.
f9bfe4e70e3be519,pi4j==pi4j-v2,LogBench-O/repos/pi4j==pi4j-v2/MockSpi.java,121,logger,info,radix_or_binary_encoding,True,"logger.info(StringUtil.toHexString(data, offset, length))",radix_or_binary_encoding,true,Row-level review confirmed the visible source operations for: radix_or_binary_encoding.
f9f6430ffe91338f,opencb==opencga,LogBench-O/repos/opencb==opencga/FillGapsDriver.java,118,logger,info,structured_rendering,True,"logger.info(""Query : "" + query.toJson())",structured_rendering,true,Row-level review confirmed the visible source operations for: structured_rendering.
fa3aa7f6504028d6,wso2==product-microgateway,LogBench-O/repos/wso2==product-microgateway/BinarySecureClientPoolFactory.java,106,log,warn,network_address_format,True,"log.warn(""Cannot close the socket successfully from "" + socket.getLocalAddress().getHostAddress()
                    + "":"" + socket.getPort())",network_address_format,true,Row-level review confirmed the visible source operations for: network_address_format.
faddcb3ff5fa2e55,clougence==hasor,LogBench-O/repos/clougence==hasor/RsfCenterServerVerifyFilter.java,77,logger,error,structured_rendering,True,"logger.error(LogUtils.create(""ERROR_300_00001"")//
                        .addLog(""rsfAddress"", request.getRemoteAddress().toHostSchema())//
                        .addLog(""errorMessage"", errorMessage)//
                        .addLog(""appKey"", appKey)//
                        .addLog(""appKeySecret"", appKeySecret)//
                        .toJson())",structured_rendering,true,Row-level review confirmed the visible source operations for: structured_rendering.
fcf3a44d5af36c52,logfellow==logstash-logback-encoder,LogBench-O/repos/logfellow==logstash-logback-encoder/FailureSummaryLoggingAppenderListener.java,57,logger,warn,temporal_format;explicit_object_rendering;derived_view,True,"logger.warn(""{} {} failures since {} for {}."",
                    StructuredArguments.value(""failEventCount"", failureSummary.getConsecutiveFailures()),
                    StructuredArguments.value(""failType"", callbackType.name().toLowerCase()),
                    StructuredArguments.value(""failStartTime"", DateTimeFormatter.ISO_OFFSET_DATE_TIME.withZone(TimeZone.getDefault().toZoneId()).format(Instant.ofEpochMilli(failureSummary.getFirstFailureTime()))),
                    StructuredArguments.value(""failDuration"", Duration.ofMillis(System.currentTimeMillis() - failureSummary.getFirstFailureTime()).toString()),
                    failureSummary.getMostRecentFailure())",temporal_format;explicit_object_rendering;derived_view,true,"Row-level review confirmed the visible source operations for: temporal_format, explicit_object_rendering, derived_view."
fd9a427f85f521f8,nielsbasjes==yauaa,LogBench-O/repos/nielsbasjes==yauaa/AnalyzerPreHeater.java,105,LOG,info,derived_view;repeated_view,True,"LOG.info(""Preheating JVM completed. Parsing %d testcases took %d ms (average %6.6f ms)"",
                preheatIterations, (stopTime-startTime)/1_000_000, (stopTime-startTime)/1_000_000.0/preheatIterations)",derived_view;repeated_view,true,"Row-level review confirmed the visible source operations for: derived_view, repeated_view."
fe299914f1248388,dogtagpki==pki,LogBench-O/repos/dogtagpki==pki/RunListeners.java,73,logger,info,radix_or_binary_encoding,True,"logger.info(""RunListeners: Processing request "" + mRequest.getRequestId().toHexString())",radix_or_binary_encoding,true,Row-level review confirmed the visible source operations for: radix_or_binary_encoding.
fed0b1f5bb43bbf4,semuxproject==semux-core,LogBench-O/repos/semuxproject==semux-core/SemuxPerformance.java,62,logger,info,temporal_format,True,"logger.info(new SimpleDateFormat(""[HH:mm:ss]"").format(new Date()) + "" "" + i)",temporal_format,true,Row-level review confirmed the visible source operations for: temporal_format.
ff2081970838eb64,shifuml==guagua,LogBench-O/repos/shifuml==guagua/WorkerComputableTimer.java,68,LOG,info,derived_view,True,"LOG.info(""Application {} container {} iteration {} computation ends with {}ms execution time."",
                context.getAppId(), context.getContainerId(), context.getCurrentIteration(),
                TimeUnit.NANOSECONDS.toMillis(System.nanoTime() - this.iterStartTime))",derived_view,true,Row-level review confirmed the visible source operations for: derived_view.
ffed2372b6622b6f,opennms==opennms,LogBench-O/repos/opennms==opennms/DetectorRunner.java,91,LOG,info,network_address_format,True,"LOG.info(""Completed detector execution for service {} on address {} at location {}"",
                                m_detectorConfig.getName(), getHostAddress(), getLocationName())",network_address_format,true,Row-level review confirmed the visible source operations for: network_address_format.
