repository,java_files,parse_error_files,files_with_logging_calls,logging_calls,strict_candidates,broad_candidates,numeric_layout_format,temporal_format,human_readable_format,radix_or_binary_encoding,network_address_format,structured_rendering,explicit_object_rendering,derived_view,repeated_view,strict_fraction,broad_fraction
1619khze==aquiver,9,0,9,13,0,0,0,0,0,0,0,0,0,0,0,0.0,0.0
1and1==cosmo,37,0,37,101,1,27,0,0,0,0,0,0,26,0,1,0.009900990099009901,0.26732673267326734
3redronin==mu-server,11,0,10,19,0,0,0,0,0,0,0,0,0,0,0,0.0,0.0
417511458==jbone,1,0,1,1,0,1,0,0,0,0,0,0,1,0,0,0.0,1.0
42bv==beanmapper,8,0,8,10,0,0,0,0,0,0,0,0,0,0,0,0.0,0.0
42bv==csveed,10,0,10,18,0,0,0,0,0,0,0,0,0,0,0,0.0,0.0
4pr0n==ripme,50,0,50,120,2,6,0,0,0,0,0,0,4,0,2,0.016666666666666666,0.05
4thline==cling,34,0,31,83,0,2,0,0,0,0,0,0,2,0,0,0.0,0.024096385542168676
51degrees==java-device-detection,6,0,6,20,0,0,0,0,0,0,0,0,0,0,0,0.0,0.0
52north==arctic-sea,108,0,108,204,6,10,0,0,0,0,0,0,4,1,5,0.029411764705882353,0.049019607843137254
52north==sensorweb-server-helgoland,16,0,16,32,2,3,0,0,0,0,0,0,1,0,2,0.0625,0.09375
52north==sos,81,0,80,153,3,6,0,0,0,0,0,2,4,0,1,0.0196078431372549,0.0392156862745098
52north==wps,31,0,31,92,9,12,0,0,0,0,0,1,3,0,8,0.09782608695652174,0.13043478260869565
648540858==wvp-gb28181-pro,82,0,81,324,29,29,0,0,0,6,0,16,0,0,7,0.08950617283950617,0.08950617283950617
77kkyu==style_is_you,3,0,3,13,0,0,0,0,0,0,0,0,0,0,0,0.0,0.0
88250==latke,30,0,28,65,1,5,0,0,0,0,0,0,4,0,1,0.015384615384615385,0.07692307692307693
a248==libertybans,44,0,44,105,2,2,1,0,0,0,0,0,0,1,1,0.01904761904761905,0.01904761904761905
a5h73y==parkour,10,0,7,29,1,1,0,0,0,0,0,0,0,1,0,0.034482758620689655,0.034482758620689655
aaberg==sql2o,4,0,3,6,0,0,0,0,0,0,0,0,0,0,0,0.0,0.0
abashev==vfs-s3,3,0,3,10,0,0,0,0,0,0,0,0,0,0,0,0.0,0.0
abel533==guns,7,0,7,17,0,0,0,0,0,0,0,0,0,0,0,0.0,0.0
abel533==mapper,4,0,4,7,0,0,0,0,0,0,0,0,0,0,0,0.0,0.0
abixen==abixen-platform,96,0,96,338,2,2,0,0,0,0,0,0,1,1,1,0.005917159763313609,0.005917159763313609
aboutsip==pkts,1,0,1,1,0,0,0,0,0,0,0,0,0,0,0,0.0,0.0
acmenlt==dynamic-threadpool,122,0,122,307,30,33,0,0,0,0,0,12,3,3,18,0.09771986970684039,0.10749185667752444
actiontech==dble,247,0,239,636,6,49,0,1,0,0,0,1,44,1,3,0.009433962264150943,0.0770440251572327
actiontech==txle,51,0,51,125,2,24,0,0,0,0,0,0,22,2,0,0.016,0.192
activej==activej,29,0,28,45,4,4,0,0,0,0,0,2,0,0,2,0.08888888888888889,0.08888888888888889
activiti==activiti,93,0,92,179,3,9,0,0,0,0,0,0,6,0,3,0.01675977653631285,0.05027932960893855
addthis==hydra,127,0,127,324,18,28,0,0,0,0,0,5,13,3,13,0.05555555555555555,0.08641975308641975
addthis==metrics-reporter-config,21,0,21,49,0,0,0,0,0,0,0,0,0,0,0,0.0,0.0
adlered==bolo-solo,58,0,57,152,3,8,0,0,0,0,0,0,5,0,3,0.019736842105263157,0.05263157894736842
admin-ch==covidcertificate-management-service,48,0,48,188,18,18,0,4,0,0,0,1,1,3,10,0.09574468085106383,0.09574468085106383
adobe-consulting-services==acs-aem-commons,170,0,169,433,11,15,0,0,0,0,0,3,5,6,2,0.025404157043879907,0.03464203233256351
adobe-consulting-services==acs-aem-samples,8,0,8,15,0,0,0,0,0,0,0,0,0,0,0,0.0,0.0
adobe-consulting-services==acs-aem-tools,8,0,8,20,0,0,0,0,0,0,0,0,0,0,0,0.0,0.0
adobe-marketing-cloud==asset-share-commons,21,0,21,40,0,4,0,0,0,0,0,0,4,0,0,0.0,0.1
adobe==aem-component-generator,1,0,1,1,0,0,0,0,0,0,0,0,0,0,0,0.0,0.0
adobe==aem-modernize-tools,11,0,11,21,1,1,0,0,0,0,0,0,0,1,0,0.047619047619047616,0.047619047619047616
adobe==aem-testing-clients,5,0,5,10,3,3,0,0,0,0,0,0,0,0,3,0.3,0.3
adobe==asset-share-commons,21,0,21,40,0,4,0,0,0,0,0,0,4,0,0,0.0,0.1
adorsys==datasafe,39,0,39,112,8,9,0,0,0,0,0,0,1,0,8,0.07142857142857142,0.08035714285714286
adorsys==ledgers,43,0,43,108,9,10,0,0,0,0,0,0,1,9,0,0.08333333333333333,0.09259259259259259
adorsys==open-banking-gateway,128,0,128,356,6,7,0,0,0,0,0,0,1,0,6,0.016853932584269662,0.019662921348314606
adorsys==xs2a,138,0,138,338,9,17,0,0,0,0,0,0,8,5,4,0.026627218934911243,0.05029585798816568
adyliu==jafka,29,0,29,98,14,18,0,0,0,0,1,0,4,2,11,0.14285714285714285,0.1836734693877551
aehrc==pathling,22,0,22,31,0,0,0,0,0,0,0,0,0,0,0,0.0,0.0
aerogear-attic==aerogear-simplepush-server,28,0,28,61,1,2,0,0,0,0,0,1,1,0,0,0.01639344262295082,0.03278688524590164
aerogear==aerogear-unifiedpush-server,25,0,25,75,6,7,0,0,0,0,0,0,1,0,6,0.08,0.09333333333333334
aerospike==aerospike-loader,2,0,2,5,2,3,0,0,0,0,0,0,2,2,0,0.4,0.6
afimb==chouette,171,0,163,421,33,35,0,0,0,0,0,0,2,0,33,0.07838479809976247,0.0831353919239905
afrozaar==wp-api-v2-client-java,5,0,5,17,0,0,0,0,0,0,0,0,0,0,0,0.0,0.0
afs==rdf-delta,35,0,33,57,3,3,0,0,0,0,0,0,0,2,1,0.05263157894736842,0.05263157894736842
agno3==jcifs-ng,17,0,17,27,3,4,0,0,0,3,0,0,1,0,0,0.1111111111111111,0.14814814814814814
agrestio==agrest,17,0,17,31,0,2,0,0,0,0,0,0,2,0,0,0.0,0.06451612903225806
agroal==agroal,1,0,1,2,0,0,0,0,0,0,0,0,0,0,0,0.0,0.0
ahus1==prometheus-hystrix,1,0,1,1,1,1,0,0,0,0,0,0,0,0,1,1.0,1.0
aicis==fresco,18,0,8,11,0,0,0,0,0,0,0,0,0,0,0,0.0,0.0
airbnb==billow,3,0,3,15,0,0,0,0,0,0,0,0,0,0,0,0.0,0.0
airsonic==airsonic,37,0,37,96,4,8,0,0,0,0,0,0,5,0,4,0.041666666666666664,0.08333333333333333
ajanata==pretendyourexyzzy,10,0,10,18,0,0,0,0,0,0,0,0,0,0,0,0.0,0.0
aksw==kbox,3,0,3,3,0,0,0,0,0,0,0,0,0,0,0,0.0,0.0
aksw==lsq,6,0,5,12,0,1,0,0,0,0,0,0,1,0,0,0.0,0.08333333333333333
aksw==rdfunit,32,0,32,71,0,1,0,0,0,0,0,0,1,0,0,0.0,0.014084507042253521
alangsuo==bilibili-helper-pre,21,0,21,126,2,5,0,0,0,0,0,0,3,2,0,0.015873015873015872,0.03968253968253968
alejandrorivera==embedded-rabbitmq,9,0,9,35,0,0,0,0,0,0,0,0,0,0,0,0.0,0.0
alexec==docker-java-orchestration,7,0,7,11,0,2,0,0,0,0,0,0,2,0,0,0.0,0.18181818181818182
alexec==docker-maven-plugin,2,0,2,5,0,0,0,0,0,0,0,0,0,0,0,0.0,0.0
alexnederlof==jasper-report-maven-plugin,1,0,1,2,1,1,0,0,0,0,0,0,0,0,1,0.5,0.5
alexo==wro4j,107,0,106,236,9,13,0,0,0,0,0,2,6,2,5,0.038135593220338986,0.05508474576271186
alexxiyang==shiro-redis,2,0,2,4,0,0,0,0,0,0,0,0,0,0,0,0.0,0.0
alfasoftware==astra,11,0,11,13,1,3,0,0,0,0,0,1,2,0,0,0.07692307692307693,0.23076923076923078
alfasoftware==morf,18,0,18,33,0,0,0,0,0,0,0,0,0,0,0,0.0,0.0
alfresco==alfresco-community-repo,292,0,291,571,18,58,0,0,0,0,0,0,41,13,5,0.03152364273204904,0.10157618213660245
alfresco==gytheio,17,0,17,39,11,14,0,0,0,0,0,0,3,1,10,0.28205128205128205,0.358974358974359
alfresco==searchservices,18,0,18,49,1,1,0,0,0,0,0,0,0,0,1,0.02040816326530612,0.02040816326530612
alibaba==alink,111,0,93,235,16,26,0,0,0,0,0,9,10,6,1,0.06808510638297872,0.11063829787234042
alibaba==arthas,59,0,58,118,9,9,0,0,0,0,0,7,4,1,1,0.07627118644067797,0.07627118644067797
alibaba==canal,76,0,76,247,78,83,0,0,0,0,0,5,5,3,70,0.3157894736842105,0.3360323886639676
alibaba==celeborn,26,0,26,50,4,6,0,0,0,0,0,1,2,1,2,0.08,0.12
alibaba==compileflow,5,0,5,13,1,1,0,0,0,0,0,0,0,0,1,0.07692307692307693,0.07692307692307693
alibaba==datax,100,0,97,290,51,63,2,0,0,0,0,22,12,1,26,0.17586206896551723,0.21724137931034482
alibaba==easyexcel,35,0,35,90,21,21,0,0,0,0,0,21,0,0,0,0.23333333333333334,0.23333333333333334
alibaba==innodb-java-reader,9,0,9,12,5,5,0,0,1,0,0,0,0,2,3,0.4166666666666667,0.4166666666666667
alibaba==jetcache,17,0,17,39,4,7,0,0,0,0,0,0,3,0,4,0.10256410256410256,0.1794871794871795
alibaba==nacos,184,0,183,486,32,44,0,0,0,0,0,4,22,5,24,0.06584362139917696,0.09053497942386832
alibaba==otter,89,0,89,226,4,16,0,0,0,0,0,0,12,0,4,0.017699115044247787,0.07079646017699115
alibaba==remoteshuffleservice,26,0,26,50,4,6,0,0,0,0,0,1,2,1,2,0.08,0.12
alibaba==rsqldb,15,0,15,27,7,7,0,0,0,0,0,0,0,0,7,0.25925925925925924,0.25925925925925924
alibaba==smartengine,25,0,23,28,3,3,0,0,0,0,0,0,0,0,3,0.10714285714285714,0.10714285714285714
alibaba==transmittable-thread-local,7,0,7,20,4,4,0,0,0,0,0,0,0,0,4,0.2,0.2
alien4cloud==alien4cloud,169,0,167,338,17,28,0,0,0,0,0,3,14,4,10,0.05029585798816568,0.08284023668639054
aliyun==aliyun-log-flink-connector,4,0,4,19,1,1,0,0,0,0,0,0,0,0,1,0.05263157894736842,0.05263157894736842
aliyun==aliyun-log-log4j2-appender,1,0,1,1,0,0,0,0,0,0,0,0,0,0,0,0.0,0.0
aliyun==aliyun-odps-java-sdk,3,0,3,4,2,2,0,0,0,0,0,0,0,0,2,0.5,0.5
aliyun==aliyun-odps-jdbc,3,0,3,11,1,1,0,0,0,0,0,0,0,1,0,0.09090909090909091,0.09090909090909091
aliyun==aliyun-tsdb-java-sdk,17,0,17,42,1,2,0,0,0,0,0,0,1,1,0,0.023809523809523808,0.047619047619047616
allure-framework==allure-bamboo,7,0,7,20,0,2,0,0,0,0,0,0,2,0,0,0.0,0.1
allure-framework==allure-maven,6,0,6,21,0,0,0,0,0,0,0,0,0,0,0,0.0,0.0
allure-framework==allure1,13,0,13,24,0,1,0,0,0,0,0,0,1,0,0,0.0,0.041666666666666664
alluxio==alluxio,216,0,216,467,9,35,0,0,0,0,0,5,27,0,4,0.019271948608137045,0.07494646680942184
allwefantasy==serviceframework,21,0,20,48,0,0,0,0,0,0,0,0,0,0,0,0.0,0.0
alphartdev==bungeeadmintools,3,1,2,3,0,0,0,0,0,0,0,0,0,0,0,0.0,0.0
amadeusitgroup==sonar-stash,5,0,4,8,0,0,0,0,0,0,0,0,0,0,0,0.0,0.0
americanexpress==synapse,24,1,23,26,0,0,0,0,0,0,0,0,0,0,0,0.0,0.0
amidst==toolbox,7,0,4,6,0,0,0,0,0,0,0,0,0,0,0,0.0,0.0
andriyanov-roman==planet,2,0,2,4,0,0,0,0,0,0,0,0,0,0,0,0.0,0.0
angel-ml==serving,1,0,1,3,1,1,0,0,0,0,0,0,0,1,0,0.3333333333333333,0.3333333333333333
anno4j==anno4j,8,0,8,16,7,7,0,0,0,0,0,0,6,0,7,0.4375,0.4375
ant-media==ant-media-server,63,0,63,247,2,9,0,0,0,1,0,1,8,0,0,0.008097165991902834,0.03643724696356275
anthonyraymond==joal,23,0,23,87,24,26,0,0,21,0,3,0,2,0,0,0.27586206896551724,0.2988505747126437
antlr4ide==antlr4ide,2,0,2,7,0,0,0,0,0,0,0,0,0,0,0,0.0,0.0
apache==accumulo,146,0,144,320,33,39,2,0,0,0,0,3,7,2,26,0.103125,0.121875
apache==accumulo-examples,17,0,16,45,2,5,2,0,0,0,0,0,3,2,0,0.044444444444444446,0.1111111111111111
apache==activemq,163,0,157,404,40,52,0,0,0,0,0,0,12,1,39,0.09900990099009901,0.12871287128712872
apache==activemq-apollo,5,0,5,5,2,2,0,0,0,0,0,0,0,0,2,0.4,0.4
apache==activemq-artemis,121,0,120,385,24,38,1,0,0,0,0,1,19,3,20,0.06233766233766234,0.0987012987012987
apache==airavata,120,0,117,404,61,70,0,0,0,0,0,0,9,0,61,0.15099009900990099,0.17326732673267325
apache==ambari,165,0,165,448,17,19,0,0,0,0,0,1,3,3,13,0.03794642857142857,0.04241071428571429
apache==ambari-logsearch,87,0,87,270,2,9,0,0,0,0,0,0,7,0,2,0.007407407407407408,0.03333333333333333
apache==ambari-metrics,36,0,36,102,4,12,0,0,0,0,0,2,10,2,0,0.0392156862745098,0.11764705882352941
apache==apex-core,47,0,44,99,2,3,0,0,0,0,0,1,2,1,0,0.020202020202020204,0.030303030303030304
apache==archiva,51,0,49,90,23,24,0,0,0,0,0,0,2,0,23,0.25555555555555554,0.26666666666666666
apache==aries-jax-rs-whiteboard,6,0,6,41,0,0,0,0,0,0,0,0,0,0,0,0.0,0.0
apache==atlas,133,0,132,472,17,19,0,1,0,0,0,5,3,1,10,0.036016949152542374,0.04025423728813559
apache==attic-apex-core,47,0,44,99,2,3,0,0,0,0,0,1,2,1,0,0.020202020202020204,0.030303030303030304
apache==attic-mrunit,3,0,3,6,0,2,0,0,0,0,0,0,2,0,0,0.0,0.3333333333333333
apache==attic-ode,104,0,11,44,1,2,0,0,0,0,0,0,1,0,1,0.022727272727272728,0.045454545454545456
apache==attic-stratos,370,0,367,1170,25,51,5,0,0,0,0,2,26,4,14,0.021367521367521368,0.04358974358974359
apache==bahir-flink,18,0,18,44,3,3,0,0,0,0,0,1,0,1,2,0.06818181818181818,0.06818181818181818
apache==bookkeeper,214,0,213,545,14,20,0,0,2,4,0,2,7,5,5,0.025688073394495414,0.03669724770642202
apache==brooklyn-server,199,0,196,419,16,21,0,0,0,0,0,1,6,1,14,0.03818615751789976,0.050119331742243436
apache==camel-kamelets,3,0,3,8,2,2,0,0,0,0,0,0,0,0,2,0.25,0.25
apache==camel-quarkus,107,0,99,223,11,29,4,0,0,0,0,2,20,0,5,0.04932735426008968,0.13004484304932734
apache==cayenne,62,0,61,92,1,1,0,0,0,0,0,0,0,0,1,0.010869565217391304,0.010869565217391304
apache==chemistry-opencmis,26,0,26,60,11,12,0,0,0,0,0,0,10,0,11,0.18333333333333332,0.2
apache==chukwa,100,0,96,308,7,11,0,0,0,0,0,1,5,4,2,0.022727272727272728,0.03571428571428571
apache==cloudstack,542,0,536,1451,58,134,0,0,2,0,1,6,92,5,44,0.03997243280496209,0.0923501033769814
apache==commons-configuration,5,0,5,9,0,0,0,0,0,0,0,0,0,0,0,0.0,0.0
apache==commons-dbcp,4,0,2,4,0,0,0,0,0,0,0,0,0,0,0,0.0,0.0
apache==commons-logging,2,0,1,1,0,0,0,0,0,0,0,0,0,0,0,0.0,0.0
apache==commons-net,1,0,0,0,0,0,0,0,0,0,0,0,0,0,0,0.0,0.0
apache==commons-vfs,4,0,4,7,1,1,0,0,0,0,0,0,0,0,1,0.14285714285714285,0.14285714285714285
apache==crunch,21,0,21,31,0,1,0,0,0,0,0,0,1,0,0,0.0,0.03225806451612903
apache==curator,24,0,24,42,0,2,0,0,0,0,0,0,2,0,0,0.0,0.047619047619047616
apache==cxf-fediz,70,0,70,195,5,14,0,0,0,0,0,1,10,0,4,0.02564102564102564,0.07179487179487179
apache==directmemory,9,0,9,35,2,4,0,0,0,0,0,0,2,2,0,0.05714285714285714,0.11428571428571428
apache==directory-fortress-core,11,0,11,28,5,5,0,0,0,0,0,0,0,0,5,0.17857142857142858,0.17857142857142858
apache==directory-kerby,26,0,26,47,0,11,0,0,0,0,0,0,11,0,0,0.0,0.23404255319148937
apache==directory-ldap-api,166,0,166,366,0,3,0,0,0,0,0,0,3,0,0,0.0,0.00819672131147541
apache==directory-scimple,11,0,10,29,0,0,0,0,0,0,0,0,0,0,0,0.0,0.0
apache==directory-server,63,0,62,133,5,6,0,0,0,0,0,0,1,1,4,0.03759398496240601,0.045112781954887216
apache==directory-studio,12,0,12,13,0,0,0,0,0,0,0,0,0,0,0,0.0,0.0
apache==distributedlog,37,0,37,70,0,0,0,0,0,0,0,0,0,0,0,0.0,0.0
apache==drill,231,1,209,377,26,47,0,0,0,0,0,0,21,2,25,0.06896551724137931,0.1246684350132626
apache==druid,261,0,261,622,24,31,1,0,0,0,0,9,9,11,4,0.03858520900321544,0.04983922829581994
apache==dubbo,197,0,195,502,103,109,0,0,0,0,0,12,17,3,88,0.2051792828685259,0.21713147410358566
apache==dubbo-spi-extensions,42,0,42,86,32,32,0,0,0,0,0,0,0,0,32,0.37209302325581395,0.37209302325581395
apache==empire-db,53,0,53,104,1,2,0,0,0,0,0,0,1,0,1,0.009615384615384616,0.019230769230769232
apache==falcon,82,0,81,234,3,20,0,0,0,0,0,2,20,0,1,0.01282051282051282,0.08547008547008547
apache==flink,324,0,322,709,39,44,0,0,22,0,0,5,6,3,9,0.05500705218617771,0.06205923836389281
apache==flink-benchmarks,1,0,1,3,0,0,0,0,0,0,0,0,0,0,0,0.0,0.0
apache==flink-connector-elasticsearch,7,0,7,19,2,4,0,0,0,0,0,0,2,0,2,0.10526315789473684,0.21052631578947367
apache==flink-connector-jdbc,8,0,8,18,1,1,0,0,0,0,0,0,0,0,1,0.05555555555555555,0.05555555555555555
apache==flink-kubernetes-operator,38,0,38,114,3,3,0,0,0,0,1,0,0,2,0,0.02631578947368421,0.02631578947368421
apache==flink-ml,5,0,3,4,0,0,0,0,0,0,0,0,0,0,0,0.0,0.0
apache==flink-statefun,8,0,8,11,1,3,0,0,0,0,1,0,2,0,0,0.09090909090909091,0.2727272727272727
apache==flink-table-store,41,0,39,76,7,8,0,0,0,0,0,6,1,0,1,0.09210526315789473,0.10526315789473684
apache==flume,59,0,59,185,3,9,0,0,0,1,0,0,6,2,0,0.016216216216216217,0.04864864864864865
apache==fluo,25,0,25,33,2,2,0,0,0,0,0,0,0,1,1,0.06060606060606061,0.06060606060606061
apache==geronimo,199,0,193,514,12,23,0,0,1,0,0,0,12,0,11,0.023346303501945526,0.04474708171206226
apache==giraph,51,0,50,92,1,3,0,0,0,0,0,0,2,0,1,0.010869565217391304,0.03260869565217391
apache==gora,52,0,52,139,6,20,0,0,0,0,0,0,14,4,2,0.04316546762589928,0.14388489208633093
apache==guacamole-client,16,0,16,48,0,0,0,0,0,0,0,0,0,0,0,0.0,0.0
apache==hadoop,571,0,567,1251,37,85,0,2,0,1,1,2,55,12,19,0.029576338928856916,0.06794564348521183
apache==hama,30,0,26,90,2,7,0,0,0,0,0,1,6,1,0,0.022222222222222223,0.07777777777777778
apache==hbase,323,0,322,727,43,64,0,3,3,0,0,4,34,16,18,0.059147180192572216,0.08803301237964237
apache==hbase-operator-tools,4,0,4,16,0,1,0,0,0,0,0,0,1,0,0,0.0,0.0625
apache==helix,130,0,129,366,9,24,0,0,0,0,0,1,16,7,1,0.02459016393442623,0.06557377049180328
apache==hive,510,0,489,1070,39,55,1,0,1,0,0,5,21,7,25,0.03644859813084112,0.0514018691588785
apache==hop,20,0,20,36,0,0,0,0,0,0,0,0,0,0,0,0.0,0.0
apache==httpcomponents-client,20,0,20,64,3,3,0,0,0,0,0,1,0,0,2,0.046875,0.046875
apache==httpcomponents-core,10,0,10,40,4,6,0,0,0,0,0,0,2,0,4,0.1,0.15
apache==hudi,201,0,199,447,7,16,0,0,0,0,1,2,10,3,1,0.015659955257270694,0.035794183445190156
apache==ignite,192,0,147,391,5,9,1,0,0,0,0,1,5,2,1,0.01278772378516624,0.023017902813299233
apache==incubator-baremaps,22,0,19,34,0,0,0,0,0,0,0,0,0,0,0,0.0,0.0
apache==incubator-crail,33,0,32,107,3,5,0,0,0,0,2,0,2,1,0,0.028037383177570093,0.04672897196261682
apache==incubator-hivemall,9,0,6,16,0,1,0,0,0,0,0,0,1,0,0,0.0,0.0625
apache==incubator-hop,20,0,20,36,0,0,0,0,0,0,0,0,0,0,0,0.0,0.0
apache==incubator-hugegraph,85,0,85,186,5,5,0,0,0,0,0,0,0,1,4,0.026881720430107527,0.026881720430107527
apache==incubator-hugegraph-commons,7,0,7,20,1,1,0,0,0,0,0,0,0,0,1,0.05,0.05
apache==incubator-hugegraph-computer,28,0,28,61,2,2,0,0,0,0,0,0,0,0,2,0.03278688524590164,0.03278688524590164
apache==incubator-inlong,361,0,358,1152,120,183,0,0,0,1,0,5,65,7,109,0.10416666666666667,0.15885416666666666
apache==incubator-linkis,151,0,149,397,21,29,0,0,0,0,0,10,11,1,10,0.05289672544080604,0.07304785894206549
apache==incubator-nemo,37,0,37,71,1,6,0,0,0,0,0,0,5,1,0,0.014084507042253521,0.08450704225352113
apache==incubator-pinot,190,0,188,473,30,42,0,0,0,0,0,6,12,17,7,0.06342494714587738,0.08879492600422834
apache==incubator-ratis,38,0,38,117,2,4,0,0,0,0,0,2,4,0,0,0.017094017094017096,0.03418803418803419
apache==incubator-retired-blur,60,0,59,167,7,21,0,0,0,0,0,0,14,4,5,0.041916167664670656,0.12574850299401197
apache==incubator-retired-gossip,8,0,8,20,0,0,0,0,0,0,0,0,0,0,0,0.0,0.0
apache==incubator-retired-pirk,36,0,36,80,0,14,0,0,0,0,0,0,14,0,0,0.0,0.175
apache==incubator-retired-slider,41,0,41,105,4,8,0,0,0,0,0,0,4,1,3,0.0380952380952381,0.0761904761904762
apache==incubator-samoa,23,0,22,50,0,5,0,0,0,0,0,0,5,0,0,0.0,0.1
apache==incubator-seatunnel,128,0,127,302,11,13,0,0,0,0,0,4,2,2,5,0.03642384105960265,0.04304635761589404
apache==incubator-seatunnel-web,3,0,3,7,1,1,0,0,0,0,0,0,0,0,1,0.14285714285714285,0.14285714285714285
apache==incubator-sedona,14,0,12,25,0,1,0,0,0,0,0,0,1,0,0,0.0,0.04
apache==incubator-sentry,50,0,50,126,4,4,0,0,0,0,0,0,0,0,4,0.031746031746031744,0.031746031746031744
apache==incubator-shenyu,166,0,159,368,17,24,0,0,0,0,0,8,7,0,9,0.04619565217391304,0.06521739130434782
apache==incubator-streampark,24,0,24,44,5,5,0,0,0,0,0,0,0,0,5,0.11363636363636363,0.11363636363636363
apache==incubator-streampipes,141,0,136,311,1,20,0,0,0,0,0,0,19,0,1,0.003215434083601286,0.06430868167202572
apache==incubator-streampipes-extensions,30,0,28,51,0,4,0,0,0,0,0,0,4,0,0,0.0,0.0784313725490196
apache==incubator-tez,38,0,37,93,1,4,0,0,0,0,0,0,3,1,0,0.010752688172043012,0.043010752688172046
apache==incubator-tubemq,361,0,358,1152,120,183,0,0,0,1,0,5,65,7,109,0.10416666666666667,0.15885416666666666
apache==incubator-uniffle,61,0,61,153,12,17,0,0,0,0,0,3,5,9,0,0.0784313725490196,0.1111111111111111
apache==incubator-wayang,31,0,29,45,6,6,0,0,2,0,0,4,4,0,2,0.13333333333333333,0.13333333333333333
apache==inlong,362,0,359,1159,119,182,0,0,0,1,0,5,65,7,108,0.10267471958584987,0.15703192407247626
apache==iotdb,281,0,280,712,21,34,0,0,0,0,0,1,14,4,17,0.02949438202247191,0.047752808988764044
apache==james-mime4j,1,0,1,2,0,0,0,0,0,0,0,0,0,0,0,0.0,0.0
apache==james-project,315,0,311,576,12,28,0,0,1,0,3,0,16,3,5,0.020833333333333332,0.04861111111111111
apache==jena,201,0,189,359,7,12,0,0,0,0,0,0,5,0,7,0.019498607242339833,0.033426183844011144
apache==jspwiki,37,0,36,72,6,8,0,0,0,0,0,0,2,0,6,0.08333333333333333,0.1111111111111111
apache==karaf,74,0,73,170,20,24,0,0,0,0,1,0,4,1,18,0.11764705882352941,0.1411764705882353
apache==karaf-cellar,35,0,35,124,0,1,0,0,0,0,0,0,1,0,0,0.0,0.008064516129032258
apache==karaf-decanter,39,0,39,100,0,2,0,0,0,0,0,0,2,0,0,0.0,0.02
apache==knox,15,1,14,26,0,5,0,0,0,0,0,0,5,0,0,0.0,0.19230769230769232
apache==kylin,171,0,164,485,32,47,3,0,0,0,1,7,22,13,8,0.06597938144329897,0.09690721649484536
apache==log4j,47,0,31,200,0,0,0,0,0,0,0,0,0,0,0,0.0,0.0
apache==logging-log4j1,47,0,31,200,0,0,0,0,0,0,0,0,0,0,0,0.0,0.0
apache==mahout,63,0,58,124,13,18,0,0,0,0,0,2,8,7,4,0.10483870967741936,0.14516129032258066
apache==manifoldcf,58,0,58,121,55,60,0,0,0,0,0,0,5,0,55,0.45454545454545453,0.49586776859504134
apache==maven,28,0,25,115,1,22,0,0,0,0,0,0,21,0,1,0.008695652173913044,0.19130434782608696
apache==maven-assembly-plugin,4,0,4,7,0,3,0,0,0,0,0,0,3,0,0,0.0,0.42857142857142855
apache==maven-build-cache-extension,6,0,6,7,0,0,0,0,0,0,0,0,0,0,0,0.0,0.0
apache==maven-checkstyle-plugin,1,0,1,2,0,0,0,0,0,0,0,0,0,0,0,0.0,0.0
apache==maven-dependency-plugin,14,0,14,25,1,3,0,0,0,0,0,1,2,0,0,0.04,0.12
apache==maven-doxia,1,0,1,1,0,0,0,0,0,0,0,0,0,0,0,0.0,0.0
apache==maven-indexer,9,0,9,22,1,1,0,0,0,0,0,0,0,0,1,0.045454545454545456,0.045454545454545456
apache==maven-javadoc-plugin,2,0,2,6,0,0,0,0,0,0,0,0,0,0,0,0.0,0.0
apache==maven-mvnd,7,0,4,15,2,2,0,0,0,0,0,2,0,0,0,0.13333333333333333,0.13333333333333333
apache==maven-plugin-tools,13,0,13,28,0,0,0,0,0,0,0,0,0,0,0,0.0,0.0
apache==maven-pmd-plugin,3,0,3,9,1,4,0,0,0,0,0,0,3,0,1,0.1111111111111111,0.4444444444444444
apache==maven-project-info-reports-plugin,1,0,1,1,0,0,0,0,0,0,0,0,0,0,0,0.0,0.0
apache==maven-release,11,0,11,32,1,1,0,0,0,0,0,1,0,0,0,0.03125,0.03125
apache==maven-resolver,17,0,17,36,0,3,0,0,0,0,0,0,3,0,0,0.0,0.08333333333333333
apache==maven-scm,62,0,62,106,2,8,0,0,0,0,0,0,6,0,2,0.018867924528301886,0.07547169811320754
apache==maven-site-plugin,11,0,11,23,0,2,0,0,0,0,0,0,2,0,0,0.0,0.08695652173913043
apache==maven-wagon,10,0,10,19,3,3,0,0,0,0,0,0,0,3,0,0.15789473684210525,0.15789473684210525
apache==metamodel,55,0,55,93,4,4,0,0,0,0,0,1,1,0,3,0.043010752688172046,0.043010752688172046
apache==metron,78,0,76,168,28,36,0,0,0,0,0,7,8,1,21,0.16666666666666666,0.21428571428571427
apache==mina,12,0,12,53,0,0,0,0,0,0,0,0,0,0,0,0.0,0.0
apache==mina-ftpserver,27,0,27,52,0,0,0,0,0,0,0,0,0,0,0,0.0,0.0
apache==mina-sshd,104,0,102,248,10,11,0,0,0,0,0,4,5,5,1,0.04032258064516129,0.04435483870967742
apache==mnemonic,1,0,1,7,1,1,0,0,0,0,0,0,0,1,0,0.14285714285714285,0.14285714285714285
apache==nifi,436,0,435,1084,48,66,0,1,0,0,0,2,20,2,43,0.04428044280442804,0.06088560885608856
apache==nifi-registry,44,0,44,128,10,13,0,0,0,0,0,0,3,0,10,0.078125,0.1015625
apache==olingo-odata2,4,1,3,4,0,0,0,0,0,0,0,0,0,0,0,0.0,0.0
apache==olingo-odata4,19,0,19,32,0,0,0,0,0,0,0,0,0,0,0,0.0,0.0
apache==oozie,111,0,111,288,13,26,0,0,0,0,0,4,18,1,8,0.04513888888888889,0.09027777777777778
apache==openjpa,36,0,27,60,4,12,0,0,0,0,4,0,8,0,0,0.06666666666666667,0.2
apache==openmeetings,72,0,68,161,0,0,0,0,0,0,0,0,0,0,0,0.0,0.0
apache==opennlp,64,0,61,136,10,34,1,0,0,0,0,1,25,2,7,0.07352941176470588,0.25
apache==openwebbeans,26,0,26,62,5,11,0,0,0,0,0,0,6,2,3,0.08064516129032258,0.1774193548387097
apache==openwebbeans-meecrowave,7,0,2,2,0,0,0,0,0,0,0,0,0,0,0,0.0,0.0
apache==ozone,275,0,273,690,16,26,0,0,0,2,0,2,12,5,8,0.02318840579710145,0.03768115942028986
apache==parquet-mr,51,0,40,109,3,11,0,0,0,0,0,0,8,1,2,0.027522935779816515,0.10091743119266056
apache==phoenix,71,0,69,128,5,14,0,0,0,0,0,4,9,0,1,0.0390625,0.109375
apache==phoenix-omid,30,0,30,89,1,2,0,0,0,0,0,0,1,1,0,0.011235955056179775,0.02247191011235955
apache==phoenix-tephra,14,0,14,58,1,1,0,0,0,0,0,0,0,0,1,0.017241379310344827,0.017241379310344827
apache==pinot,190,0,188,473,30,42,0,0,0,0,0,6,12,17,7,0.06342494714587738,0.08879492600422834
apache==plc4x,98,0,98,261,13,17,0,0,0,7,0,0,4,1,8,0.04980842911877394,0.06513409961685823
apache==portals-pluto,104,3,100,231,15,59,0,0,0,0,0,1,45,0,14,0.06493506493506493,0.2554112554112554
apache==pulsar,294,0,292,781,33,46,0,0,2,2,0,2,14,3,24,0.04225352112676056,0.058898847631242
apache==qpid-broker-j,108,0,106,237,7,8,1,0,0,0,0,0,1,7,4,0.029535864978902954,0.03375527426160337
apache==qpid-jms,24,0,24,55,0,0,0,0,0,0,0,0,0,0,0,0.0,0.0
apache==ranger,241,0,239,1350,6,17,0,0,0,0,0,1,11,3,2,0.0044444444444444444,0.012592592592592593
apache==ratis,38,0,38,117,2,4,0,0,0,0,0,2,4,0,0,0.017094017094017096,0.03418803418803419
apache==reef,281,0,279,728,7,25,0,0,0,0,0,2,20,5,0,0.009615384615384616,0.034340659340659344
apache==rocketmq,113,0,113,281,8,11,0,0,0,0,0,0,3,6,2,0.028469750889679714,0.03914590747330961
apache==rocketmq-connect,122,0,122,350,17,21,0,0,0,0,0,8,4,3,6,0.04857142857142857,0.06
apache==rocketmq-dashboard,24,0,24,57,9,9,0,0,0,0,0,8,0,1,0,0.15789473684210525,0.15789473684210525
apache==rocketmq-mqtt,29,0,29,75,0,0,0,0,0,0,0,0,0,0,0,0.0,0.0
apache==rya,81,0,78,169,4,5,0,0,0,0,0,0,1,0,4,0.023668639053254437,0.029585798816568046
apache==samza-hello-samza,1,0,1,1,0,0,0,0,0,0,0,0,0,0,0,0.0,0.0
apache==sedona,14,0,12,25,0,1,0,0,0,0,0,0,1,0,0,0.0,0.04
apache==servicecomb-saga-actuator,14,0,14,37,0,0,0,0,0,0,0,0,0,0,0,0.0,0.0
apache==servicecomb-toolkit,11,0,11,23,0,0,0,0,0,0,0,0,0,0,0,0.0,0.0
apache==shardingsphere,100,0,99,206,20,20,0,0,0,3,0,9,0,4,4,0.0970873786407767,0.0970873786407767
apache==shardingsphere-elasticjob,40,0,40,87,4,6,0,3,0,0,0,0,2,0,1,0.04597701149425287,0.06896551724137931
apache==shardingsphere-elasticjob-ui,6,0,6,8,3,3,0,0,0,0,0,0,0,0,3,0.375,0.375
apache==shenyu,166,0,159,366,17,24,0,0,0,0,0,8,7,0,9,0.04644808743169399,0.06557377049180328
apache==shindig,16,0,15,28,6,6,0,0,0,0,0,0,0,0,6,0.21428571428571427,0.21428571428571427
apache==shiro,30,0,30,69,3,3,0,0,0,0,0,1,1,1,1,0.043478260869565216,0.043478260869565216
apache==sis,3,0,3,3,0,0,0,0,0,0,0,0,0,0,0,0.0,0.0
apache==sling-org-apache-sling-app-cms,70,0,70,241,4,4,0,0,0,0,0,4,3,0,0,0.016597510373443983,0.016597510373443983
apache==storm,263,0,263,688,13,55,0,0,0,0,0,0,42,4,9,0.0188953488372093,0.07994186046511628
apache==streampipes-extensions,30,0,28,51,0,4,0,0,0,0,0,0,4,0,0,0.0,0.0784313725490196
apache==streams,139,0,139,362,1,38,0,0,0,0,0,0,37,1,0,0.0027624309392265192,0.10497237569060773
apache==struts,138,0,137,348,6,9,0,0,0,0,0,2,5,0,4,0.017241379310344827,0.02586206896551724
apache==struts-examples,20,0,20,56,0,2,0,0,0,0,0,0,2,0,0,0.0,0.03571428571428571
apache==submarine,58,0,58,295,117,149,0,0,0,0,0,1,32,1,115,0.39661016949152544,0.5050847457627119
apache==synapse,259,0,258,595,4,19,0,0,0,0,0,0,15,4,0,0.0067226890756302525,0.031932773109243695
apache==syncope,323,0,320,639,12,17,0,0,0,0,0,0,5,1,11,0.018779342723004695,0.026604068857589983
apache==systemds,51,0,49,108,1,11,1,0,0,0,0,0,10,1,0,0.009259259259259259,0.10185185185185185
apache==tez,65,0,64,143,4,7,0,0,0,0,0,2,6,1,1,0.027972027972027972,0.04895104895104895
apache==tinkerpop,33,1,32,62,4,13,0,0,0,0,0,0,9,0,4,0.06451612903225806,0.20967741935483872
apache==tomee,120,0,114,338,14,63,0,0,0,0,0,0,49,1,13,0.04142011834319527,0.1863905325443787
apache==uima-uimaj,21,0,19,33,0,1,0,0,0,0,0,0,1,0,0,0.0,0.030303030303030304
apache==unomi,70,0,70,166,3,9,0,0,0,0,0,0,6,0,3,0.018072289156626505,0.05421686746987952
apache==velocity-engine,26,0,26,39,1,2,0,0,0,0,0,0,1,0,1,0.02564102564102564,0.05128205128205128
apache==velocity-tools,6,0,6,20,0,0,0,0,0,0,0,0,0,0,0,0.0,0.0
apache==wicket,49,0,49,78,3,4,0,0,0,0,0,0,1,0,3,0.038461538461538464,0.05128205128205128
apache==xmlgraphics-batik,1,0,0,0,0,0,0,0,0,0,0,0,0,0,0,0.0,0.0
apache==zeppelin,132,0,132,440,29,45,0,0,0,0,1,0,16,1,27,0.0659090909090909,0.10227272727272728
apache==zookeeper,71,0,71,165,3,10,0,0,0,2,0,0,7,0,1,0.01818181818181818,0.06060606060606061
apereo-learning-analytics-initiative==learninganalyticsprocessor,17,0,17,50,2,3,0,0,0,0,0,0,1,0,2,0.04,0.06
apereo==java-cas-client,19,0,19,43,2,4,0,0,0,0,0,1,3,0,1,0.046511627906976744,0.09302325581395349
apereo==person-directory,5,0,5,19,0,0,0,0,0,0,0,0,0,0,0,0.0,0.0
apicurio==apicurio-registry,65,0,62,178,1,2,0,0,0,0,0,1,2,0,0,0.0056179775280898875,0.011235955056179775
apigee==apigee-config-maven-plugin,2,0,2,17,0,0,0,0,0,0,0,0,0,0,0,0.0,0.0
apigee==apigee-deploy-maven-plugin,4,0,4,18,0,0,0,0,0,0,0,0,0,0,0,0.0,0.0
apilayer==restcountries,4,0,4,24,9,9,0,0,0,0,0,0,0,0,9,0.375,0.375
apiman==apiman,67,0,66,192,9,10,0,0,0,0,0,0,1,0,9,0.046875,0.052083333333333336
apolloconfig==apollo,37,0,37,77,8,8,0,0,0,0,0,0,0,0,8,0.1038961038961039,0.1038961038961039
apollofoundation==apollo,222,0,220,692,61,89,0,0,0,6,0,14,37,14,28,0.08815028901734104,0.12861271676300579
appendium==flatpack,4,0,4,6,0,0,0,0,0,0,0,0,0,0,0,0.0,0.0
appendium==objectlabkit,1,0,1,4,0,0,0,0,0,0,0,0,0,0,0,0.0,0.0
appfuse==appfuse,47,0,45,93,3,4,0,0,0,0,0,0,1,0,3,0.03225806451612903,0.043010752688172046
appiumtestdistribution==appiumtestdistribution,8,0,8,24,0,0,0,0,0,0,0,0,0,0,0,0.0,0.0
appng==appng,86,0,86,220,6,8,0,0,0,0,0,1,3,1,5,0.02727272727272727,0.03636363636363636
apsaradb==galaxysql,300,0,291,611,29,54,2,0,1,0,0,1,27,1,24,0.04746317512274959,0.088379705400982
arakne==araknemu,35,0,25,74,5,9,0,0,0,0,0,0,4,3,2,0.06756756756756757,0.12162162162162163
arangodb==arangodb-java-driver,12,0,12,34,7,7,0,0,0,0,0,1,0,0,6,0.20588235294117646,0.20588235294117646
arcadedata==arcadedb,55,0,54,83,5,6,0,0,0,0,1,0,1,1,4,0.060240963855421686,0.07228915662650602
arces-wot==sepa,42,0,41,211,2,10,0,0,0,0,0,0,8,2,0,0.009478672985781991,0.04739336492890995
ardesco==driver-binary-downloader-maven-plugin,6,0,6,22,0,0,0,0,0,0,0,0,0,0,0,0.0,0.0
ardesco==selenium-maven-template,1,0,1,6,0,0,0,0,0,0,0,0,0,0,0,0.0,0.0
ardulink==ardulink-2,8,0,8,24,1,1,0,0,0,0,1,0,0,0,0,0.041666666666666664,0.041666666666666664
arkcase==arkcase,714,0,713,1560,100,119,0,0,0,0,0,0,19,2,98,0.0641025641025641,0.07628205128205129
armenak==datadefender,31,0,31,118,4,10,0,0,0,0,0,0,6,0,4,0.03389830508474576,0.0847457627118644
arouel==uadetector,6,0,6,15,11,11,0,0,0,0,0,0,0,0,11,0.7333333333333333,0.7333333333333333
artificerrepo==artificer,7,0,6,8,1,1,0,0,0,0,0,0,0,1,0,0.125,0.125
artipie==artipie,12,0,12,22,5,5,0,0,0,0,0,2,0,0,3,0.22727272727272727,0.22727272727272727
artipie==http,4,0,4,12,0,2,0,0,0,0,0,0,2,0,0,0.0,0.16666666666666666
artipie==rpm-adapter,4,0,4,6,1,2,0,0,0,0,0,0,1,1,0,0.16666666666666666,0.3333333333333333
arx-deidentifier==arx,2,0,1,1,0,1,0,0,0,0,0,0,1,0,0,0.0,1.0
asakusafw==asakusafw,160,0,157,469,30,33,1,0,0,0,0,21,23,8,2,0.06396588486140725,0.07036247334754797
asdf2014==yuzhouwan,48,0,23,63,3,4,0,0,0,0,0,0,1,1,2,0.047619047619047616,0.06349206349206349
aserg-ufmg==apidiff,2,0,2,7,0,0,0,0,0,0,0,0,0,0,0,0.0,0.0
asknowqa==autosparql,6,0,5,10,1,1,0,0,0,0,0,0,0,1,0,0.1,0.1
asoulcnki==asoulcnkibackend,6,0,5,16,8,8,1,0,0,0,0,0,0,6,1,0.5,0.5
asqatasun==asqatasun,34,0,34,91,0,1,0,0,0,0,0,0,1,0,0,0.0,0.01098901098901099
asterisk-java==asterisk-java,46,0,43,174,6,13,0,0,0,0,0,0,7,0,6,0.034482758620689655,0.07471264367816093
astubbs==spring-modules,63,0,62,160,10,15,0,0,0,0,0,0,5,0,10,0.0625,0.09375
asual==summer,18,0,18,24,18,18,0,0,0,0,0,0,0,1,17,0.75,0.75
asynchttpclient==async-http-client,19,0,19,49,6,19,0,0,0,0,0,0,13,0,6,0.12244897959183673,0.3877551020408163
atdl4j==atdl4j,15,0,15,55,1,1,0,0,0,0,0,0,0,0,1,0.01818181818181818,0.01818181818181818
athenz==athenz,93,0,93,283,11,40,0,0,0,0,0,3,30,0,8,0.038869257950530034,0.1413427561837456
athou==commafeed,20,0,20,72,11,11,0,0,0,0,0,0,0,0,11,0.1527777777777778,0.1527777777777778
atlascommunity==jira-plugins-groovy,43,0,42,95,0,0,0,0,0,0,0,0,0,0,0,0.0,0.0
atlassian-labs==atlassian-slack-integration-server,59,0,59,133,10,14,0,0,0,0,0,0,4,0,10,0.07518796992481203,0.10526315789473684
atlassian==data-center-helm-charts,1,0,1,1,0,0,0,0,0,0,0,0,0,0,0,0.0,0.0
atmosphere==atmosphere,103,0,102,316,10,10,0,0,0,0,0,0,0,1,9,0.03164556962025317,0.03164556962025317
atmosphere==atmosphere-extensions,33,0,33,88,1,2,0,0,0,0,0,0,1,0,1,0.011363636363636364,0.022727272727272728
atmosphere==atmosphere-play,4,0,4,5,0,0,0,0,0,0,0,0,0,0,0,0.0,0.0
atmosphere==atmosphere-vertx,3,0,3,5,0,0,0,0,0,0,0,0,0,0,0,0.0,0.0
atmosphere==nettosphere,5,0,5,12,0,0,0,0,0,0,0,0,0,0,0,0.0,0.0
atomashpolskiy==bt,39,0,33,82,3,5,0,0,0,0,0,0,2,3,0,0.036585365853658534,0.06097560975609756
atomist-attic==rug-cli,26,0,26,96,0,2,0,0,0,0,0,0,2,0,0,0.0,0.020833333333333332
atomix==catalyst,5,0,5,9,0,0,0,0,0,0,0,0,0,0,0,0.0,0.0
atomix==copycat,3,0,3,6,0,0,0,0,0,0,0,0,0,0,0,0.0,0.0
atool==fluent-mybatis,3,0,3,3,1,1,0,0,0,0,0,1,1,0,0,0.3333333333333333,0.3333333333333333
augustd==owasp-security-logging,4,0,3,4,0,0,0,0,0,0,0,0,0,0,0,0.0,0.0
authenteq==java-bigchaindb-driver,9,0,9,21,0,2,0,0,0,0,0,0,2,0,0,0.0,0.09523809523809523
authlete==java-oauth-server,1,0,1,5,0,0,0,0,0,0,0,0,0,0,0,0.0,0.0
authme==authmereloaded,30,0,30,70,1,1,0,0,0,0,0,1,0,0,0,0.014285714285714285,0.014285714285714285
authorizenet==sdk-java,5,0,2,14,0,0,0,0,0,0,0,0,0,0,0,0.0,0.0
autohomecorp==frostmourne,35,0,35,71,6,8,0,0,0,0,0,0,2,0,6,0.08450704225352113,0.11267605633802817
awin==mod-kafka,1,0,1,2,0,0,0,0,0,0,0,0,0,0,0,0.0,0.0
aws-cloudformation==cloudformation-cli-java-plugin,15,8,7,7,0,2,0,0,0,0,0,0,2,0,0,0.0,0.2857142857142857
aws-greengrass==aws-greengrass-nucleus,48,0,48,155,7,16,0,0,0,0,0,4,10,0,3,0.04516129032258064,0.1032258064516129
aws==amazon-kinesis-video-streams-parser-library,19,0,19,85,3,11,0,0,0,2,0,0,8,0,1,0.03529411764705882,0.12941176470588237
aws==amazon-redshift-jdbc-driver,12,0,11,30,0,10,0,0,0,0,0,0,10,0,0,0.0,0.3333333333333333
aws==aws-sdk-java,68,0,68,141,0,15,0,0,0,0,0,0,15,0,0,0.0,0.10638297872340426
aws==aws-sdk-java-v2,87,0,86,167,12,15,0,0,0,0,0,1,4,1,10,0.0718562874251497,0.08982035928143713
awslabs==amazon-kinesis-scaling-utils,2,0,2,14,7,7,0,0,0,0,0,0,0,0,7,0.5,0.5
awslabs==amazon-sqs-java-messaging-lib,1,0,1,1,0,0,0,0,0,0,0,0,0,0,0,0.0,0.0
awslabs==aws-athena-query-federation,43,0,43,128,5,7,0,0,0,0,0,0,2,0,5,0.0390625,0.0546875
awslabs==aws-glue-schema-registry,12,0,12,35,0,2,0,0,0,0,0,0,2,0,0,0.0,0.05714285714285714
awslabs==aws-lambda-powertools-java,17,0,17,40,1,1,0,0,0,0,0,1,0,0,0,0.025,0.025
awslabs==aws-saas-boost,44,0,44,299,11,15,0,0,0,0,0,5,4,5,1,0.03678929765886288,0.05016722408026756
awslabs==aws-serverless-java-container,11,0,11,30,0,0,0,0,0,0,0,0,0,0,0,0.0,0.0
awslabs==dynamodb-janusgraph-storage-backend,4,0,4,10,0,0,0,0,0,0,0,0,0,0,0,0.0,0.0
awspring==spring-cloud-aws,35,0,35,82,0,1,0,0,0,0,0,0,1,0,0,0.0,0.012195121951219513
axonframework==axon-trader,10,0,10,31,0,0,0,0,0,0,0,0,0,0,0,0.0,0.0
axonframework==axonframework,41,0,41,83,0,1,0,0,0,0,0,0,1,0,0,0.0,0.012048192771084338
axonframework==extension-kafka,6,0,6,11,0,0,0,0,0,0,0,0,0,0,0,0.0,0.0
axway-api-management-plus==apim-cli,95,0,94,292,13,15,0,1,0,0,0,0,2,0,12,0.04452054794520548,0.05136986301369863
axway==ats-framework,82,0,79,194,1,12,0,0,0,0,0,1,12,0,0,0.005154639175257732,0.061855670103092786
azure-samples==azure-cosmos-java-sql-api-samples,15,0,15,211,2,2,2,0,0,0,0,0,0,0,0,0.009478672985781991,0.009478672985781991
azure==autorest-clientruntime-for-java,1,0,1,1,0,0,0,0,0,0,0,0,0,0,0,0.0,0.0
azure==azure-cosmosdb-java,42,0,42,94,3,3,0,0,0,0,0,2,1,0,1,0.031914893617021274,0.031914893617021274
azure==azure-event-hubs-java,19,0,18,57,0,8,0,0,0,0,0,0,8,0,0,0.0,0.14035087719298245
azure==azure-iot-sdk-java,32,0,32,95,0,0,0,0,0,0,0,0,0,0,0,0.0,0.0
azure==azure-kusto-java,8,0,8,14,2,2,0,0,0,0,0,0,0,1,1,0.14285714285714285,0.14285714285714285
azure==azure-libraries-for-java,13,0,1,1,0,0,0,0,0,0,0,0,0,0,0,0.0,0.0
azure==azure-service-bus-java,19,0,18,67,0,7,0,0,0,0,0,0,7,0,0,0.0,0.1044776119402985
azuread==azure-activedirectory-library-for-java,1,0,1,1,0,0,0,0,0,0,0,0,0,0,0,0.0,0.0
b2ihealthcare==snow-owl,56,0,47,99,6,8,0,0,0,0,0,3,2,0,3,0.06060606060606061,0.08080808080808081
babelomics==babelomics,10,0,9,39,0,10,0,0,0,0,0,0,10,0,0,0.0,0.2564102564102564
baidu==brcc,23,0,16,30,11,11,0,0,0,0,0,7,0,2,3,0.36666666666666664,0.36666666666666664
baremaps==baremaps,22,0,19,34,0,0,0,0,0,0,0,0,0,0,0,0.0,0.0
bartoszm==yang2swagger,16,0,16,38,1,1,0,0,0,0,0,0,0,1,1,0.02631578947368421,0.02631578947368421
basexdb==basex,22,0,0,0,0,0,0,0,0,0,0,0,0,0,0,0.0,0.0
basho==riak-java-client,10,0,10,32,0,0,0,0,0,0,0,0,0,0,0,0.0,0.0
batooorg==batoojpa,11,0,11,27,0,3,0,0,0,0,0,0,3,0,0,0.0,0.1111111111111111
bazaarvoice==jersey-hmac-auth,5,0,5,6,0,0,0,0,0,0,0,0,0,0,0,0.0,0.0
bazaarvoice==ostrich,5,0,5,10,0,0,0,0,0,0,0,0,0,0,0,0.0,0.0
bbottema==outlook-message-parser,1,0,1,1,0,0,0,0,0,0,0,0,0,0,0,0.0,0.0
bbottema==simple-java-mail,27,0,27,70,10,10,0,0,0,0,0,0,0,0,10,0.14285714285714285,0.14285714285714285
bcdev==beam,18,0,16,39,4,4,0,0,0,0,0,0,0,0,4,0.10256410256410256,0.10256410256410256
bedatadriven==activityinfo,67,0,62,131,5,15,0,0,0,0,0,0,10,3,2,0.03816793893129771,0.11450381679389313
beehive-lab==kfusion-tornadovm,1,0,1,6,0,0,0,0,0,0,0,0,0,0,0,0.0,0.0
beehive-lab==tornadovm,6,0,5,13,0,0,0,0,0,0,0,0,0,0,0,0.0,0.0
belaban==jgroups,49,0,49,156,5,10,0,0,0,0,0,0,5,0,5,0.03205128205128205,0.0641025641025641
belaban==jgroups-raft,7,0,5,12,0,0,0,0,0,0,0,0,0,0,0,0.0,0.0
bells==elasticsearch-analysis-dynamic-synonym,2,0,2,10,0,0,0,0,0,0,0,0,0,0,0,0.0,0.0
bennidi==mbassador,1,0,1,2,0,1,0,0,0,0,0,0,1,0,0,0.0,0.5
bes2008==easyjson,8,0,8,19,14,14,0,0,0,0,0,0,0,0,14,0.7368421052631579,0.7368421052631579
bes2008==sqlhelper,56,0,56,137,17,22,0,0,0,0,0,0,6,0,17,0.12408759124087591,0.16058394160583941
betfair==cougar,37,0,37,94,3,3,0,0,0,0,0,1,1,2,0,0.031914893617021274,0.031914893617021274
betonquest==betonquest,66,0,65,125,54,54,0,0,0,0,0,2,0,0,52,0.432,0.432
bianjieai==opb-sdk-java,3,0,1,1,0,0,0,0,0,0,0,0,0,0,0,0.0,0.0
binance-chain==java-sdk,2,0,2,10,0,1,0,0,0,0,0,0,1,0,0,0.0,0.1
bingoohuang==eql,18,0,18,37,1,1,0,0,0,0,0,1,1,0,0,0.02702702702702703,0.02702702702702703
bioinform==varsim,13,0,13,21,3,3,0,0,0,0,0,1,0,2,0,0.14285714285714285,0.14285714285714285
bioinformatics-ua==dicoogle,39,0,36,87,28,32,0,0,0,0,0,0,4,0,28,0.3218390804597701,0.367816091954023
biojava==biojava,51,0,49,138,6,16,0,0,0,0,0,0,10,3,4,0.043478260869565216,0.11594202898550725
bitrich-info==xchange-stream,26,0,26,76,3,13,0,0,0,0,0,0,10,0,3,0.039473684210526314,0.17105263157894737
bitronix==btm,23,0,23,43,0,0,0,0,0,0,0,0,0,0,0,0.0,0.0
blazegraph==database,157,0,140,295,11,33,0,0,0,0,0,2,24,1,8,0.03728813559322034,0.11186440677966102
blinkfox==fenix,7,0,7,21,0,2,0,0,0,0,0,0,2,0,0,0.0,0.09523809523809523
blobcity==db,73,0,71,188,8,15,0,0,0,0,0,2,7,0,6,0.0425531914893617,0.0797872340425532
blockchain-jd-com==bftsmart,19,0,17,38,11,12,0,0,0,0,0,0,1,0,11,0.2894736842105263,0.3157894736842105
blockchaintp==daml-on-sawtooth,3,0,3,5,0,0,0,0,0,0,0,0,0,0,0,0.0,0.0
blocklynukkit==powernukkitx,64,0,61,132,3,10,0,0,0,0,0,0,7,0,3,0.022727272727272728,0.07575757575757576
bluejoe2008==elfinder-2.x-servlet,4,0,4,10,0,0,0,0,0,0,0,0,0,0,0,0.0,0.0
blueobelisk==chemicaltagger,3,0,3,5,0,0,0,0,0,0,0,0,0,0,0,0.0,0.0
blynkkk==clickhouse4j,5,0,5,6,0,0,0,0,0,0,0,0,0,0,0,0.0,0.0
bmwcarit==joynr,129,0,129,396,8,14,0,0,0,0,0,4,10,1,4,0.020202020202020204,0.03535353535353535
bnb-chain==java-sdk,2,0,2,10,0,1,0,0,0,0,0,0,1,0,0,0.0,0.1
bobsimons==erddap,16,0,0,0,0,0,0,0,0,0,0,0,0,0,0,0.0,0.0
boncey==flickr4java,3,0,1,1,0,0,0,0,0,0,0,0,0,0,0,0.0,0.0
bonigarcia==selenium-jupiter,1,0,1,2,0,0,0,0,0,0,0,0,0,0,0,0.0,0.0
bonigarcia==webdrivermanager,13,0,13,42,0,0,0,0,0,0,0,0,0,0,0,0.0,0.0
bootique==bootique,6,0,6,11,0,6,0,0,0,0,0,0,6,0,0,0.0,0.5454545454545454
bouncestorage==swiftproxy,2,0,2,5,0,0,0,0,0,0,0,0,0,0,0,0.0,0.0
boyter==searchcode-server,9,0,9,20,0,1,0,0,0,0,0,0,1,0,0,0.0,0.05
bramp==ffmpeg-cli-wrapper,4,0,4,8,0,1,0,0,0,0,0,0,1,0,0,0.0,0.125
breinify==brein-time-utilities,5,0,5,7,0,1,0,0,0,0,0,0,1,0,0,0.0,0.14285714285714285
brettwooldridge==hikaricp,5,0,5,18,0,0,0,0,0,0,0,0,0,0,0,0.0,0.0
brettwooldridge==influx4j,1,0,1,1,0,0,0,0,0,0,0,0,0,0,0,0.0,0.0
brettwooldridge==sansorm,1,0,1,3,0,0,0,0,0,0,0,0,0,0,0,0.0,0.0
brianfrankcooper==ycsb,6,0,5,19,0,0,0,0,0,0,0,0,0,0,0,0.0,0.0
bridgedb==bridgedb,16,0,12,35,0,1,0,0,0,0,0,0,1,0,0,0.0,0.02857142857142857
brix-cms==brix-cms,6,0,6,9,0,0,0,0,0,0,0,0,0,0,0,0.0,0.0
broadleafcommerce==broadleafcommerce,127,0,126,244,0,10,0,0,0,0,0,0,10,0,0,0.0,0.040983606557377046
bsc-wdc==compss,89,0,82,277,1,10,0,0,0,0,0,0,9,1,0,0.0036101083032490976,0.036101083032490974
btrplace==scheduler,18,0,18,31,0,0,0,0,0,0,0,0,0,0,0,0.0,0.0
buddycloud==buddycloud-media-server,6,0,6,20,1,1,0,0,0,0,0,0,0,0,1,0.05,0.05
buddycloud==buddycloud-server-java,48,0,48,131,2,8,0,0,0,0,0,0,6,1,1,0.015267175572519083,0.061068702290076333
bujiio==buji-pac4j,1,0,1,8,0,1,0,0,0,0,0,0,1,0,0,0.0,0.125
bulldog2011==bigqueue,1,0,1,2,0,0,0,0,0,0,0,0,0,0,0,0.0,0.0
bullet-db==bullet-core,8,0,8,33,0,0,0,0,0,0,0,0,0,0,0,0.0,0.0
bullhorn==sdk-rest,8,0,8,12,0,0,0,0,0,0,0,0,0,0,0,0.0,0.0
bullhorn==starter-kit-spring-maven,27,0,27,48,1,2,0,0,0,0,0,0,1,0,1,0.020833333333333332,0.041666666666666664
busarobi==xmlc,16,0,16,37,5,5,2,0,0,0,0,0,0,3,0,0.13513513513513514,0.13513513513513514
buschmais==extended-objects,12,0,11,21,0,0,0,0,0,0,0,0,0,0,0,0.0,0.0
bwssytems==ha-bridge,42,0,42,237,14,18,0,0,0,5,3,0,4,0,6,0.05907172995780591,0.0759493670886076
bytedeco==javacpp,4,0,4,8,0,0,0,0,0,0,0,0,0,0,0,0.0,0.0
byzer-org==byzer-notebook,14,0,14,42,3,3,0,0,0,0,0,0,0,0,3,0.07142857142857142,0.07142857142857142
caelum==mamute,26,0,25,49,0,2,0,0,0,0,0,0,2,0,0,0.0,0.04081632653061224
caelum==restfulie-java,1,0,1,1,0,0,0,0,0,0,0,0,0,0,0,0.0,0.0
caldav4j==caldav4j,4,0,4,7,0,2,0,0,0,0,0,0,2,0,0,0.0,0.2857142857142857
calrissian==accumulo-recipes,4,0,4,6,0,0,0,0,0,0,0,0,0,0,0,0.0,0.0
camel-tooling==camel-language-server,23,0,22,39,3,3,0,0,0,0,0,0,0,0,3,0.07692307692307693,0.07692307692307693
camelcookbook==camel-cookbook-examples,46,0,41,65,0,1,0,0,0,0,0,0,1,0,0,0.0,0.015384615384615385
camelinaction==camelinaction,10,0,10,15,0,1,0,0,0,0,0,0,1,0,0,0.0,0.06666666666666667
camelinaction==camelinaction2,24,0,20,37,2,2,0,0,0,0,0,1,1,0,1,0.05405405405405406,0.05405405405405406
camelot-framework==camelot,62,0,62,141,8,8,0,0,0,0,0,0,0,0,8,0.05673758865248227,0.05673758865248227
campagnelaboratory==variationanalysis,31,0,21,34,0,0,0,0,0,0,0,0,0,0,0,0.0,0.0
camsys==onebusaway-nyc,146,0,25,92,3,5,0,0,0,0,0,0,2,2,1,0.03260869565217391,0.05434782608695652
camunda-community-hub==camunda-bpm-custom-batch,6,0,6,6,0,0,0,0,0,0,0,0,0,0,0,0.0,0.0
camunda-community-hub==camunda-bpm-reactor,12,0,12,23,3,5,0,0,0,0,0,0,2,0,3,0.13043478260869565,0.21739130434782608
camunda-community-hub==camunda-platform-7-custom-batch,6,0,6,6,0,0,0,0,0,0,0,0,0,0,0,0.0,0.0
camunda-community-hub==camunda-platform-7-reactor,12,0,12,23,3,5,0,0,0,0,0,0,2,0,3,0.13043478260869565,0.21739130434782608
camunda-community-hub==camunda-platform-scenario,6,0,5,6,0,2,0,0,0,0,0,0,2,0,0,0.0,0.3333333333333333
camunda-community-hub==kafka-connect-zeebe,6,0,6,22,0,0,0,0,0,0,0,0,0,0,0,0.0,0.0
camunda-community-hub==zeebe-kafka-exporter,2,0,2,11,0,0,0,0,0,0,0,0,0,0,0,0.0,0.0
camunda==camunda-bpm-assert-scenario,6,0,5,6,0,2,0,0,0,0,0,0,2,0,0,0.0,0.3333333333333333
camunda==camunda-bpm-reactor,12,0,12,23,3,5,0,0,0,0,0,0,2,0,3,0.13043478260869565,0.21739130434782608
camunda==zeebe-process-test,7,0,7,14,1,2,0,0,0,0,0,1,1,0,0,0.07142857142857142,0.14285714285714285
candlepin==candlepin,79,0,79,255,4,5,0,0,0,0,0,1,2,2,2,0.01568627450980392,0.0196078431372549
cantaloupe-project==cantaloupe,51,0,50,129,34,35,0,0,0,0,0,8,1,2,24,0.26356589147286824,0.2713178294573643
cantara==java-auto-update,18,0,18,84,5,6,0,0,0,0,0,0,1,1,4,0.05952380952380952,0.07142857142857142
capedwarf==capedwarf-blue,19,0,18,25,1,2,0,0,0,0,0,0,1,0,1,0.04,0.08
captain-p-goldfish==scim-for-keycloak,11,0,11,24,3,3,0,0,0,0,0,0,0,0,3,0.125,0.125
captain-p-goldfish==scim-sdk,16,0,16,24,2,2,0,0,0,0,0,0,0,0,2,0.08333333333333333,0.08333333333333333
carml==carml,7,0,6,15,0,0,0,0,0,0,0,0,0,0,0,0.0,0.0
castlemock==castlemock,26,0,26,34,2,4,0,0,0,0,0,0,2,0,2,0.058823529411764705,0.11764705882352941
castor-software==depclean,14,0,14,40,6,6,0,0,0,0,0,0,0,0,6,0.15,0.15
castorini==anserini,24,0,15,37,1,4,1,0,0,0,0,0,3,1,0,0.02702702702702703,0.10810810810810811
castorm==kafka-connect-http,4,0,4,6,0,0,0,0,0,0,0,0,0,0,0,0.0,0.0
cbioportal==cbioportal,37,0,36,75,0,4,0,0,0,0,0,0,4,0,0,0.0,0.05333333333333334
cbioportal==oncotree,15,0,15,30,0,1,0,0,0,0,0,0,1,0,0,0.0,0.03333333333333333
ccordenier==tapestry5-hotel-booking,1,0,1,3,0,0,0,0,0,0,0,0,0,0,0,0.0,0.0
cdapio==cdap,316,0,316,735,26,36,0,0,0,0,0,7,16,5,16,0.03537414965986395,0.04897959183673469
cdapio==hydrator-plugins,11,0,11,17,2,4,0,0,0,0,0,0,2,0,2,0.11764705882352941,0.23529411764705882
cdapio==netty-http,2,0,2,2,0,0,0,0,0,0,0,0,0,0,0,0.0,0.0
cdapio==tephra,14,0,14,43,1,2,0,0,0,0,0,0,1,0,1,0.023255813953488372,0.046511627906976744
cdk==cdk,51,0,47,370,7,7,0,0,0,0,0,0,0,0,7,0.01891891891891892,0.01891891891891892
centic9==jgit-cookbook,5,0,0,0,0,0,0,0,0,0,0,0,0,0,0,0.0,0.0
ceon==cermine,6,0,4,4,0,0,0,0,0,0,0,0,0,0,0,0.0,0.0
ceon==coansys,71,0,66,163,4,11,0,0,0,0,0,0,7,1,3,0.024539877300613498,0.06748466257668712
cerner==beadledom,12,0,12,16,1,1,0,0,0,0,0,0,0,0,1,0.0625,0.0625
cerner==common-kafka,4,0,4,8,0,0,0,0,0,0,0,0,0,0,0,0.0,0.0
certifaiai==cdle-traininglabs,19,0,16,46,1,2,0,0,0,0,0,0,1,1,0,0.021739130434782608,0.043478260869565216
certifaiai==classifai,41,0,41,121,0,1,0,0,0,0,0,0,1,0,0,0.0,0.008264462809917356
certifaiai==traininglabs,19,0,16,46,1,2,0,0,0,0,0,0,1,1,0,0.021739130434782608,0.043478260869565216
cflint==cflint,1,0,1,10,0,0,0,0,0,0,0,0,0,0,0,0.0,0.0
chanjarster==weixin-java-tools,3,0,3,9,0,0,0,0,0,0,0,0,0,0,0,0.0,0.0
channelape==shopify-sdk,2,0,2,2,0,0,0,0,0,0,0,0,0,0,0,0.0,0.0
chaosblade-io==chaosblade-exec-jvm,70,0,70,174,24,25,0,0,0,0,0,21,3,0,3,0.13793103448275862,0.14367816091954022
charite==jannovar,14,0,14,33,0,1,0,0,0,0,0,0,1,0,0,0.0,0.030303030303030304
chaupal==jxse,11,0,11,20,2,2,0,0,0,0,0,0,0,0,2,0.1,0.1
chauth==confluence_http_authenticator,1,0,1,1,0,0,0,0,0,0,0,0,0,0,0,0.0,0.0
checkstyle==checkstyle,17,0,15,34,0,10,0,0,0,0,0,0,10,0,0,0.0,0.29411764705882354
checkstyle==sonar-checkstyle,4,0,4,9,0,0,0,0,0,0,0,0,0,0,0,0.0,0.0
chestshop-authors==chestshop-3,16,0,16,47,3,3,0,0,0,0,0,0,0,3,0,0.06382978723404255,0.06382978723404255
childe==hangout,30,0,30,106,3,6,0,0,0,0,0,0,3,1,2,0.02830188679245283,0.05660377358490566
chirino==hawtbuf,1,0,1,7,0,0,0,0,0,0,0,0,0,0,0,0.0,0.0
chocoteam==choco-solver,11,0,0,0,0,0,0,0,0,0,0,0,0,0,0,0.0,0.0
chubaostream==joyqueue,215,0,210,567,27,33,1,0,1,0,0,13,7,3,12,0.047619047619047616,0.0582010582010582
cicizz==jmqtt,21,0,1,4,0,0,0,0,0,0,0,0,0,0,0,0.0,0.0
cidarlab==cello,7,0,6,14,0,3,0,0,0,0,0,0,3,0,0,0.0,0.21428571428571427
cisco-system-traffic-generator==trex-stateless-gui,20,0,19,34,2,2,0,0,0,0,0,0,0,0,2,0.058823529411764705,0.058823529411764705
citrusframework==citrus,205,0,205,454,2,22,0,0,0,0,0,2,22,0,0,0.004405286343612335,0.048458149779735685
citrusframework==citrus-simulator,17,0,17,32,2,8,0,0,0,0,0,2,8,0,0,0.0625,0.25
cjwizard==cjwizard,4,0,4,12,0,0,0,0,0,0,0,0,0,0,0,0.0,0.0
classgraph==classgraph,1,0,1,1,0,0,0,0,0,0,0,0,0,0,0,0.0,0.0
cleartk==cleartk,9,0,9,12,1,1,0,0,0,0,0,0,0,1,0,0.08333333333333333,0.08333333333333333
clickhouse==clickhouse-java,16,0,16,64,0,10,0,0,0,0,0,0,10,0,0,0.0,0.15625
clickhouse==clickhouse-jdbc-bridge,5,0,5,13,0,0,0,0,0,0,0,0,0,0,0,0.0,0.0
cloudburstmc==server,33,0,31,59,1,4,0,0,0,0,0,0,3,1,0,0.01694915254237288,0.06779661016949153
cloudera-labs==envelope,23,0,23,51,0,0,0,0,0,0,0,0,0,0,0,0.0,0.0
cloudera-labs==phoenix,33,0,33,67,3,7,0,0,0,0,0,0,4,3,0,0.04477611940298507,0.1044776119402985
cloudera==flink-tutorials,6,0,6,9,1,2,0,0,0,0,0,0,1,0,1,0.1111111111111111,0.2222222222222222
cloudera==flume,66,0,65,142,6,6,0,0,0,0,0,1,1,1,4,0.04225352112676056,0.04225352112676056
cloudera==llama,13,0,13,60,8,11,0,0,0,0,0,0,11,0,8,0.13333333333333333,0.18333333333333332
cloudera==mahout,88,0,78,179,17,27,0,0,0,0,0,2,19,8,7,0.09497206703910614,0.15083798882681565
cloudera==navigator-sdk,1,0,1,1,0,0,0,0,0,0,0,0,0,0,0,0.0,0.0
cloudfoundry-community==java-nats,5,0,5,6,0,0,0,0,0,0,0,0,0,0,0,0.0,0.0
cloudfoundry-incubator==multiapps-controller,178,0,178,518,60,61,0,0,0,0,0,34,1,2,24,0.11583011583011583,0.11776061776061776
cloudfoundry==multiapps-controller,178,0,178,518,60,61,0,0,0,0,0,34,1,2,24,0.11583011583011583,0.11776061776061776
cloudname==cloudname,11,0,11,28,0,3,0,0,0,0,0,0,3,0,0,0.0,0.10714285714285714
cloudogu==command-bus,1,0,1,2,0,0,0,0,0,0,0,0,0,0,0,0.0,0.0
cloudsimplus==cloudsimplus,5,0,5,6,2,2,0,0,0,0,0,0,0,0,2,0.3333333333333333,0.3333333333333333
cloudslang==cloud-slang,4,0,4,15,0,0,0,0,0,0,0,0,0,0,0,0.0,0.0
cloudslang==score,34,0,34,125,6,9,0,0,0,0,0,0,3,5,1,0.048,0.072
cloudsmith==geppetto,13,0,12,22,1,2,0,0,0,0,0,0,1,0,1,0.045454545454545456,0.09090909090909091
cloudstack-extras==cloudbridge-archive,13,0,13,29,3,6,0,0,0,0,0,0,3,0,3,0.10344827586206896,0.20689655172413793
cloudyrock==mongock,17,0,17,49,0,3,0,0,0,0,0,0,3,0,0,0.0,0.061224489795918366
clougence==hasor,67,0,64,176,37,42,0,0,0,0,0,10,5,0,27,0.21022727272727273,0.23863636363636365
cmsgov==dpc-app,44,0,44,91,1,7,0,1,0,0,0,0,6,0,0,0.01098901098901099,0.07692307692307693
cmsgov==qpp-conversion-tool,30,0,30,97,0,0,0,0,0,0,0,0,0,0,0,0.0,0.0
cmu-db==benchbase,34,0,32,59,4,8,0,0,0,0,0,1,5,0,3,0.06779661016949153,0.13559322033898305
cmu-phil==tetrad,35,0,22,40,0,5,0,0,0,0,0,0,5,0,0,0.0,0.125
cnescatlab==sonar-cnes-report,7,0,7,15,5,5,0,0,0,0,0,0,0,0,5,0.3333333333333333,0.3333333333333333
cobbzilla==s3s3mirror,9,0,9,69,5,6,0,0,0,0,0,0,1,0,5,0.07246376811594203,0.08695652173913043
cocaine==cocaine-framework-java,10,1,9,32,4,4,0,0,0,0,0,2,2,0,2,0.125,0.125
codait==stocator,12,0,12,49,1,9,0,0,0,0,0,1,9,0,0,0.02040816326530612,0.1836734693877551
code4craft==webmagic,22,0,18,38,1,1,0,0,0,0,0,1,0,0,0,0.02631578947368421,0.02631578947368421
codedefenders==codedefenders,29,0,29,89,2,2,0,0,0,0,0,1,0,0,1,0.02247191011235955,0.02247191011235955
codefollower==cassandra-java-driver-research,7,0,7,29,0,3,0,0,0,0,0,0,3,0,0,0.0,0.10344827586206896
codefollower==h2-research,8,0,1,3,0,0,0,0,0,0,0,0,0,0,0,0.0,0.0
codehaus-plexus==plexus-archiver,10,0,10,14,0,0,0,0,0,0,0,0,0,0,0,0.0,0.0
codelibs==elasticsearch-cluster-runner,1,0,1,1,0,0,0,0,0,0,0,0,0,0,0,0.0,0.0
codelibs==elasticsearch-dataformat,3,0,3,4,0,0,0,0,0,0,0,0,0,0,0,0.0,0.0
codelibs==elasticsearch-taste,18,0,18,54,4,5,0,0,0,0,0,0,1,4,0,0.07407407407407407,0.09259259259259259
codelibs==fess,87,0,87,181,5,7,0,0,1,0,0,0,2,0,4,0.027624309392265192,0.03867403314917127
codelibs==jcifs,16,0,16,25,2,3,0,0,0,2,0,0,1,0,0,0.08,0.12
codenvy==codenvy,65,0,64,114,26,33,0,0,0,0,0,1,7,0,25,0.22807017543859648,0.2894736842105263
codenvy==everrest,21,0,21,38,21,21,0,0,0,0,0,0,0,0,21,0.5526315789473685,0.5526315789473685
codestory==fluent-http,1,0,1,19,0,0,0,0,0,0,0,0,0,0,0,0.0,0.0
codice==alliance,35,0,35,68,12,12,0,0,0,0,0,0,0,0,12,0.17647058823529413,0.17647058823529413
codice==ddf,311,0,310,896,9,9,0,0,1,0,0,1,0,0,7,0.010044642857142858,0.010044642857142858
codice==imaging-nitf,24,0,24,38,4,6,0,0,0,0,0,0,2,0,4,0.10526315789473684,0.15789473684210525
cogcomp==illinois-sl,2,0,2,5,0,0,0,0,0,0,0,0,0,0,0,0.0,0.0
cogcomp==talen,4,0,4,7,0,0,0,0,0,0,0,0,0,0,0,0.0,0.0
cognifide==aem-rules-for-sonarqube,4,0,3,6,0,1,0,0,0,0,0,0,1,0,0,0.0,0.16666666666666666
cognifide==aet,87,0,87,228,12,19,0,0,0,0,0,0,8,1,11,0.05263157894736842,0.08333333333333333
cognifide==secureaem,2,0,2,7,0,0,0,0,0,0,0,0,0,0,0,0.0,0.0
cognifide==slice,12,0,12,24,2,3,0,0,0,0,0,0,1,0,2,0.08333333333333333,0.125
cognifide==sling-dynamic-include,3,0,3,8,0,0,0,0,0,0,0,0,0,0,0,0.0,0.0
cognizantonedevops==insights,148,0,148,679,8,16,0,0,0,0,0,0,8,0,8,0.011782032400589101,0.023564064801178203
coherence-community==coherence-spring,15,0,15,31,0,0,0,0,0,0,0,0,0,0,0,0.0,0.0
cojen==tupl,2,0,2,7,0,0,0,0,0,0,0,0,0,0,0,0.0,0.0
col-e==cafed00d,1,0,1,1,0,0,0,0,0,0,0,0,0,0,0,0.0,0.0
collectionspace==application,23,0,21,40,1,5,0,0,0,0,0,0,4,0,1,0.025,0.125
collectionspace==services,98,0,97,243,36,43,0,0,0,0,0,0,7,1,35,0.14814814814814814,0.17695473251028807
comcast==cmb,44,0,43,126,1,1,0,0,0,0,1,0,0,0,0,0.007936507936507936,0.007936507936507936
comcast==jrugged,4,0,4,4,0,0,0,0,0,0,0,0,0,0,0,0.0,0.0
cometd==cometd,14,0,14,38,1,2,0,0,0,0,0,0,1,0,1,0.02631578947368421,0.05263157894736842
commerceexperts==open-commerce-search,35,0,35,78,2,3,0,0,0,0,0,0,1,2,0,0.02564102564102564,0.038461538461538464
commercetools==commercetools-jvm-sdk,13,0,13,31,0,5,0,0,0,0,0,0,5,0,0,0.0,0.16129032258064516
common-workflow-language==cwlviewer,4,0,4,14,3,3,0,0,0,0,0,0,0,0,3,0.21428571428571427,0.21428571428571427
commonjava==indy,163,0,161,497,55,58,0,0,0,1,0,0,3,4,50,0.11066398390342053,0.11670020120724346
compomics==compomics-utilities,7,0,7,13,1,1,0,0,0,0,0,0,0,0,1,0.07692307692307693,0.07692307692307693
composable-systems==dropwizard-cassandra,4,0,4,5,0,0,0,0,0,0,0,0,0,0,0,0.0,0.0
comtel2000==fx-experience,4,0,4,9,0,0,0,0,0,0,0,0,0,0,0,0.0,0.0
comunes==kune,88,0,73,170,3,7,0,0,0,0,0,2,6,1,0,0.01764705882352941,0.041176470588235294
confluentinc==camus,12,0,11,38,1,8,0,0,0,0,0,0,7,1,0,0.02631578947368421,0.21052631578947367
confluentinc==common,4,0,3,12,0,1,0,0,0,0,0,0,1,0,0,0.0,0.08333333333333333
confluentinc==kafka-connect-datagen,1,0,1,3,0,0,0,0,0,0,0,0,0,0,0,0.0,0.0
confluentinc==kafka-connect-elasticsearch,2,0,2,2,0,0,0,0,0,0,0,0,0,0,0,0.0,0.0
confluentinc==kafka-connect-hdfs,8,0,8,11,1,1,0,0,0,0,0,1,0,0,0,0.09090909090909091,0.09090909090909091
confluentinc==kafka-connect-jdbc,9,0,9,36,0,4,0,0,0,0,0,0,4,0,0,0.0,0.1111111111111111
confluentinc==kafka-connect-storage-cloud,18,0,18,28,0,0,0,0,0,0,0,0,0,0,0,0.0,0.0
confluentinc==kafka-connect-storage-common,1,0,1,2,0,0,0,0,0,0,0,0,0,0,0,0.0,0.0
confluentinc==kafka-streams-examples,2,0,2,5,0,0,0,0,0,0,0,0,0,0,0,0.0,0.0
confluentinc==ksql,107,0,101,209,5,10,1,0,0,0,0,3,5,1,2,0.023923444976076555,0.04784688995215311
confluentinc==openmessaging-benchmark,15,0,14,63,4,7,0,0,0,0,0,4,3,0,0,0.06349206349206349,0.1111111111111111
confluentinc==parallel-consumer,26,0,26,94,2,2,0,0,0,0,0,0,0,1,2,0.02127659574468085,0.02127659574468085
connect-solution==connect,397,0,397,965,110,120,0,0,0,0,0,0,10,1,109,0.11398963730569948,0.12435233160621761
consol==sakuli,43,0,43,124,4,14,0,0,0,0,0,2,11,1,1,0.03225806451612903,0.11290322580645161
consulo==consulo,505,0,487,871,32,45,0,0,0,0,0,2,16,6,24,0.03673938002296211,0.05166475315729047
containx==openstack4j,16,0,16,25,20,20,0,0,0,0,0,0,0,0,20,0.8,0.8
contargo==iris,39,0,39,79,2,4,0,0,0,0,0,0,2,1,1,0.02531645569620253,0.05063291139240506
controlsystemstudio==phoebus,286,0,283,546,12,20,1,0,0,2,0,2,10,4,3,0.02197802197802198,0.03663003663003663
convex-dev==convex,33,0,32,73,1,1,0,0,0,1,0,0,0,0,0,0.0136986301369863,0.0136986301369863
conveyal==analysis-backend,42,0,39,78,4,9,0,0,0,0,0,0,5,4,0,0.05128205128205128,0.11538461538461539
conveyal==gtfs-lib,6,0,6,15,0,1,0,0,0,0,0,0,1,0,0,0.0,0.06666666666666667
conveyal==osm-lib,5,0,5,20,2,2,0,0,0,0,0,0,0,2,0,0.1,0.1
corese4rch==cvurl,1,0,1,3,1,1,0,0,0,0,0,0,0,0,1,0.3333333333333333,0.3333333333333333
corfudb==corfudb,129,0,129,404,12,18,0,0,0,0,0,3,6,2,7,0.0297029702970297,0.04455445544554455
corona-warn-app==cwa-ppa-server,23,0,23,40,5,5,0,0,0,0,0,0,0,0,5,0.125,0.125
corona-warn-app==cwa-server,80,0,80,187,8,8,0,0,0,0,0,0,0,2,6,0.0427807486631016,0.0427807486631016
corunet==kloadgen,13,0,13,19,2,2,0,0,0,0,0,0,0,0,2,0.10526315789473684,0.10526315789473684
cosmin==iclojure,1,0,1,1,0,0,0,0,0,0,0,0,0,0,0,0.0,0.0
cosmoplat-dev==industry-app-framework,14,0,14,41,2,2,0,0,0,0,0,2,0,0,0,0.04878048780487805,0.04878048780487805
couchbase==couchbase-java-client,4,0,4,7,0,0,0,0,0,0,0,0,0,0,0,0.0,0.0
couchbase==couchbase-jvm-clients,24,0,17,74,2,17,0,0,0,0,0,0,16,1,2,0.02702702702702703,0.22972972972972974
couchbase==couchbase-jvm-core,21,0,20,71,3,4,0,0,0,1,0,2,1,0,0,0.04225352112676056,0.056338028169014086
couchbase==java-dcp-client,23,0,21,54,0,0,0,0,0,0,0,0,0,0,0,0.0,0.0
couchbase==kafka-connect-couchbase,11,0,11,29,2,5,0,0,0,0,0,0,3,0,2,0.06896551724137931,0.1724137931034483
courseorchestra==celesta,7,0,7,9,0,0,0,0,0,0,0,0,0,0,0,0.0,0.0
coveooss==spillway,2,0,2,2,0,0,0,0,0,0,0,0,0,0,0,0.0,0.0
coverity==coverity-sonar-plugin,2,0,2,5,0,0,0,0,0,0,0,0,0,0,0,0.0,0.0
cowtowncoder==java-uuid-generator,2,0,2,3,0,0,0,0,0,0,0,0,0,0,0,0.0,0.0
cpesch==routeconverter,21,0,21,47,2,3,1,0,0,0,0,0,1,1,0,0.0425531914893617,0.06382978723404255
cqfn==eo,23,0,23,55,3,4,0,0,0,0,0,1,2,0,2,0.05454545454545454,0.07272727272727272
cqfn==jpeek,4,0,4,6,1,1,0,0,0,0,0,0,0,1,0,0.16666666666666666,0.16666666666666666
cqframework==cqf-ruler,12,0,12,29,0,0,0,0,0,0,0,0,0,0,0,0.0,0.0
cqframework==cql-engine,4,0,2,5,0,0,0,0,0,0,0,0,0,0,0,0.0,0.0
craftercms==studio,70,0,70,210,13,13,0,0,0,0,0,2,2,2,9,0.06190476190476191,0.06190476190476191
craigwblake==redline,1,0,1,1,0,0,0,0,0,0,0,0,0,0,0,0.0,0.0
crashub==crash,28,0,28,62,0,1,0,0,0,0,0,0,1,0,0,0.0,0.016129032258064516
crawler-commons==crawler-commons,6,0,6,36,0,3,0,0,0,0,0,0,3,0,0,0.0,0.08333333333333333
creditdatamw==zerocell,4,0,4,13,0,0,0,0,0,0,0,0,0,0,0,0.0,0.0
crim==pardot-java-client,2,0,2,2,1,1,0,0,0,0,0,0,0,0,1,0.5,0.5
criteo==garmadon,33,0,33,82,2,3,0,0,0,0,0,1,1,0,1,0.024390243902439025,0.036585365853658534
crossoverjie==jcsprout,21,0,20,53,1,5,0,0,0,0,0,0,4,1,0,0.018867924528301886,0.09433962264150944
crossoverjie==ssm,20,0,20,44,5,5,0,0,0,0,0,1,0,3,1,0.11363636363636363,0.11363636363636363
crosswire==jsword,19,0,19,37,3,4,0,0,0,0,0,0,1,2,1,0.08108108108108109,0.10810810810810811
cryostatio==cryostat,20,0,20,33,1,2,0,0,0,0,0,1,1,0,0,0.030303030303030304,0.06060606060606061
cryptomator==cryptofs,19,0,19,51,1,1,0,0,0,0,0,0,0,0,1,0.0196078431372549,0.0196078431372549
cryptomator==cryptolib,1,0,1,2,0,0,0,0,0,0,0,0,0,0,0,0.0,0.0
cryptomator==cryptomator,73,0,73,187,6,6,0,0,0,0,0,2,0,3,1,0.03208556149732621,0.03208556149732621
cryptomator==fuse-nio-adapter,7,0,7,18,0,0,0,0,0,0,0,0,0,0,0,0.0,0.0
ctco==cukes,7,0,6,16,1,1,0,0,0,0,0,0,0,0,1,0.0625,0.0625
ctripcorp==apollo,37,0,37,77,8,8,0,0,0,0,0,0,0,0,8,0.1038961038961039,0.1038961038961039
ctripcorp==dal,63,0,61,183,12,17,0,0,0,0,0,0,5,0,12,0.06557377049180328,0.09289617486338798
ctripcorp==x-pipe,535,0,533,1826,38,59,1,0,1,2,2,1,21,15,16,0.0208105147864184,0.03231106243154436
ctt-gob-es==fire,49,0,49,132,3,3,0,0,0,1,0,0,0,0,2,0.022727272727272728,0.022727272727272728
cucumber-attic==cuke4duke,2,0,2,8,0,0,0,0,0,0,0,0,0,0,0,0.0,0.0
culturecommunication==ginco,45,0,44,103,7,13,0,0,0,0,0,0,6,0,7,0.06796116504854369,0.1262135922330097
cyclonedx==cyclonedx-maven-plugin,3,0,3,8,0,0,0,0,0,0,0,0,0,0,0,0.0,0.0
dadoonet==elasticsearch-beyonder,6,0,6,20,0,0,0,0,0,0,0,0,0,0,0,0.0,0.0
dadoonet==fscrawler,22,0,22,77,1,2,0,0,0,0,0,0,1,0,1,0.012987012987012988,0.025974025974025976
dadoonet==spring-elasticsearch,1,0,1,2,0,0,0,0,0,0,0,0,0,0,0,0.0,0.0
dan2097==opsin,1,0,1,2,0,0,0,0,0,0,0,0,0,0,0,0.0,0.0
dana-i2cat==opennaas,146,0,144,364,0,4,0,0,0,0,0,0,4,0,0,0.0,0.01098901098901099
dandelion==dandelion,23,0,23,59,1,1,0,0,0,0,0,0,0,0,1,0.01694915254237288,0.01694915254237288
dandelion==dandelion-datatables,13,0,13,18,0,0,0,0,0,0,0,0,0,0,0,0.0,0.0
danfickle==openhtmltopdf,24,0,24,67,1,1,0,0,0,0,0,0,0,0,1,0.014925373134328358,0.014925373134328358
danielflower==app-runner,16,0,16,41,2,3,0,0,0,0,0,0,1,2,0,0.04878048780487805,0.07317073170731707
danielflower==multi-module-maven-release-plugin,6,0,5,19,0,0,0,0,0,0,0,0,0,0,0,0.0,0.0
dapeng-soa==dapeng-soa,42,0,42,175,43,48,0,0,0,0,0,0,5,0,43,0.24571428571428572,0.2742857142857143
darliner==java-interview,13,0,13,44,1,5,0,0,0,0,0,0,4,1,0,0.022727272727272728,0.11363636363636363
darliner==weixin-java-tools,29,0,29,57,7,9,0,0,0,0,0,0,2,0,7,0.12280701754385964,0.15789473684210525
dashbuilder==dashbuilder,9,0,4,5,1,1,0,0,0,0,0,0,0,0,1,0.2,0.2
dashorst==dashboard,14,0,14,35,9,9,1,0,0,0,0,0,0,0,8,0.2571428571428571,0.2571428571428571
data-integrations==google-cloud,13,0,13,26,0,2,0,0,0,0,0,0,2,0,0,0.0,0.07692307692307693
data-integrations==wrangler,11,0,7,10,2,2,0,0,0,0,0,0,0,0,2,0.2,0.2
dataartisans==cascading-flink,11,0,11,24,0,0,0,0,0,0,0,0,0,0,0,0.0,0.0
dataartisans==flink-dataflow,4,0,4,12,0,2,0,0,0,0,0,0,2,0,0,0.0,0.16666666666666666
database-rider==database-rider,14,0,14,41,2,2,0,0,0,0,0,0,0,0,2,0.04878048780487805,0.04878048780487805
datacleaner==datacleaner,108,0,105,208,6,7,0,0,0,0,0,3,4,1,2,0.028846153846153848,0.03365384615384615
datadog==datadog-api-client-java,1,0,1,4,0,0,0,0,0,0,0,0,0,0,0,0.0,0.0
datadog==jmxfetch,19,0,19,61,4,8,0,0,0,0,2,0,4,2,0,0.06557377049180328,0.13114754098360656
datageartech==datagear,4,0,4,10,0,1,0,0,0,0,0,0,1,0,0,0.0,0.1
datalinkdc==dlink,43,0,38,67,5,8,0,0,0,0,0,0,3,0,5,0.07462686567164178,0.11940298507462686
datanucleus==datanucleus-core,41,0,40,74,1,1,0,0,0,0,0,0,0,0,1,0.013513513513513514,0.013513513513513514
datastax==dsbulk,14,0,13,32,4,5,0,0,1,0,0,0,1,0,3,0.125,0.15625
datastax==java-driver,57,0,54,127,5,5,0,0,0,0,0,1,0,1,4,0.03937007874015748,0.03937007874015748
datastax==management-api-for-apache-cassandra,23,0,23,43,0,0,0,0,0,0,0,0,0,0,0,0.0,0.0
datastax==pulsar-jms,8,0,7,15,0,0,0,0,0,0,0,0,0,0,0,0.0,0.0
datastax==simulacron,6,0,6,13,1,1,0,0,0,0,1,0,0,0,0,0.07692307692307693,0.07692307692307693
datavault==datavault,102,0,100,405,16,19,0,0,0,0,0,5,8,3,8,0.03950617283950617,0.04691358024691358
datavines-ops==datavines,62,0,62,149,18,20,0,0,0,0,0,6,6,2,10,0.12080536912751678,0.1342281879194631
davidb==scala-maven-plugin,13,0,11,41,1,3,0,0,0,0,0,0,2,0,1,0.024390243902439025,0.07317073170731707
davidmoten==odata-client,4,0,4,7,1,1,0,0,0,0,0,0,0,0,1,0.14285714285714285,0.14285714285714285
davidmoten==rxjava-jdbc,2,0,2,20,0,0,0,0,0,0,0,0,0,0,0,0.0,0.0
davidmoten==rxjava2-jdbc,5,0,5,16,1,1,0,0,0,0,0,0,0,0,1,0.0625,0.0625
dayatang==dddlib,29,0,28,92,4,7,0,4,0,0,0,0,3,0,0,0.043478260869565216,0.07608695652173914
dbcg==cqf-ruler,12,0,12,29,0,0,0,0,0,0,0,0,0,0,0,0.0,0.0
dbcg==cql_engine,4,0,2,5,0,0,0,0,0,0,0,0,0,0,0,0.0,0.0
dbmdz==imageio-jnr,4,0,4,5,0,0,0,0,0,0,0,0,0,0,0,0.0,0.0
dbos-project==apiary,23,0,21,56,3,3,0,0,0,0,0,0,0,2,1,0.05357142857142857,0.05357142857142857
dbpedia==links,3,0,0,0,0,0,0,0,0,0,0,0,0,0,0,0.0,0.0
dbpedia==ontology-tracker,1,0,0,0,0,0,0,0,0,0,0,0,0,0,0,0.0,0.0
dbs-leipzig==gradoop,1,0,1,2,0,0,0,0,0,0,0,0,0,0,0,0.0,0.0
dc-sics==hopsworks,80,0,79,171,7,15,0,0,0,0,0,0,8,0,7,0.04093567251461988,0.08771929824561403
dcache==dcache,217,0,201,489,6,59,0,0,0,0,0,1,55,1,4,0.012269938650306749,0.12065439672801637
dcache==nfs4j,20,0,2,5,0,3,0,0,0,0,0,0,3,0,0,0.0,0.6
dcache==oncrpc4j,9,0,3,12,0,0,0,0,0,0,0,0,0,0,0,0.0,0.0
dcm4che==dcm4che,12,0,12,26,1,2,0,0,0,0,0,0,1,1,0,0.038461538461538464,0.07692307692307693
debezium==debezium,122,0,122,299,8,19,0,0,0,0,0,2,12,0,6,0.026755852842809364,0.06354515050167224
debezium==debezium-connector-vitess,12,0,12,37,0,1,0,0,0,0,0,0,1,0,0,0.0,0.02702702702702703
debop==hibernate-redis,15,0,15,53,1,1,0,0,0,0,0,1,0,0,0,0.018867924528301886,0.018867924528301886
decentralized-identity==universal-registrar,11,0,11,39,17,17,0,0,0,0,0,0,0,0,17,0.4358974358974359,0.4358974358974359
decentralized-identity==universal-resolver,19,0,19,43,4,4,0,0,0,0,0,0,0,0,4,0.09302325581395349,0.09302325581395349
decentralizedamateurpagingnetwork==core,18,0,18,64,0,3,0,0,0,0,0,0,3,0,0,0.0,0.046875
dedica-team==nivio,75,0,74,181,6,6,0,0,0,0,0,0,0,0,6,0.03314917127071823,0.03314917127071823
deegree==deegree3,228,0,225,541,29,39,0,0,0,0,0,2,12,3,24,0.053604436229205174,0.07208872458410351
deepimagej==deepimagej-plugin,13,0,0,0,0,0,0,0,0,0,0,0,0,0,0,0.0,0.0
deeplearning4j==deeplearning4j,95,0,70,137,0,3,0,0,0,0,0,0,3,0,0,0.0,0.021897810218978103
deepy==sonar-crowd,3,0,3,8,0,0,0,0,0,0,0,0,0,0,0,0.0,0.0
defacto==defacto,27,0,25,67,7,11,0,0,0,0,0,0,4,0,7,0.1044776119402985,0.16417910447761194
dempsy==dempsy,24,0,24,56,7,8,0,0,0,0,0,0,1,0,7,0.125,0.14285714285714285
dependencytrack==dependency-track,70,0,70,172,1,3,0,1,0,0,0,0,2,0,0,0.005813953488372093,0.01744186046511628
devcon5io==mutation-analysis-plugin,8,0,8,29,0,0,0,0,0,0,0,0,0,0,0,0.0,0.0
devgianlu==pyx-reloaded,19,0,18,25,0,1,0,0,0,0,0,0,1,0,0,0.0,0.04
devicehive==devicehive-java-server,51,0,51,221,0,0,0,0,0,0,0,0,0,0,0,0.0,0.0
devonfw==cobigen,49,0,49,176,10,18,0,0,0,0,0,0,8,1,9,0.056818181818181816,0.10227272727272728
devonfw==devon4j,24,3,21,47,0,2,0,0,0,0,0,0,2,0,0,0.0,0.0425531914893617
dgarijo==widoco,6,0,4,9,1,1,0,0,0,0,0,0,0,0,1,0.1111111111111111,0.1111111111111111
dhanji==sitebricks,8,0,8,14,0,1,0,0,0,0,0,0,1,0,0,0.0,0.07142857142857142
dianping==cat,27,0,27,54,12,13,0,0,0,0,0,0,1,1,11,0.2222222222222222,0.24074074074074073
dianping==puma,46,0,44,122,20,23,0,0,0,0,0,0,3,7,13,0.16393442622950818,0.1885245901639344
dice-group==agdistis,5,0,4,18,0,0,0,0,0,0,0,0,0,0,0,0.0,0.0
dice-group==fox,50,0,49,173,29,35,0,0,0,0,0,0,6,0,29,0.1676300578034682,0.2023121387283237
dice-group==gerbil,57,0,56,151,4,12,0,0,1,0,0,2,10,1,1,0.026490066225165563,0.07947019867549669
dice-unc==jargon,70,0,70,414,3,10,0,0,0,0,0,0,7,1,2,0.007246376811594203,0.024154589371980676
dicetechnology==dice-fairlink,6,0,6,13,1,1,0,0,0,0,0,0,0,1,0,0.07692307692307693,0.07692307692307693
didi==knowstreaming,127,0,127,291,12,12,0,0,0,0,0,2,1,9,1,0.041237113402061855,0.041237113402061855
didi==logi-kafkamanager,127,0,127,291,12,12,0,0,0,0,0,2,1,9,1,0.041237113402061855,0.041237113402061855
didi==logikm,127,0,127,291,12,12,0,0,0,0,0,2,1,9,1,0.041237113402061855,0.041237113402061855
diegoceccarelli==json-wikipedia,2,0,2,3,0,1,0,0,0,0,0,0,1,0,0,0.0,0.3333333333333333
diennea==blazingcache,11,0,11,18,2,2,0,0,0,0,0,0,0,0,2,0.1111111111111111,0.1111111111111111
diennea==blobit,3,0,3,3,0,0,0,0,0,0,0,0,0,0,0,0.0,0.0
diennea==bookkeeper-visual-manager,6,0,5,15,0,0,0,0,0,0,0,0,0,0,0,0.0,0.0
diennea==herddb,30,0,27,54,8,8,0,0,0,0,0,0,0,4,4,0.14814814814814814,0.14814814814814814
difi==asic,7,0,7,9,2,4,0,0,0,2,0,0,2,0,0,0.2222222222222222,0.4444444444444444
difi==oxalis,34,0,34,49,11,14,0,0,0,0,0,0,4,0,11,0.22448979591836735,0.2857142857142857
diggsweden==dgc-java,6,0,6,42,2,3,0,0,0,0,0,0,1,0,2,0.047619047619047616,0.07142857142857142
digidotcom==xbee-java,2,0,2,2,2,2,0,0,0,0,0,0,0,0,2,1.0,1.0
digitalfondue==lavagna,8,0,8,15,2,2,0,0,0,0,0,0,0,0,2,0.13333333333333333,0.13333333333333333
digitalmediaserver==digitalmediaserver,37,0,36,128,0,2,0,0,0,0,0,0,2,0,0,0.0,0.015625
digitalpebble==storm-crawler,39,0,39,109,8,12,0,0,0,0,0,0,4,5,3,0.07339449541284404,0.11009174311926606
dima767==inspektr,3,0,3,3,0,2,0,0,0,0,0,0,2,0,0,0.0,0.6666666666666666
disneystreaming==pg2k4j,4,0,4,12,0,0,0,0,0,0,0,0,0,0,0,0.0,0.0
disq-bio==disq,4,0,4,6,0,0,0,0,0,0,0,0,0,0,0,0.0,0.0
dkpro==dkpro-core,40,0,31,68,1,5,0,0,0,0,0,0,4,1,0,0.014705882352941176,0.07352941176470588
dkpro==dkpro-jwpl,28,0,28,82,4,5,0,0,0,0,0,0,3,2,2,0.04878048780487805,0.06097560975609756
dkpro==dkpro-uby,2,0,2,6,0,0,0,0,0,0,0,0,0,0,0,0.0,0.0
dlsc-software-consulting-gmbh==calendarfx,3,0,1,1,0,0,0,0,0,0,0,0,0,0,0,0.0,0.0
dlsc-software-consulting-gmbh==preferencesfx,4,0,4,8,0,0,0,0,0,0,0,0,0,0,0,0.0,0.0
dlsc-software-consulting-gmbh==workbenchfx,9,0,9,21,0,0,0,0,0,0,0,0,0,0,0,0.0,0.0
dma-ais==aisabnormal,22,0,22,94,10,14,0,0,0,0,0,0,4,0,10,0.10638297872340426,0.14893617021276595
dma-ais==aislib,23,0,23,73,3,4,0,0,0,0,1,0,1,1,1,0.0410958904109589,0.0547945205479452
dmak==jaxb-xew-plugin,2,0,2,9,0,0,0,0,0,0,0,0,0,0,0,0.0,0.0
dmusican==elegit,10,0,10,29,0,1,0,0,0,0,0,0,1,0,0,0.0,0.034482758620689655
dnsjava==dnsjava,9,0,9,26,1,1,0,0,0,1,0,0,0,0,0,0.038461538461538464,0.038461538461538464
doanduyhai==achilles,59,0,59,189,5,23,0,0,0,4,0,0,18,0,1,0.026455026455026454,0.12169312169312169
docker-java==docker-java,94,0,94,116,1,13,0,0,0,0,0,0,12,0,1,0.008620689655172414,0.11206896551724138
dogtagpki==pki,283,0,278,1059,213,243,0,0,0,27,0,7,104,0,180,0.20113314447592068,0.22946175637393768
dominokit==domino-mvp,26,0,26,49,0,0,0,0,0,0,0,0,0,0,0,0.0,0.0
dragon66==icafe,31,0,31,125,18,20,0,0,0,8,0,6,2,4,0,0.144,0.16
dragonetmc==dragonet-legacy,12,0,11,36,0,0,0,0,0,0,0,0,0,0,0,0.0,0.0
drallgood==jpasskit,8,0,8,41,0,0,0,0,0,0,0,0,0,0,0,0.0,0.0
drallieiv==kinancity,26,0,26,109,0,1,0,0,0,0,0,0,1,0,0,0.0,0.009174311926605505
dreamvoid==miraimc,10,0,10,67,0,0,0,0,0,0,0,0,0,0,0,0.0,0.0
drmacro==wordinator,3,0,3,8,0,0,0,0,0,0,0,0,0,0,0,0.0,0.0
dromara==dynamic-tp,59,0,59,96,3,3,0,0,0,0,0,3,0,0,0,0.03125,0.03125
dromara==forest,15,0,15,45,6,6,0,0,0,0,0,3,0,3,0,0.13333333333333333,0.13333333333333333
dromara==hertzbeat,51,0,51,108,29,29,0,0,0,0,0,0,0,0,29,0.26851851851851855,0.26851851851851855
dromara==hmily,58,0,53,128,6,16,0,0,0,0,0,0,10,0,6,0.046875,0.125
dromara==liteflow,32,0,32,67,6,8,0,0,0,0,0,0,2,0,6,0.08955223880597014,0.11940298507462686
dromara==northstar,54,1,53,170,9,10,0,0,0,0,0,0,1,0,9,0.052941176470588235,0.058823529411764705
dromara==shenyu,166,0,159,368,17,24,0,0,0,0,0,8,7,0,9,0.04619565217391304,0.06521739130434782
dromara==soul,166,0,159,368,17,24,0,0,0,0,0,8,7,0,9,0.04619565217391304,0.06521739130434782
dromara==sureness,37,0,37,95,7,7,0,0,0,0,0,0,0,0,7,0.07368421052631578,0.07368421052631578
dromara==tlog,20,0,20,28,4,4,0,1,0,0,0,2,0,0,1,0.14285714285714285,0.14285714285714285
droolsfiddle==drools-fiddle,9,0,9,31,0,4,0,0,0,0,0,0,4,0,0,0.0,0.12903225806451613
dropwizard==dropwizard-flyway,2,0,2,3,1,1,0,0,0,0,0,0,0,0,1,0.3333333333333333,0.3333333333333333
dropwizard==metrics,3,0,3,3,0,0,0,0,0,0,0,0,0,0,0,0.0,0.0
drsjb80==jdnss,10,0,9,33,0,2,0,0,0,0,0,0,2,0,0,0.0,0.06060606060606061
druid-io==druid-api,4,0,4,5,0,0,0,0,0,0,0,0,0,0,0,0.0,0.0
dschulten==hydra-java,1,0,1,1,0,0,0,0,0,0,0,0,0,0,0,0.0,0.0
dsh105==echopet,5,0,3,7,0,0,0,0,0,0,0,0,0,0,0,0.0,0.0
dspace==dspace,227,0,227,487,88,111,0,0,0,0,0,0,25,0,88,0.1806981519507187,0.22792607802874743
dspace==xoai,4,0,4,12,1,1,0,0,0,0,0,0,0,0,1,0.08333333333333333,0.08333333333333333
dstl==baleen,43,0,32,55,0,2,0,0,0,0,0,0,2,0,0,0.0,0.03636363636363636
dswarm==dswarm,37,0,37,82,9,12,0,0,0,0,0,0,4,2,7,0.10975609756097561,0.14634146341463414
dtstack==chunjun,110,0,110,233,14,20,0,0,0,0,0,6,6,0,8,0.060085836909871244,0.08583690987124463
dtstack==datasourcex,50,0,50,87,17,17,0,0,0,0,0,3,0,0,14,0.19540229885057472,0.19540229885057472
dtstack==taier,170,0,168,376,23,30,0,0,0,0,0,6,7,0,17,0.061170212765957445,0.0797872340425532
duanluan==zutil,4,0,3,3,1,1,0,0,0,0,0,0,0,0,1,0.3333333333333333,0.3333333333333333
dubboclub==dubbo-plus,11,0,11,46,11,17,0,0,0,0,0,3,6,0,8,0.2391304347826087,0.3695652173913043
dustin==java-memcached-client,14,0,14,23,0,7,0,0,0,0,0,0,7,0,0,0.0,0.30434782608695654
dwslab==jrdf2vec,15,0,15,70,0,3,0,0,0,0,0,0,3,0,0,0.0,0.04285714285714286
dwslab==melt,107,0,103,298,5,13,0,0,3,0,0,0,8,4,0,0.016778523489932886,0.0436241610738255
dynamicreports==dynamicreports,2,0,2,3,0,0,0,0,0,0,0,0,0,0,0,0.0,0.0
dzhw==metadatamanagement,27,0,27,59,3,3,0,0,0,0,1,2,2,0,1,0.05084745762711865,0.05084745762711865
dzieciou==curl-logger,2,0,2,6,0,0,0,0,0,0,0,0,0,0,0,0.0,0.0
easetech==easytest-core,2,0,2,9,0,0,0,0,0,0,0,0,0,0,0,0.0,0.0
easysoa==easysoa,116,0,113,326,1,7,0,0,0,0,0,0,6,0,1,0.003067484662576687,0.02147239263803681
ebay==parallec,21,0,21,66,1,2,0,0,0,0,0,0,1,1,1,0.015151515151515152,0.030303030303030304
ebi-gene-expression-group==atlas,47,0,47,98,26,29,0,0,0,0,0,1,4,3,22,0.2653061224489796,0.29591836734693877
ebx==ebx-linkedin-sdk,4,0,4,4,0,0,0,0,0,0,0,0,0,0,0,0.0,0.0
ec4j==editorconfig-maven-plugin,1,0,0,0,0,0,0,0,0,0,0,0,0,0,0,0.0,0.0
eccentricdevotion==tardis,51,0,50,75,0,0,0,0,0,0,0,0,0,0,0,0.0,0.0
eckig==graph-editor,4,0,4,8,0,0,0,0,0,0,0,0,0,0,0,0.0,0.0
eclipse-archived==antenna,50,0,50,148,5,9,0,0,0,0,0,4,4,0,1,0.033783783783783786,0.060810810810810814
eclipse-arrowhead==core-java-spring,189,0,189,696,30,39,0,0,0,0,0,0,9,3,27,0.04310344827586207,0.05603448275862069
eclipse-californium==californium,46,0,46,137,7,9,0,0,0,0,1,0,2,0,6,0.051094890510948905,0.06569343065693431
eclipse-che==che-server,143,0,142,301,36,36,0,0,0,0,0,0,0,3,35,0.11960132890365449,0.11960132890365449
eclipse-ee4j==eclipselink,21,0,18,32,0,2,0,0,0,0,0,0,2,0,0,0.0,0.0625
eclipse-ee4j==jersey,73,0,73,180,0,11,0,0,0,0,0,0,11,0,0,0.0,0.06111111111111111
eclipse-ee4j==krazo,7,0,7,12,0,0,0,0,0,0,0,0,0,0,0,0.0,0.0
eclipse-emfcloud==emfcloud-modelserver,22,0,22,48,4,4,0,0,0,0,0,0,0,0,4,0.08333333333333333,0.08333333333333333
eclipse-glsp==glsp-server,19,0,19,38,5,5,0,0,0,0,0,0,0,0,5,0.13157894736842105,0.13157894736842105
eclipse-vertx==vert.x,23,0,22,54,0,0,0,0,0,0,0,0,0,0,0,0.0,0.0
eclipse==antenna,50,0,50,148,5,9,0,0,0,0,0,4,4,0,1,0.033783783783783786,0.060810810810810814
eclipse==californium,46,0,46,137,7,9,0,0,0,0,1,0,2,0,6,0.051094890510948905,0.06569343065693431
eclipse==deeplearning4j,95,0,70,137,0,3,0,0,0,0,0,0,3,0,0,0.0,0.021897810218978103
eclipse==eclipse-collections,3,0,1,4,0,0,0,0,0,0,0,0,0,0,0,0.0,0.0
eclipse==hawkbit,57,0,57,111,3,3,0,0,0,0,0,0,0,0,3,0.02702702702702703,0.02702702702702703
eclipse==jetty.project,296,0,294,711,24,34,0,0,0,6,0,2,10,1,15,0.03375527426160337,0.04781997187060478
eclipse==jkube,82,0,77,173,4,4,0,0,2,0,0,1,0,0,1,0.023121387283236993,0.023121387283236993
eclipse==kapua,171,0,162,460,58,58,0,1,0,0,0,0,0,1,56,0.12608695652173912,0.12608695652173912
eclipse==leshan,35,0,34,87,8,8,0,0,0,3,0,0,0,0,5,0.09195402298850575,0.09195402298850575
eclipse==milo,41,0,41,97,10,12,0,0,0,0,0,3,5,0,7,0.10309278350515463,0.12371134020618557
eclipse==mosaic,55,0,54,147,10,12,9,0,0,0,0,0,2,0,1,0.06802721088435375,0.08163265306122448
eclipse==rdf4j,105,0,104,269,22,23,0,0,0,0,0,1,10,4,17,0.08178438661710037,0.08550185873605948
eclipse==steady,60,0,58,151,20,27,0,0,0,0,0,0,8,5,15,0.13245033112582782,0.17880794701986755
eclipse==sw360,99,0,99,256,9,14,0,0,0,0,0,2,5,0,7,0.03515625,0.0546875
eclipse==winery,90,0,90,198,6,12,0,0,0,0,0,0,6,1,5,0.030303030303030304,0.06060606060606061
ecsec==open-ecard,109,0,108,277,36,38,0,0,0,0,0,0,2,0,36,0.1299638989169675,0.1371841155234657
edgegallery==api-emulator,1,0,1,2,2,2,0,0,0,0,0,2,0,0,0,1.0,1.0
edgegallery==appstore-be,28,0,27,76,4,4,0,0,0,0,0,4,0,0,0,0.05263157894736842,0.05263157894736842
edgegallery==atp,20,0,19,78,2,3,0,0,0,0,0,2,1,0,0,0.02564102564102564,0.038461538461538464
edgegallery==developer-be,43,0,43,140,4,5,0,0,0,0,0,4,1,0,0,0.02857142857142857,0.03571428571428571
edgegallery==mecm-apm,8,0,8,26,0,1,0,0,0,0,0,0,1,0,0,0.0,0.038461538461538464
edgegallery==mecm-appo,16,0,16,85,6,6,0,0,0,0,0,6,0,0,0,0.07058823529411765,0.07058823529411765
edgegallery==user-mgmt,15,0,15,32,1,1,0,0,0,0,0,1,0,0,0,0.03125,0.03125
edgegallery==website-gateway,5,0,5,9,1,1,0,0,0,0,0,1,0,0,0,0.1111111111111111,0.1111111111111111
edmcouncil==rdf-toolkit,1,0,1,3,0,1,0,0,0,0,0,0,1,0,0,0.0,0.3333333333333333
edmunds==databricks-rest-client,10,0,10,29,2,8,0,0,0,0,0,0,6,2,0,0.06896551724137931,0.27586206896551724
edu-sharing==edu-sharing,232,0,226,837,142,148,0,0,0,0,0,2,6,4,136,0.16965352449223417,0.1768219832735962
edu-sharing==edu-sharing-community-repository,232,0,226,837,142,148,0,0,0,0,0,2,6,4,136,0.16965352449223417,0.1768219832735962
edurtio==datacap,77,0,76,162,2,2,0,0,0,0,0,1,0,0,1,0.012345679012345678,0.012345679012345678
edurtio==incubator-datacap,77,0,76,162,2,2,0,0,0,0,0,1,0,0,1,0.012345679012345678,0.012345679012345678
eea==eea.elasticsearch.river.rdf,4,0,4,41,0,0,0,0,0,0,0,0,0,0,0,0.0,0.0
effektif==effektif,27,0,25,58,7,17,0,0,0,0,0,0,10,0,7,0.1206896551724138,0.29310344827586204
egg82==anti-vpn,32,1,31,97,37,38,1,0,0,0,0,0,1,0,36,0.38144329896907214,0.3917525773195876
egg82==antivpn,32,1,31,97,37,38,1,0,0,0,0,0,1,0,36,0.38144329896907214,0.3917525773195876
egueli==traci4j,4,0,4,15,0,3,0,0,0,0,0,0,3,0,0,0.0,0.2
egzosn==pay-java-parent,10,0,8,12,4,4,0,0,0,0,0,4,0,0,0,0.3333333333333333,0.3333333333333333
ehcache==sizeof,2,0,2,3,0,0,0,0,0,0,0,0,0,0,0,0.0,0.0
ehrbase==ehrbase,12,0,12,20,2,2,0,0,0,0,0,0,0,0,2,0.1,0.1
ehrbase==openehr_sdk,9,0,9,11,1,1,0,0,0,0,0,0,0,0,1,0.09090909090909091,0.09090909090909091
eiiches==jackson-jq,1,0,0,0,0,0,0,0,0,0,0,0,0,0,0,0.0,0.0
ekryd==sortpom,4,0,4,18,0,0,0,0,0,0,0,0,0,0,0,0.0,0.0
elastic==apm-agent-java,88,0,87,198,6,8,0,0,0,0,0,0,2,0,6,0.030303030303030304,0.04040404040404041
elastic==elasticsearch-transport-thrift,2,0,2,2,0,0,0,0,0,0,0,0,0,0,0,0.0,0.0
elastic==support-diagnostics,33,0,33,139,5,6,0,0,0,0,0,0,1,1,4,0.03597122302158273,0.04316546762589928
elasticfence==elasticsearch-http-user-auth,4,0,4,27,3,3,0,0,0,0,0,3,3,0,0,0.1111111111111111,0.1111111111111111
elasticsoftwarefoundation==elasticactors,69,0,69,171,1,4,0,0,0,0,0,1,4,0,0,0.005847953216374269,0.023391812865497075
eldur==jwbf,17,0,17,29,1,1,0,0,0,0,0,0,0,0,1,0.034482758620689655,0.034482758620689655
elegoff==sonar-rust,6,0,6,29,2,3,0,0,0,0,0,1,1,0,1,0.06896551724137931,0.10344827586206896
eliasnogueira==selenium-java-lean-test-architecture,2,0,2,4,0,0,0,0,0,0,0,0,0,0,0,0.0,0.0
elimu-ai==webapp,128,0,128,656,6,6,0,0,0,0,0,2,0,3,1,0.009146341463414634,0.009146341463414634
elunez==eladmin,17,0,17,52,7,7,0,0,0,0,0,0,0,0,7,0.1346153846153846,0.1346153846153846
endava==cats,21,0,21,49,0,1,0,0,0,0,0,0,1,0,0,0.0,0.02040816326530612
enginehub==commandhelper,24,0,22,37,0,1,0,0,0,0,0,0,1,0,0,0.0,0.02702702702702703
enmasseproject==enmasse,77,0,77,267,2,7,0,0,0,0,0,0,5,0,2,0.00749063670411985,0.026217228464419477
entando==entando-core,244,0,241,596,5,6,0,0,0,0,0,0,1,0,5,0.008389261744966443,0.010067114093959731
entur==mapstruct-spi-protobuf,1,0,1,2,0,0,0,0,0,0,0,0,0,0,0,0.0,0.0
envirocar==envirocar-server,24,0,24,46,6,6,0,0,0,0,0,0,0,0,6,0.13043478260869565,0.13043478260869565
envoyproxy==java-control-plane,3,0,3,11,1,1,0,0,0,0,0,1,0,0,0,0.09090909090909091,0.09090909090909091
epadd==epadd,13,0,13,26,0,0,0,0,0,0,0,0,0,0,0,0.0,0.0
epam==eco-kafka-manager,14,0,14,39,0,0,0,0,0,0,0,0,0,0,0,0.0,0.0
epam==parso,1,0,1,2,1,1,0,0,0,0,0,0,0,0,1,0.5,0.5
epicericee==shopchest,11,0,3,3,0,0,0,0,0,0,0,0,0,0,0,0.0,0.0
epimorphics==elda,22,0,21,41,1,4,0,0,1,0,0,0,3,1,0,0.024390243902439025,0.0975609756097561
eprosima==idl-parser,2,0,0,0,0,0,0,0,0,0,0,0,0,0,0,0.0,0.0
equinor==neqsim,356,0,328,604,218,219,0,0,0,0,0,0,1,40,178,0.3609271523178808,0.36258278145695366
ericsson==ecchronos,24,0,23,62,2,2,0,0,0,0,0,0,0,0,2,0.03225806451612903,0.03225806451612903
erudika==para,16,0,16,39,0,0,0,0,0,0,0,0,0,0,0,0.0,0.0
erudika==scoold,3,0,3,6,0,0,0,0,0,0,0,0,0,0,0,0.0,0.0
esapi==esapi-java-legacy,13,0,11,35,1,2,0,0,0,0,0,0,1,0,1,0.02857142857142857,0.05714285714285714
esig==dss,94,0,94,197,12,18,0,0,0,0,0,0,6,0,12,0.06091370558375635,0.09137055837563451
esig==dss-demonstrations,34,0,34,66,23,23,0,0,0,0,0,0,0,0,23,0.3484848484848485,0.3484848484848485
esigate==esigate,23,0,23,48,4,10,0,0,0,0,0,1,6,0,3,0.08333333333333333,0.20833333333333334
espertechinc==esper,288,0,281,705,133,152,0,0,0,0,0,5,24,19,109,0.18865248226950354,0.21560283687943263
esri==geoportal-server-harvester,41,0,41,87,1,3,0,0,0,0,0,0,2,0,1,0.011494252873563218,0.034482758620689655
eugenp==tutorials,629,0,614,1713,42,89,3,2,0,0,3,4,50,9,24,0.024518388791593695,0.05195563339171045
europeana==api2,13,0,13,33,6,6,0,0,0,0,0,3,2,2,1,0.18181818181818182,0.18181818181818182
europeana==corelib,9,0,9,25,4,4,0,0,0,0,0,0,0,3,1,0.16,0.16
everit-org==jira-timetracker-plugin,3,0,3,4,0,0,0,0,0,0,0,0,0,0,0,0.0,0.0
everwatchsolutions==json-data-generator,13,0,13,54,4,4,0,0,0,0,0,2,0,2,0,0.07407407407407407,0.07407407407407407
evolveum==midpoint,519,0,503,1234,96,101,0,0,3,0,0,3,5,7,83,0.07779578606158834,0.08184764991896272
evosuite==evosuite,171,0,157,494,15,33,0,0,0,0,0,3,21,7,5,0.030364372469635626,0.06680161943319839
exadel-inc==aem-authoring-toolkit,14,0,14,20,1,1,0,0,0,0,0,1,1,0,0,0.05,0.05
exadel-inc==etoolbox-authoring-kit,14,0,14,20,1,1,0,0,0,0,0,1,1,0,0,0.05,0.05
exadel-inc==etoolbox-backpack,10,0,10,19,1,1,0,0,0,0,0,0,0,0,1,0.05263157894736842,0.05263157894736842
exceptionflug==protocolize,13,0,13,44,2,4,0,0,0,0,0,2,4,0,0,0.045454545454545456,0.09090909090909091
exchange-core==exchange-core,14,0,7,31,5,5,5,0,0,0,0,0,0,0,0,0.16129032258064516,0.16129032258064516
exoplatform==platform,66,0,66,195,9,9,0,0,0,0,0,0,0,0,9,0.046153846153846156,0.046153846153846156
exoplatform==social,55,0,55,111,10,12,0,0,0,0,0,0,2,2,8,0.09009009009009009,0.10810810810810811
expediagroup==beeju,1,0,1,1,0,0,0,0,0,0,0,0,0,0,0,0.0,0.0
expediagroup==beekeeper,17,0,17,45,0,2,0,0,0,0,0,0,2,0,0,0.0,0.044444444444444446
expediagroup==bull,1,0,1,2,0,0,0,0,0,0,0,0,0,0,0,0.0,0.0
expediagroup==circus-train,63,0,63,142,1,2,0,0,0,0,0,0,1,0,1,0.007042253521126761,0.014084507042253521
expediagroup==stream-registry,9,0,9,27,0,0,0,0,0,0,0,0,0,0,0,0.0,0.0
expediagroup==styx,42,0,41,77,1,1,0,0,0,0,0,0,0,0,1,0.012987012987012988,0.012987012987012988
expediagroup==waggle-dance,15,0,15,40,2,3,0,0,0,0,1,1,2,0,0,0.05,0.075
exslims==mercurytrade,16,0,16,32,0,0,0,0,0,0,0,0,0,0,0,0.0,0.0
extjwnl==extjwnl,4,0,4,11,2,2,0,0,0,0,0,0,0,0,2,0.18181818181818182,0.18181818181818182
exxeta==correomqtt,49,0,48,183,4,4,0,0,0,0,0,1,0,0,3,0.02185792349726776,0.02185792349726776
exxeta==sonar-esql-plugin,5,0,5,13,0,0,0,0,0,0,0,0,0,0,0,0.0,0.0
fabiomaffioletti==jsondoc,3,0,3,3,0,0,0,0,0,0,0,0,0,0,0,0.0,0.0
fabric8io==elasticsearch-cloud-kubernetes,3,0,3,13,1,1,0,0,0,0,0,0,0,0,1,0.07692307692307693,0.07692307692307693
fabric8io==kubernetes-client,56,0,56,180,12,13,0,0,0,0,0,0,1,0,12,0.06666666666666667,0.07222222222222222
fabric8io==openshift-elasticsearch-plugin,6,0,6,14,0,0,0,0,0,0,0,0,0,0,0,0.0,0.0
fabriciocolombo==sonar-delphi,16,0,16,30,0,0,0,0,0,0,0,0,0,0,0,0.0,0.0
facebookarchive==hive-io-experimental,12,0,12,22,2,2,0,0,0,0,0,0,0,0,2,0.09090909090909091,0.09090909090909091
facebookarchive==linkbench,2,0,0,0,0,0,0,0,0,0,0,0,0,0,0,0.0,0.0
factcast==factcast,56,0,56,120,1,2,0,0,0,0,0,0,1,1,0,0.008333333333333333,0.016666666666666666
fadelis==grpcmock,4,0,4,13,1,1,0,0,0,0,0,0,0,0,1,0.07692307692307693,0.07692307692307693
fair-acc==chart-fx,30,0,30,68,3,10,2,0,0,0,0,1,7,0,0,0.04411764705882353,0.14705882352941177
fairdatateam==fairdatapoint,18,0,18,71,3,3,0,0,0,0,0,0,0,0,3,0.04225352112676056,0.04225352112676056
familysearch==gedcom5-conversion,1,0,1,4,0,0,0,0,0,0,0,0,0,0,0,0.0,0.0
familysearch==gedcom5-java,3,0,3,11,0,0,0,0,0,0,0,0,0,0,0,0.0,0.0
fangjinuo==easyjson,8,0,8,19,14,14,0,0,0,0,0,0,0,0,14,0.7368421052631579,0.7368421052631579
fangjinuo==sqlhelper,56,0,56,137,17,22,0,0,0,0,0,0,6,0,17,0.12408759124087591,0.16058394160583941
fanyong920==jvppeteer,5,0,5,11,0,0,0,0,0,0,0,0,0,0,0,0.0,0.0
farin==jcloisterzone,1,0,1,1,1,1,0,0,0,0,0,1,0,0,0,1.0,1.0
fast-data-transfer==fdt,31,0,30,96,6,15,0,0,0,0,0,0,9,1,5,0.0625,0.15625
fasten-project==fasten,23,0,23,79,9,9,0,0,0,0,0,0,0,5,4,0.11392405063291139,0.11392405063291139
fayechenlong==plumelog,20,0,20,72,4,4,0,0,0,0,0,2,0,2,0,0.05555555555555555,0.05555555555555555
fbacchella==jrds,67,0,59,178,13,20,0,0,0,0,0,0,7,3,10,0.07303370786516854,0.11235955056179775
fcrepo3==fcrepo,139,0,137,517,77,86,0,0,0,0,0,0,10,4,73,0.14893617021276595,0.16634429400386846
fcrepo4==fcrepo4,70,0,70,146,3,4,0,0,0,0,0,0,1,0,3,0.02054794520547945,0.0273972602739726
fcrepo==fcrepo,70,0,70,146,3,4,0,0,0,0,0,0,1,0,3,0.02054794520547945,0.0273972602739726
feedzai==pdb,1,0,1,4,0,0,0,0,0,0,0,0,0,0,0,0.0,0.0
feenkcom==jdt2famix,2,0,2,4,0,1,0,0,0,0,0,0,1,0,0,0.0,0.25
fekaputra==shacl-plugin,3,0,3,5,0,0,0,0,0,0,0,0,0,0,0,0.0,0.0
fengjiachun==jupiter,36,0,34,92,5,10,0,0,0,0,0,0,5,1,4,0.05434782608695652,0.10869565217391304
fengyouchao==sockslib,22,0,22,64,22,22,0,0,0,0,1,0,0,0,21,0.34375,0.34375
fenix-framework==fenix-framework,62,0,59,128,4,9,0,0,0,1,0,0,5,1,2,0.03125,0.0703125
fex-team==fis-velocity-tools,2,0,2,2,0,0,0,0,0,0,0,0,0,0,0,0.0,0.0
ff4j==ff4j,21,0,21,70,1,1,0,0,0,0,0,1,1,0,0,0.014285714285714285,0.014285714285714285
fge==json-schema-validator-demo,3,0,3,4,0,0,0,0,0,0,0,0,0,0,0,0.0,0.0
fhoeben==hsac-fitnesse-fixtures,3,0,3,6,0,0,0,0,0,0,0,0,0,0,0,0.0,0.0
find-sec-bugs==find-sec-bugs,9,0,9,86,4,7,0,0,0,0,0,2,5,0,2,0.046511627906976744,0.08139534883720931
finnyb==javampd,12,0,12,22,0,0,0,0,0,0,0,0,0,0,0,0.0,0.0
finos==legend-engine,61,0,57,113,13,59,0,0,0,0,0,0,56,13,0,0.11504424778761062,0.5221238938053098
finos==legend-pure,9,0,8,52,4,4,0,0,0,0,0,1,1,3,0,0.07692307692307693,0.07692307692307693
finos==legend-sdlc,19,0,19,69,5,5,0,0,0,0,0,0,0,2,3,0.07246376811594203,0.07246376811594203
finos==waltz,57,0,57,130,3,4,0,0,0,0,0,0,1,3,0,0.023076923076923078,0.03076923076923077
finraos==herd,47,0,47,140,14,18,0,0,1,0,0,9,6,0,5,0.1,0.12857142857142856
finraos==jtaf-extwebdriver,1,0,1,1,0,0,0,0,0,0,0,0,0,0,0,0.0,0.0
firebase==firebase-admin-java,5,0,5,9,1,1,0,0,0,0,0,0,0,0,1,0.1111111111111111,0.1111111111111111
fixteam==fixflow,16,0,14,45,0,0,0,0,0,0,0,0,0,0,0,0.0,0.0
fixtradingcommunity==fix-orchestra,1,0,1,4,0,0,0,0,0,0,0,0,0,0,0,0.0,0.0
fizzed==rocker,12,0,11,65,0,0,0,0,0,0,0,0,0,0,0,0.0,0.0
fizzed==stork,16,0,13,33,0,0,0,0,0,0,0,0,0,0,0,0.0,0.0
fizzgate==fizz-gateway-community,52,0,52,160,13,21,0,0,0,0,0,7,8,0,6,0.08125,0.13125
flapdoodle-oss==de.flapdoodle.embed.process,9,0,6,13,0,0,0,0,0,0,0,0,0,0,0,0.0,0.0
flaviof==quartz-scheduler-hazelcast-jobstore,3,0,3,4,0,0,0,0,0,0,0,0,0,0,0,0.0,0.0
flink-extended==dl-on-flink,29,0,26,72,3,6,0,0,0,0,0,3,3,0,0,0.041666666666666664,0.08333333333333333
flipkart-incubator==flux,29,0,29,82,2,5,0,0,0,0,0,0,3,0,2,0.024390243902439025,0.06097560975609756
flipkart-incubator==phantom,12,0,12,24,1,3,0,0,0,0,0,0,2,0,1,0.041666666666666664,0.125
flipkart-incubator==ranger,7,0,7,31,0,0,0,0,0,0,0,0,0,0,0,0.0,0.0
flipkart==aesop,49,0,49,111,4,23,0,0,0,0,0,0,19,0,4,0.036036036036036036,0.2072072072072072
flipkart==phantom,12,0,12,24,1,3,0,0,0,0,0,0,2,0,1,0.041666666666666664,0.125
floodlight==floodlight,56,0,55,121,2,8,0,0,0,0,0,1,7,1,0,0.01652892561983471,0.06611570247933884
flowable==flowable-engine,244,0,241,459,11,15,0,0,0,0,0,2,6,1,8,0.023965141612200435,0.032679738562091505
flowerfine==scaleph,24,0,21,40,10,10,0,0,0,0,0,2,0,0,8,0.25,0.25
fluent==fluent-logger-java,1,0,1,6,0,0,0,0,0,0,0,0,0,0,0,0.0,0.0
fluentlenium==fluentlenium,6,0,6,9,1,1,0,0,0,0,0,1,1,0,0,0.1111111111111111,0.1111111111111111
fluxtream==fluxtream-app,29,0,26,53,1,15,0,0,0,0,0,0,14,1,0,0.018867924528301886,0.2830188679245283
flyingsaucerproject==flyingsaucer,1,0,1,2,0,0,0,0,0,0,0,0,0,0,0,0.0,0.0
flyteorg==flytekit-java,12,0,12,23,0,0,0,0,0,0,0,0,0,0,0,0.0,0.0
flyway==flyway,65,0,64,166,8,9,0,6,0,0,0,0,1,0,2,0.04819277108433735,0.05421686746987952
focus-shift==jollyday,5,0,5,6,0,0,0,0,0,0,0,0,0,0,0,0.0,0.0
folio-org==okapi,15,0,15,35,7,7,0,0,0,0,0,0,0,0,7,0.2,0.2
forcedotcom==apexunit,9,0,9,26,0,0,0,0,0,0,0,0,0,0,0,0.0,0.0
forcedotcom==dataloader,17,0,17,31,2,2,0,0,0,0,0,0,0,0,2,0.06451612903225806,0.06451612903225806
forcedotcom==java-sdk,5,0,5,6,1,1,0,0,0,0,0,0,0,1,0,0.16666666666666666,0.16666666666666666
forcedotcom==phoenix,17,0,17,29,0,5,0,0,0,0,0,0,5,0,0,0.0,0.1724137931034483
forgerock==openam-community-edition,91,0,26,41,0,0,0,0,0,0,0,0,0,0,0,0.0,0.0
fortnoxab==reactive-wizard,19,0,19,38,0,1,0,0,0,0,0,0,1,0,0,0.0,0.02631578947368421
foxbpm==foxbpm,49,0,49,90,3,3,0,0,0,0,0,0,0,0,3,0.03333333333333333,0.03333333333333333
frameworkium==frameworkium-core,26,0,19,82,0,2,0,0,0,0,0,0,2,0,0,0.0,0.024390243902439025
franzinc==agraph-java-client,3,0,2,2,1,1,0,0,0,0,0,0,0,0,1,0.5,0.5
fraunhoferiosb==faaast-service,33,0,33,69,3,3,0,0,0,0,0,2,0,0,1,0.043478260869565216,0.043478260869565216
fraunhoferiosb==frost-server,53,0,53,128,1,1,0,0,0,0,0,0,0,0,1,0.0078125,0.0078125
fraunhoferisst==dataspaceconnector,49,0,49,82,22,25,0,0,0,0,0,0,3,0,22,0.2682926829268293,0.3048780487804878
freedomotic==freedomotic,82,1,79,201,2,10,0,0,0,0,0,0,8,0,2,0.009950248756218905,0.04975124378109453
fujieid==jap,8,0,5,11,0,0,0,0,0,0,0,0,0,0,0,0.0,0.0
fujitsu==launcher,6,0,6,9,0,1,0,0,0,0,0,0,1,0,0,0.0,0.1111111111111111
fusepoolp3==p3-batchrefine,5,0,5,14,0,1,0,0,0,0,0,0,1,0,0,0.0,0.07142857142857142
fusesource==fuse-extra,7,0,7,21,1,1,0,0,0,0,0,0,0,0,1,0.047619047619047616,0.047619047619047616
fusesource==hawtdispatch,3,0,3,3,0,0,0,0,0,0,0,0,0,0,0,0.0,0.0
fusesource==hawtjni,2,0,2,11,0,0,0,0,0,0,0,0,0,0,0,0.0,0.0
future-architect==uroborosql,5,0,5,10,1,2,0,0,0,0,0,0,1,0,1,0.1,0.2
g-research==siembol,50,0,50,173,1,8,0,0,0,0,0,0,8,0,1,0.005780346820809248,0.046242774566473986
g3g4x5x6==ultimate-cube,42,0,41,97,1,12,0,0,0,0,0,1,12,0,0,0.010309278350515464,0.12371134020618557
galan==packtag,4,0,4,7,1,1,0,0,0,0,0,0,0,0,1,0.14285714285714285,0.14285714285714285
galenframework==galen,8,0,7,23,0,0,0,0,0,0,0,0,0,0,0,0.0,0.0
galigator==openllet,12,0,12,20,2,3,0,0,0,0,0,0,1,0,2,0.1,0.15
games647==lagmonitor,12,0,12,21,0,0,0,0,0,0,0,0,0,0,0,0.0,0.0
games647==scoreboardstats,5,0,4,14,0,0,0,0,0,0,0,0,0,0,0,0.0,0.0
garagepoort==staffplusplus,14,0,14,37,0,0,0,0,0,0,0,0,0,0,0,0.0,0.0
gatein==gatein-portal,111,0,110,217,13,19,0,0,0,0,0,0,6,0,13,0.059907834101382486,0.08755760368663594
gatenlp==gate-core,4,0,3,4,0,0,0,0,0,0,0,0,0,0,0,0.0,0.0
gaul==s3proxy,4,0,4,21,1,1,0,0,0,0,0,1,1,0,0,0.047619047619047616,0.047619047619047616
gazbert==bxbot,19,0,19,51,2,3,0,0,0,0,0,0,1,0,2,0.0392156862745098,0.058823529411764705
gbif==checklistbank,48,0,48,130,3,5,0,0,0,0,0,0,2,0,3,0.023076923076923078,0.038461538461538464
gbif==gbif-api,5,0,5,6,0,0,0,0,0,0,0,0,0,0,0,0.0,0.0
gbif==ipt,28,0,28,82,5,6,0,0,0,0,0,0,1,0,5,0.06097560975609756,0.07317073170731707
gbif==maps,4,0,4,16,0,0,0,0,0,0,0,0,0,0,0,0.0,0.0
gbif==pipelines,158,0,158,423,25,29,0,0,0,1,0,2,4,1,22,0.0591016548463357,0.06855791962174941
gbif==registry,34,0,34,94,0,0,0,0,0,0,0,0,0,0,0,0.0,0.0
gchq==gaffer,51,0,50,103,8,9,0,0,0,0,0,0,1,0,8,0.07766990291262135,0.08737864077669903
genepi==cloudgene,46,0,37,122,1,2,0,0,0,0,0,1,1,0,0,0.00819672131147541,0.01639344262295082
genome-nexus==genome-nexus,18,0,17,23,0,0,0,0,0,0,0,0,0,0,0,0.0,0.0
genomicpariscentre==eoulsan,26,0,25,63,1,2,0,0,1,0,0,0,1,0,0,0.015873015873015872,0.031746031746031744
genomiqueens==eoulsan,26,0,25,63,1,2,0,0,1,0,0,0,1,0,0,0.015873015873015872,0.031746031746031744
geoffreywiseman==moo,3,0,3,4,0,0,0,0,0,0,0,0,0,0,0,0.0,0.0
geonetwork==core-geonetwork,125,0,123,335,29,37,0,3,0,0,0,1,9,0,25,0.08656716417910448,0.11044776119402985
georchestra==georchestra,41,0,41,113,1,3,0,0,0,0,0,0,2,0,1,0.008849557522123894,0.02654867256637168
geosdi==geo-platform,357,0,355,605,1,32,0,0,0,0,0,1,31,0,0,0.001652892561983471,0.05289256198347107
geosolutions-it==geoserver-manager,1,0,1,2,0,0,0,0,0,0,0,0,0,0,0,0.0,0.0
geosolutions-it==http-proxy,2,0,2,4,2,2,0,0,0,0,0,0,0,0,2,0.5,0.5
geotools==geotools,154,0,149,242,46,49,0,0,0,0,0,0,3,0,46,0.19008264462809918,0.2024793388429752
geronimoo==dominionsim,1,0,1,2,0,0,0,0,0,0,0,0,0,0,0,0.0,0.0
getodk==javarosa,20,0,20,35,0,0,0,0,0,0,0,0,0,0,0,0.0,0.0
getrebuild==rebuild,91,0,88,158,4,6,0,0,2,0,0,2,4,0,2,0.02531645569620253,0.0379746835443038
geysermc==geyserconnect,4,0,4,10,0,1,0,0,0,0,0,0,1,0,0,0.0,0.1
ghost-chu==quickshop-hikari,69,0,68,185,1,1,0,0,0,0,0,0,0,0,1,0.005405405405405406,0.005405405405405406
ghost-chu==quickshop-reremake,23,0,23,47,0,0,0,0,0,0,0,0,0,0,0,0.0,0.0
giscience==ohsome-api,1,0,1,3,1,1,0,0,0,0,0,0,0,1,0,0.3333333333333333,0.3333333333333333
giscience==oshdb,2,0,2,3,0,0,0,0,0,0,0,0,0,0,0,0.0,0.0
gisgraphy==gisgraphy,65,0,65,143,16,16,0,0,0,0,0,0,0,1,15,0.11188811188811189,0.11188811188811189
git-commit-id==git-commit-id-maven-plugin,1,0,1,2,0,0,0,0,0,0,0,0,0,0,0,0.0,0.0
gitblit==iciql,2,0,2,6,0,0,0,0,0,0,0,0,0,0,0,0.0,0.0
gitflow-incremental-builder==gitflow-incremental-builder,7,0,7,20,1,2,0,0,0,0,0,0,1,0,1,0.05,0.1
glaciall==jtt1078-video-server,6,0,6,14,2,2,0,0,0,2,0,0,1,2,0,0.14285714285714285,0.14285714285714285
glitchcog==chatgamefontificator,8,0,8,16,3,3,0,0,0,0,0,0,3,0,3,0.1875,0.1875
glowroot==glowroot,60,0,57,154,83,83,0,0,0,0,0,0,0,0,83,0.538961038961039,0.538961038961039
gluster==glusterfs-hadoop,4,0,4,10,0,0,0,0,0,0,0,0,0,0,0,0.0,0.0
gluufederation==oxauth,130,0,130,448,109,110,0,0,0,2,0,2,3,0,105,0.24330357142857142,0.24553571428571427
gluufederation==oxtrust,113,0,113,354,16,19,0,0,0,0,0,0,3,0,16,0.04519774011299435,0.05367231638418079
glyptodon==guacamole-client,16,0,16,48,0,0,0,0,0,0,0,0,0,0,0,0.0,0.0
gnuhpc==kafka-zk-restapi,15,0,15,42,2,5,0,0,0,0,0,1,4,1,0,0.047619047619047616,0.11904761904761904
goldengnu==jeveassets,25,0,25,83,26,26,0,0,0,0,0,0,0,1,25,0.3132530120481928,0.3132530120481928
goldmansachs==gs-collections,4,0,2,5,0,0,0,0,0,0,0,0,0,0,0,0.0,0.0
goldmansachs==jdmn,46,0,46,94,2,8,0,0,0,0,0,2,6,0,0,0.02127659574468085,0.0851063829787234
goldmansachs==obevo,36,0,36,74,2,6,0,0,0,0,0,0,4,0,2,0.02702702702702703,0.08108108108108109
google==fhir-gateway,6,0,6,9,0,0,0,0,0,0,0,0,0,0,0,0.0,0.0
google==openrtb,1,0,1,4,0,0,0,0,0,0,0,0,0,0,0,0.0,0.0
googleapis==java-bigtable-hbase,23,0,22,56,1,2,0,0,0,0,0,0,1,1,0,0.017857142857142856,0.03571428571428571
googleapis==java-logging-logback,1,0,1,2,0,0,0,0,0,0,0,0,0,0,0,0.0,0.0
googlecloudplatform==appengine-tck,15,0,14,21,1,3,0,0,0,0,0,0,2,0,1,0.047619047619047616,0.14285714285714285
googlecloudplatform==cloud-spanner-r2dbc,4,0,3,11,0,0,0,0,0,0,0,0,0,0,0,0.0,0.0
googlecloudplatform==dataflowtemplates,89,0,89,187,8,15,0,0,0,0,0,1,7,1,6,0.0427807486631016,0.08021390374331551
googlecloudplatform==gcloud-maven-plugin,9,0,9,37,0,0,0,0,0,0,0,0,0,0,0,0.0,0.0
googlecloudplatform==google-cloud-spanner-hibernate,1,0,1,2,0,0,0,0,0,0,0,0,0,0,0,0.0,0.0
googlecloudplatform==point-of-sale,5,0,5,5,0,0,0,0,0,0,0,0,0,0,0,0.0,0.0
googlecloudplatform==spring-cloud-gcp,30,0,30,56,0,3,0,0,0,0,0,0,3,0,0,0.0,0.05357142857142857
graphaware==graph-aided-search,5,0,5,10,1,1,0,0,0,0,0,1,0,0,0,0.1,0.1
graphaware==neo4j-nlp,27,0,27,67,2,3,0,0,0,0,0,2,2,0,0,0.029850746268656716,0.04477611940298507
graphaware==neo4j-to-elasticsearch,7,0,7,25,0,0,0,0,0,0,0,0,0,0,0,0.0,0.0
graphhopper==graphhopper,13,0,10,12,2,4,0,0,0,0,0,0,2,1,1,0.16666666666666666,0.3333333333333333
graphhopper==map-matching,1,0,0,0,0,0,0,0,0,0,0,0,0,0,0,0.0,0.0
graphik-team==graal,17,0,17,29,12,14,0,0,0,0,0,0,2,0,12,0.41379310344827586,0.4827586206896552
graphwalker==graphwalker-project,23,0,23,51,1,3,0,0,0,0,1,0,2,0,0,0.0196078431372549,0.058823529411764705
gravitee-io==gravitee-gateway,53,0,52,131,6,6,0,0,0,0,0,0,0,5,1,0.04580152671755725,0.04580152671755725
gravitee-io==gravitee-management-rest-api,94,0,94,245,6,12,0,0,0,0,0,0,6,0,6,0.024489795918367346,0.04897959183673469
graylog-labs==collector,19,0,19,61,0,2,0,0,0,0,0,0,2,0,0,0.0,0.03278688524590164
graylog-labs==syslog4j-graylog2,4,0,4,9,0,0,0,0,0,0,0,0,0,0,0,0.0,0.0
graylog2==gelfclient,6,0,6,16,0,0,0,0,0,0,0,0,0,0,0,0.0,0.0
graylog2==graylog2-server,387,0,374,914,14,24,0,0,0,0,2,2,12,0,11,0.015317286652078774,0.0262582056892779
graylog2==jadconfig,1,0,1,2,0,0,0,0,0,0,0,0,0,0,0,0.0,0.0
greenbuttonalliance==openespi-common-java,2,0,2,6,0,1,0,0,0,0,0,0,1,0,0,0.0,0.16666666666666666
greendelta==olca-modules,140,0,138,320,0,0,0,0,0,0,0,0,0,0,0,0.0,0.0
greengerong==prerender-java,1,0,1,1,0,0,0,0,0,0,0,0,0,0,0,0.0,0.0
greenmail-mail-test==greenmail,14,0,13,31,1,1,0,0,0,0,0,1,1,0,0,0.03225806451612903,0.03225806451612903
gresrun==jesque,5,0,5,7,0,0,0,0,0,0,0,0,0,0,0,0.0,0.0
griddynamics==jagger,136,2,133,486,23,41,0,0,0,0,0,3,21,9,11,0.047325102880658436,0.08436213991769548
gridgain==gridgain,204,0,146,395,4,7,1,0,0,0,0,1,3,0,2,0.010126582278481013,0.017721518987341773
gridgain==gridgain-old,65,0,44,109,0,0,0,0,0,0,0,0,0,0,0,0.0,0.0
gridkit==nanocloud,9,0,5,21,1,1,0,0,0,0,0,0,1,0,1,0.047619047619047616,0.047619047619047616
grishka==smithereen,23,0,23,37,0,2,0,0,0,0,0,0,2,0,0,0.0,0.05405405405405406
grouplens==grapht,1,0,1,1,0,0,0,0,0,0,0,0,0,0,0,0.0,0.0
gruelbox==transaction-outbox,15,0,15,29,1,1,0,0,0,0,0,1,1,0,0,0.034482758620689655,0.034482758620689655
gt-health==gt-fhir,7,0,6,11,0,1,0,0,0,0,0,0,1,0,0,0.0,0.09090909090909091
guhilling==cdi-test,6,0,6,10,1,1,0,0,0,0,0,0,0,1,0,0.1,0.1
guoguibing==librec,12,0,3,4,0,0,0,0,0,0,0,0,0,0,0,0.0,0.0
gvsigassociation==gvnix,5,0,5,13,0,0,0,0,0,0,0,0,0,0,0,0.0,0.0
gwizard==gwizard,11,0,11,26,0,1,0,0,0,0,0,0,1,0,0,0.0,0.038461538461538464
gwt-test-utils==gwt-test-utils,10,0,10,32,2,3,0,0,0,0,0,0,3,0,2,0.0625,0.09375
gz-yami==mall4j,11,0,10,25,1,3,0,0,0,0,0,1,2,0,0,0.04,0.12
h-mdm==hmdm-server,29,0,28,85,1,1,0,0,0,0,0,0,0,0,1,0.011764705882352941,0.011764705882352941
h2oai==h2o-2,42,0,37,70,5,13,0,0,0,0,0,4,12,1,0,0.07142857142857142,0.18571428571428572
hadoopgenomics==hadoop-bam,2,0,2,3,0,0,0,0,0,0,0,0,0,0,0,0.0,0.0
hairless==plink,18,0,18,27,0,2,0,0,0,0,0,0,2,0,0,0.0,0.07407407407407407
hakky54==log-captor,17,0,17,30,0,0,0,0,0,0,0,0,0,0,0,0.0,0.0
hakky54==mutual-tls-ssl,3,0,3,4,0,0,0,0,0,0,0,0,0,0,0,0.0,0.0
hakky54==sslcontext-kickstart,3,0,3,5,0,0,0,0,0,0,0,0,0,0,0,0.0,0.0
hal==console,57,0,48,99,2,4,0,0,0,0,0,0,2,0,2,0.020202020202020204,0.04040404040404041
hammock-project==hammock,7,0,7,10,0,0,0,0,0,0,0,0,0,0,0,0.0,0.0
hank==litecoinj,2,0,2,2,0,1,0,0,0,0,0,0,1,0,0,0.0,0.5
hantsy==angularjs-springmvc-sample,5,0,5,29,0,0,0,0,0,0,0,0,0,0,0,0.0,0.0
hap-java==hap-java,16,0,16,61,1,6,0,0,0,0,0,0,5,1,0,0.01639344262295082,0.09836065573770492
hapifhir==hapi-fhir,233,0,232,523,17,25,0,0,0,0,0,8,9,0,9,0.032504780114722756,0.04780114722753346
hapifhir==hapi-fhir-jpaserver-starter,2,0,2,8,0,0,0,0,0,0,0,0,0,0,0,0.0,0.0
harmonycloud==zeus,53,1,52,121,4,7,0,0,0,0,0,3,3,0,1,0.03305785123966942,0.05785123966942149
hartwigmedical==hmftools,356,0,354,1159,36,292,30,0,0,0,0,1,258,5,4,0.031061259706643658,0.25194132873166525
hartwigmedical==pipeline5,22,0,19,39,2,2,0,0,0,0,0,0,0,0,2,0.05128205128205128,0.05128205128205128
harvard-lts==fits,10,0,10,38,0,0,0,0,0,0,0,0,0,0,0,0.0,0.0
harwey==cups4j,6,0,6,12,0,0,0,0,0,0,0,0,0,0,0,0.0,0.0
hashsploit==clank,25,0,25,68,2,14,0,0,0,0,1,1,13,0,0,0.029411764705882353,0.20588235294117646
hawkular==hawkular-alerts,11,0,11,37,3,3,0,0,0,0,0,0,0,0,3,0.08108108108108109,0.08108108108108109
hawkular==hawkular-apm,35,0,35,78,1,2,0,0,0,0,0,0,1,0,1,0.01282051282051282,0.02564102564102564
hawkular==hawkular-metrics,13,0,12,28,1,1,0,0,0,0,0,0,0,0,1,0.03571428571428571,0.03571428571428571
hawtio==hawtio,42,0,42,134,8,10,0,0,0,0,0,0,2,0,8,0.05970149253731343,0.07462686567164178
hazelcast==hazelcast,100,0,91,173,7,16,0,0,0,0,0,1,14,1,5,0.04046242774566474,0.09248554913294797
hazelcast==hazelcast-aws,1,0,1,4,0,0,0,0,0,0,0,0,0,0,0,0.0,0.0
hazelcast==hazelcast-hibernate,3,0,3,10,0,0,0,0,0,0,0,0,0,0,0,0.0,0.0
hazelcast==hazelcast-jet,13,0,9,23,1,2,0,0,0,0,0,0,1,1,0,0.043478260869565216,0.08695652173913043
hazelcast==hazelcast-kubernetes,1,0,1,7,0,1,0,0,0,0,0,0,1,0,0,0.0,0.14285714285714285
hazelcast==hazelcast-tomcat-sessionmanager,5,0,5,10,0,0,0,0,0,0,0,0,0,0,0,0.0,0.0
hazelcast==hazelcast-zookeeper,1,0,1,1,0,0,0,0,0,0,0,0,0,0,0,0.0,0.0
hcoles==pitest,13,0,12,29,0,2,0,0,0,0,0,0,2,0,0,0.0,0.06896551724137931
hdiv==hdiv,22,0,22,35,0,1,0,0,0,0,0,0,1,0,0,0.0,0.02857142857142857
headsupdev==agile,22,0,21,34,0,0,0,0,0,0,0,0,0,0,0,0.0,0.0
hector-client==hector,19,0,19,84,0,5,0,0,0,0,0,0,5,0,0,0.0,0.05952380952380952
helidon-io==helidon-build-tools,38,0,38,120,1,5,0,0,0,0,0,1,4,0,0,0.008333333333333333,0.041666666666666664
hello==suripu,100,0,92,313,4,9,0,0,0,0,0,0,5,3,1,0.012779552715654952,0.02875399361022364
helun==ektorp,13,0,13,45,0,0,0,0,0,0,0,0,0,0,0,0.0,0.0
heremaps==xyz-hub,39,0,37,129,5,5,0,0,0,0,0,4,0,1,0,0.03875968992248062,0.03875968992248062
hernanponcedeleon==dat3m,19,0,19,47,1,2,0,0,0,0,0,0,1,1,0,0.02127659574468085,0.0425531914893617
herobrine99dan==ness-reloaded,8,0,8,16,0,0,0,0,0,0,0,0,0,0,0,0.0,0.0
hhru==nuts-and-bolts,32,0,32,64,5,5,0,0,0,0,0,0,1,0,5,0.078125,0.078125
hhs==meshrdf,6,0,5,9,0,0,0,0,0,0,0,0,0,0,0,0.0,0.0
hibernate==hibernate-ogm,4,0,4,11,0,0,0,0,0,0,0,0,0,0,0,0.0,0.0
hibernate==hibernate-search,6,0,6,10,0,0,0,0,0,0,0,0,0,0,0,0.0,0.0
hibernate==hibernate-validator,4,0,4,6,0,0,0,0,0,0,0,0,0,0,0,0.0,0.0
highmed==highmed-dsf,115,0,115,327,17,50,0,1,0,3,0,6,34,0,8,0.05198776758409786,0.1529051987767584
highsource==jaxb2-basics,3,0,2,10,0,0,0,0,0,0,0,0,0,0,0,0.0,0.0
highsource==maven-jaxb2-plugin,9,0,9,44,3,3,0,0,0,0,0,0,0,0,3,0.06818181818181818,0.06818181818181818
hive2hive==hive2hive,86,0,86,283,1,21,0,0,0,0,0,0,21,1,0,0.0035335689045936395,0.07420494699646643
hkamel==sonar-auth-aad,1,0,1,1,0,0,0,0,0,0,0,0,0,0,0,0.0,0.0
hlavki==g-suite-identity-sync,17,0,17,52,4,4,0,0,0,0,0,0,0,0,4,0.07692307692307693,0.07692307692307693
hltfbk==excitement-open-platform,109,0,99,361,3,25,0,0,0,0,0,0,23,3,0,0.008310249307479225,0.06925207756232687
hmsonline==storm-cassandra,16,0,15,37,5,5,0,0,0,0,0,0,0,0,5,0.13513513513513514,0.13513513513513514
hmsonline==storm-cassandra-cql,12,0,12,25,0,2,0,0,0,0,0,0,2,0,0,0.0,0.08
hneemann==digital,18,0,18,32,0,0,0,0,0,0,0,0,0,0,0,0.0,0.0
holodeck-b2b==holodeck-b2b,30,0,30,110,0,4,0,0,0,0,0,0,4,0,0,0.0,0.03636363636363636
homeadvisor==kafdrop,4,0,4,7,0,0,0,0,0,0,0,0,0,0,0,0.0,0.0
hongzhaohua==jstarcraft-core,58,0,57,165,1,1,0,0,0,0,0,0,0,1,0,0.006060606060606061,0.006060606060606061
hortonworks==hoya,17,0,17,40,0,3,0,0,0,0,0,0,3,0,0,0.0,0.075
hortonworks==streamline,101,0,101,247,4,6,0,0,0,0,0,0,2,1,4,0.016194331983805668,0.024291497975708502
hotelsdotcom==beeju,1,0,1,1,0,0,0,0,0,0,0,0,0,0,0,0.0,0.0
hotelsdotcom==bull,1,0,1,2,0,0,0,0,0,0,0,0,0,0,0,0.0,0.0
hotelsdotcom==circus-train,63,0,63,142,1,2,0,0,0,0,0,0,1,0,1,0.007042253521126761,0.014084507042253521
hotelsdotcom==styx,42,0,41,77,1,1,0,0,0,0,0,0,0,0,1,0.012987012987012988,0.012987012987012988
hotelsdotcom==waggle-dance,15,0,15,40,2,3,0,0,0,0,1,1,2,0,0,0.05,0.075
hotswapprojects==hotswapagent,100,0,100,347,5,5,0,0,0,0,0,1,1,0,4,0.01440922190201729,0.01440922190201729
houko==springbootunity,9,0,8,12,4,5,0,0,0,1,0,2,2,2,0,0.3333333333333333,0.4166666666666667
housepower==clickhouse-native-jdbc,5,0,5,47,0,0,0,0,0,0,0,0,0,0,0,0.0,0.0
hs-web==hsweb-easy-orm,10,0,10,22,5,5,0,0,0,0,0,0,0,0,5,0.22727272727272727,0.22727272727272727
htmlunit==htmlunit,14,0,14,28,1,2,0,0,0,0,0,0,1,0,1,0.03571428571428571,0.07142857142857142
huaweicloud==huaweicloud-sdk-java-obs,15,0,14,53,1,18,0,0,0,0,0,0,17,1,0,0.018867924528301886,0.33962264150943394
huaweicloud==sermant,88,0,88,177,11,16,0,0,0,0,0,8,5,0,3,0.062146892655367235,0.0903954802259887
huaweicse==servicecomb-company-workshop,9,0,9,22,0,0,0,0,0,0,0,0,0,0,0,0.0,0.0
hubspot==baragon,32,0,32,83,3,3,0,0,0,0,0,0,0,2,1,0.03614457831325301,0.03614457831325301
hubspot==blazar-archive,39,0,39,134,3,13,0,0,0,0,0,0,10,2,1,0.022388059701492536,0.09701492537313433
hubspot==dropwizard-guice,3,0,3,13,0,0,0,0,0,0,0,0,0,0,0,0.0,0.0
hubspot==dropwizard-guicier,2,0,2,8,0,0,0,0,0,0,0,0,0,0,0,0.0,0.0
hubspot==horizon,2,0,2,3,0,0,0,0,0,0,0,0,0,0,0,0.0,0.0
hubspot==jinjava,7,0,6,7,1,1,0,0,0,0,0,1,0,0,0,0.14285714285714285,0.14285714285714285
hubspot==nioimapclient,4,0,4,4,0,0,0,0,0,0,0,0,0,0,0,0.0,0.0
hubspot==niosmtpclient,3,0,2,8,0,2,0,0,0,0,0,0,2,0,0,0.0,0.25
hubspot==singularity,103,0,103,392,10,10,0,0,0,0,0,2,1,2,6,0.025510204081632654,0.025510204081632654
hubspot==slack-client,8,0,8,17,1,1,0,0,0,0,0,0,0,0,1,0.058823529411764705,0.058823529411764705
hudec==sql-processor,28,3,25,117,0,5,0,0,0,0,0,0,5,0,0,0.0,0.042735042735042736
hudson==hudson-2.x,65,0,59,125,6,7,0,0,0,0,0,0,1,1,5,0.048,0.056
hugegraph==hugegraph,85,0,85,186,5,5,0,0,0,0,0,0,0,1,4,0.026881720430107527,0.026881720430107527
hurence==logisland,75,0,73,144,2,17,0,0,0,0,0,0,15,1,1,0.013888888888888888,0.11805555555555555
husacct==husacct,86,0,84,212,10,48,0,0,0,0,0,0,38,0,10,0.04716981132075472,0.22641509433962265
hutai123==dubbox,102,0,100,310,119,127,0,0,0,0,0,2,11,0,117,0.38387096774193546,0.4096774193548387
hyperchain==javasdk,7,0,7,14,0,0,0,0,0,0,0,0,0,0,0,0.0,0.0
hyperfoil==hyperfoil,68,0,65,180,7,20,1,0,0,0,2,0,13,2,3,0.03888888888888889,0.1111111111111111
hyperic==hq,396,0,335,942,110,127,0,0,0,0,0,0,18,8,102,0.11677282377919321,0.13481953290870488
hyperic==hqapi,2,0,0,0,0,0,0,0,0,0,0,0,0,0,0,0.0,0.0
hyperledger==fabric-sdk-java,10,0,10,33,5,14,0,0,0,2,0,1,10,0,2,0.15151515151515152,0.42424242424242425
hyperledger==quilt,15,0,15,33,3,3,0,0,0,0,0,0,0,0,3,0.09090909090909091,0.09090909090909091
hypfvieh==dbus-java,32,0,32,82,6,6,0,0,0,4,0,2,1,0,0,0.07317073170731707,0.07317073170731707
hyscale==hyscale,138,0,138,319,2,15,0,0,0,0,0,0,13,1,1,0.006269592476489028,0.047021943573667714
ibi-group==datatools-server,35,0,34,75,1,2,0,0,0,0,0,0,1,1,0,0.013333333333333334,0.02666666666666667
ibissource==iaf,284,0,281,727,15,44,0,1,0,4,0,0,29,7,3,0.02063273727647868,0.06052269601100413
ibm-messaging==kafka-connect-mq-source,3,0,3,9,0,0,0,0,0,0,0,0,0,0,0,0.0,0.0
ibm-watson-iot==iot-java,5,0,5,12,0,3,0,0,0,0,0,0,3,0,0,0.0,0.25
ibm==etcd-java,3,0,3,5,1,1,0,0,0,0,0,0,0,0,1,0.2,0.2
ibm==gdpr-fingerprint-pii,1,0,1,11,0,4,0,0,0,0,0,0,4,0,0,0.0,0.36363636363636365
ibmstocktrader==trader,7,0,7,19,0,3,0,0,0,0,0,0,3,0,0,0.0,0.15789473684210525
icfnext==cq-component-maven-plugin,10,0,5,28,1,1,0,0,0,0,0,0,0,0,1,0.03571428571428571,0.03571428571428571
icij==datashare,40,0,40,116,4,7,0,0,0,0,0,2,4,1,1,0.034482758620689655,0.0603448275862069
icij==extract,15,0,15,31,1,1,0,0,1,0,0,0,0,0,0,0.03225806451612903,0.03225806451612903
icyphy==ptii,8,0,0,0,0,0,0,0,0,0,0,0,0,0,0,0.0,0.0
ifsttar==noisemodelling,2,0,1,1,0,0,0,0,0,0,0,0,0,0,0,0.0,0.0
ignf==geoxygene,111,0,98,257,7,20,0,0,0,0,0,1,14,6,0,0.027237354085603113,0.07782101167315175
igniterealtime==openfire,66,0,66,157,13,23,0,0,0,0,0,0,10,0,13,0.08280254777070063,0.1464968152866242
igniterealtime==tinder,1,0,1,5,0,0,0,0,0,0,0,0,0,0,0,0.0,0.0
ihtsdo==snomed-owl-toolkit,8,0,8,32,3,3,0,0,0,0,0,0,0,3,0,0.09375,0.09375
ihtsdo==snowstorm,34,0,34,113,8,8,0,0,0,0,0,0,0,0,8,0.07079646017699115,0.07079646017699115
ilpersi==bhbot,6,0,6,20,1,1,0,0,0,0,0,0,0,1,0,0.05,0.05
iluwatar==java-design-patterns,205,0,205,420,8,21,2,0,0,0,0,0,13,0,6,0.01904761904761905,0.05
imagej==imagej-server,3,0,3,4,0,0,0,0,0,0,0,0,0,0,0,0.0,0.0
immutables==immutables,3,0,2,2,0,0,0,0,0,0,0,0,0,0,0,0.0,0.0
impetus==jumbune,79,0,79,264,16,17,0,0,0,0,2,3,2,1,10,0.06060606060606061,0.06439393939393939
in-the-keyhole==khs-sherpa,3,0,3,4,0,0,0,0,0,0,0,0,0,0,0,0.0,0.0
incf==eeg-database,99,0,91,346,41,42,0,0,0,0,0,0,1,3,38,0.11849710982658959,0.12138728323699421
inchaincodes==inchain,46,0,45,98,15,20,1,0,0,0,0,0,5,3,11,0.15306122448979592,0.20408163265306123
indeedeng==proctor,38,0,36,68,2,2,0,0,0,0,0,0,0,2,0,0.029411764705882353,0.029411764705882353
infinispan==infinispan,81,0,77,145,0,4,0,0,0,0,0,0,4,0,0,0.0,0.027586206896551724
infiniteautomation==ma-core-public,72,0,71,166,26,30,1,0,0,1,0,0,4,9,15,0.1566265060240964,0.18072289156626506
infiniteautomation==ma-modules-public,14,0,14,37,6,6,0,0,0,0,0,0,0,0,6,0.16216216216216217,0.16216216216216217
inform-software==sonar-groovy,9,0,9,21,1,2,0,0,0,0,0,0,1,0,1,0.047619047619047616,0.09523809523809523
informatici==openhospital-core,16,0,16,58,15,15,0,0,0,0,0,0,0,0,15,0.25862068965517243,0.25862068965517243
informatici==openhospital-gui,37,0,34,53,16,16,0,0,0,0,0,0,0,0,16,0.3018867924528302,0.3018867924528302
ingenieux==beanstalker,23,0,22,64,0,0,0,0,0,0,0,0,0,0,0,0.0,0.0
inl==blacklab,29,0,27,50,0,1,0,0,0,0,0,0,1,0,0,0.0,0.02
inria==spoon,14,0,13,16,10,11,0,0,0,0,0,0,1,0,10,0.625,0.6875
insideapp-oss==sonar-flutter,14,0,14,37,2,2,0,0,0,0,0,1,0,0,1,0.05405405405405406,0.05405405405405406
inspire-software==yes-cart,132,0,132,275,30,30,0,0,0,0,0,0,0,0,30,0.10909090909090909,0.10909090909090909
instaclustr==esop,26,0,26,80,13,17,0,0,1,0,0,7,6,0,5,0.1625,0.2125
intel-bigdata==hibench,5,0,4,13,1,1,0,0,0,0,0,0,0,1,0,0.07692307692307693,0.07692307692307693
intel-bigdata==ssm,92,0,92,224,14,26,0,0,0,0,0,0,13,4,10,0.0625,0.11607142857142858
interestinglab==seatunnel,128,0,127,302,11,13,0,0,0,0,0,4,2,2,5,0.03642384105960265,0.04304635761589404
internetarchive==ia-hadoop-tools,9,0,8,13,2,3,0,0,0,0,0,0,1,2,0,0.15384615384615385,0.23076923076923078
internetitem==logback-elasticsearch-appender,2,0,2,4,0,0,0,0,0,0,0,0,0,0,0,0.0,0.0
intive-fdv==dynamicjasper,20,0,20,40,2,3,0,0,0,0,0,0,1,0,2,0.05,0.075
intoolswetrust==jd-cli,10,0,10,55,0,0,0,0,0,0,0,0,0,0,0,0.0,0.0
intuit==fuzzy-matcher,1,0,1,2,0,0,0,0,0,0,0,0,0,0,0,0.0,0.0
intuit==maven-build-scanner,1,0,1,5,0,0,0,0,0,0,0,0,0,0,0,0.0,0.0
intuit==quickbooks-v3-java-sdk,23,0,23,85,2,3,0,0,0,0,0,0,1,0,2,0.023529411764705882,0.03529411764705882
intuit==tank,117,0,113,297,69,82,0,0,0,0,0,1,23,0,68,0.23232323232323232,0.2760942760942761
iotaledger==iota-java,7,0,7,14,1,1,0,0,0,0,0,0,0,0,1,0.07142857142857142,0.07142857142857142
ippontech==tatami,58,0,57,203,3,5,0,0,0,0,0,0,2,3,0,0.014778325123152709,0.024630541871921183
iqss==dataverse,70,0,66,160,4,12,0,0,0,1,0,0,8,0,3,0.025,0.075
isa-group==restest,20,0,20,92,7,7,0,0,0,0,0,0,0,0,7,0.07608695652173914,0.07608695652173914
isa-tools==isacreator,10,0,10,14,0,0,0,0,0,0,0,0,0,0,0,0.0,0.0
isopropylcyanide==jwt-spring-security-jpa,15,0,15,25,0,0,0,0,0,0,0,0,0,0,0,0.0,0.0
isparkes==openrate,7,0,7,7,1,1,0,0,0,0,0,0,0,0,1,0.14285714285714285,0.14285714285714285
isuwang==isuwang-soa,49,0,49,140,51,54,0,3,0,0,0,0,3,6,43,0.36428571428571427,0.38571428571428573
ita-social-projects==home,7,0,7,14,0,1,0,0,0,0,0,0,1,0,0,0.0,0.07142857142857142
italia==spid-keycloak-provider,1,0,1,1,0,0,0,0,0,0,0,0,0,0,0,0.0,0.0
iterate-ch==cyberduck,517,0,512,1094,18,25,1,0,0,0,1,1,8,0,15,0.016453382084095063,0.022851919561243144
itext==itext7,48,0,48,67,1,1,0,0,0,0,0,0,0,0,1,0.014925373134328358,0.014925373134328358
itfsw==mybatis-generator-plugin,7,0,7,11,0,0,0,0,0,0,0,0,0,0,0,0.0,0.0
itplr-kosit==validator,26,0,26,57,7,7,0,0,0,0,0,0,0,2,5,0.12280701754385964,0.12280701754385964
ivan-vasilev==neuralnetworks,10,0,9,22,0,0,0,0,0,0,0,0,0,0,0,0.0,0.0
izettle==dropwizard-metrics-influxdb,1,0,1,1,0,0,0,0,0,0,0,0,0,0,0,0.0,0.0
j-easy==easy-batch,15,0,15,40,0,0,0,0,0,0,0,0,0,0,0,0.0,0.0
j-easy==easy-rules,5,0,5,7,0,0,0,0,0,0,0,0,0,0,0,0.0,0.0
j256==ormlite-android,2,0,2,4,0,0,0,0,0,0,0,0,0,0,0,0.0,0.0
j256==ormlite-core,17,0,16,79,0,0,0,0,0,0,0,0,0,0,0,0.0,0.0
j256==simplemagic,7,0,6,52,0,0,0,0,0,0,0,0,0,0,0,0.0,0.0
jacorb==jacorb,94,0,94,225,0,1,0,0,0,0,0,0,1,0,0,0.0,0.0044444444444444444
jadler-mocking==jadler,1,0,1,4,0,0,0,0,0,0,0,0,0,0,0,0.0,0.0
jaeksoft==opensearchserver,1,0,1,2,0,0,0,0,0,0,0,0,0,0,0,0.0,0.0
jamesagnew==hapi-fhir,233,0,232,523,17,25,0,0,0,0,0,8,9,0,9,0.032504780114722756,0.04780114722753346
jameshball==osci-render,9,0,8,11,9,9,0,0,0,0,0,0,0,0,9,0.8181818181818182,0.8181818181818182
janusgraph==janusgraph,56,0,54,117,5,12,0,0,0,0,0,1,8,1,3,0.042735042735042736,0.10256410256410256
jaspersoft==jrs-rest-java-client,1,0,0,0,0,0,0,0,0,0,0,0,0,0,0,0.0,0.0
java-deobfuscator==deobfuscator,12,0,12,43,0,0,0,0,0,0,0,0,0,0,0,0.0,0.0
java-operator-sdk==java-operator-sdk,42,0,42,91,0,0,0,0,0,0,0,0,0,0,0,0.0,0.0
java110==microcommunity,629,0,619,2596,106,138,0,0,0,0,0,95,33,5,6,0.040832049306625574,0.053158705701078585
javabeanz==owasp-security-logging,4,0,3,4,0,0,0,0,0,0,0,0,0,0,0,0.0,0.0
javadelight==delight-nashorn-sandbox,3,0,3,9,0,1,0,0,0,0,0,0,1,0,0,0.0,0.1111111111111111
javaee==grizzly-ahc,6,0,6,15,6,8,0,0,0,0,0,0,2,0,6,0.4,0.5333333333333333
javaee==hk2,3,0,3,3,0,1,0,0,0,0,0,0,1,0,0,0.0,0.3333333333333333
javafx-maven-plugin==javafx-maven-plugin,3,0,3,18,1,1,0,0,0,0,0,1,0,0,0,0.05555555555555555,0.05555555555555555
javalite==javalite,48,0,48,111,3,7,0,0,0,0,0,1,4,2,1,0.02702702702702703,0.06306306306306306
javamoney==javamoney-examples,12,0,11,19,0,2,0,0,0,0,0,0,2,0,0,0.0,0.10526315789473684
javamoney==javamoney-lib,9,0,5,10,0,0,0,0,0,0,0,0,0,0,0,0.0,0.0
javamoney==jsr354-api,3,0,3,6,0,0,0,0,0,0,0,0,0,0,0,0.0,0.0
javamoney==jsr354-ri,19,0,19,50,0,0,0,0,0,0,0,0,0,0,0,0.0,0.0
javamonkey==beetl2.0,3,0,3,7,0,0,0,0,0,0,0,0,0,0,0,0.0,0.0
javaswift==joss,12,0,12,44,0,0,0,0,0,0,0,0,0,0,0,0.0,0.0
javaweb-sec==javaweb-sec,5,0,5,10,0,0,0,0,0,0,0,0,0,0,0,0.0,0.0
jayway==forest,4,0,4,5,1,1,0,0,0,0,0,0,0,0,1,0.2,0.2
jbehave==jbehave-core,11,0,11,16,0,0,0,0,0,0,0,0,0,0,0,0.0,0.0
jbonofre==beam-samples,13,0,13,14,0,12,0,0,0,0,0,0,12,0,0,0.0,0.8571428571428571
jboss-fuse==fabric8,42,0,42,88,22,23,0,0,0,0,0,2,1,0,20,0.25,0.26136363636363635
jboss-fuse==fuse-karaf,7,0,3,6,1,1,0,0,0,0,0,0,0,0,1,0.16666666666666666,0.16666666666666666
jboss-fuse==redhat-fuse,4,0,4,5,1,1,0,0,0,0,0,0,0,0,1,0.2,0.2
jboss-logging==jboss-logging,5,0,4,18,0,3,0,0,0,0,0,0,3,0,0,0.0,0.16666666666666666
jbossas==console,30,0,20,33,0,3,0,0,0,0,0,0,3,0,0,0.0,0.09090909090909091
jbosstm==narayana,124,0,124,385,6,9,0,3,0,0,0,0,3,0,3,0.015584415584415584,0.023376623376623377
jbosstm==quickstart,9,0,8,32,1,4,0,0,0,0,0,0,3,0,1,0.03125,0.125
jcabi==jcabi-aether,1,0,1,2,0,0,0,0,0,0,0,0,0,0,0,0.0,0.0
jcabi==jcabi-aspects,4,0,4,8,0,0,0,0,0,0,0,0,0,0,0,0.0,0.0
jcabi==jcabi-dynamodb-maven-plugin,2,0,2,2,0,0,0,0,0,0,0,0,0,0,0,0.0,0.0
jcabi==jcabi-email,2,0,2,2,0,0,0,0,0,0,0,0,0,0,0,0.0,0.0
jcabi==jcabi-github,7,0,7,10,1,1,0,0,0,0,0,0,0,0,1,0.1,0.1
jcabi==jcabi-http,4,0,4,6,0,1,0,0,0,0,0,0,1,0,0,0.0,0.16666666666666666
jcabi==jcabi-log,4,0,0,0,0,0,0,0,0,0,0,0,0,0,0,0.0,0.0
jcabi==jcabi-maven-plugin,1,0,1,2,0,0,0,0,0,0,0,0,0,0,0,0.0,0.0
jcabi==jcabi-mysql-maven-plugin,2,0,2,5,0,0,0,0,0,0,0,0,0,0,0,0.0,0.0
jcabi==jcabi-s3,2,0,2,3,2,2,0,0,0,0,0,0,0,2,0,0.6666666666666666,0.6666666666666666
jcabi==jcabi-ssh,4,0,4,9,0,0,0,0,0,0,0,0,0,0,0,0.0,0.0
jcabi==jcabi-xml,1,0,1,3,0,0,0,0,0,0,0,0,0,0,0,0.0,0.0
jcbvm==i18n-editor,2,0,2,2,0,0,0,0,0,0,0,0,0,0,0,0.0,0.0
jcgay==maven-color,3,0,3,3,0,0,0,0,0,0,0,0,0,0,0,0.0,0.0
jchambers==pushy,1,0,1,3,0,0,0,0,0,0,0,0,0,0,0,0.0,0.0
jdbc-observations==datasource-proxy,8,0,8,21,0,0,0,0,0,0,0,0,0,0,0,0.0,0.0
jdemetra==jdemetra-core,24,0,9,25,0,0,0,0,0,0,0,0,0,0,0,0.0,0.0
jdereg==java-util,3,0,3,10,0,0,0,0,0,0,0,0,0,0,0,0.0,0.0
jdmr==mateo,124,0,124,610,12,16,0,0,0,0,0,0,4,1,11,0.019672131147540985,0.02622950819672131
jeecgboot==jeecg-boot,110,0,99,266,64,77,0,0,0,0,0,3,13,2,59,0.24060150375939848,0.2894736842105263
jeff-media-gbr==chestsort,7,0,7,14,0,0,0,0,0,0,0,0,0,0,0,0.0,0.0
jeff-media-gbr==spigot-chestsort,7,0,7,14,0,0,0,0,0,0,0,0,0,0,0,0.0,0.0
jenkins-infra==repository-permissions-updater,1,0,1,8,0,2,0,0,0,0,0,0,2,0,0,0.0,0.25
jenkinsci==acceptance-test-harness,6,0,6,6,0,0,0,0,0,0,0,0,0,0,0,0.0,0.0
jenkinsci==analysis-model,2,0,2,2,0,0,0,0,0,0,0,0,0,0,0,0.0,0.0
jenkinsci==artifactory-plugin,18,0,16,33,2,6,0,0,0,0,0,0,4,0,2,0.06060606060606061,0.18181818181818182
jenkinsci==atlassian-jira-software-cloud-plugin,16,0,16,37,5,6,0,0,0,0,0,4,5,0,1,0.13513513513513514,0.16216216216216217
jenkinsci==azure-ad-plugin,2,0,2,2,0,0,0,0,0,0,0,0,0,0,0,0.0,0.0
jenkinsci==blueocean-plugin,45,0,42,125,13,15,0,0,0,0,0,0,2,0,13,0.104,0.12
jenkinsci==build-failure-analyzer-plugin,6,0,6,13,1,1,0,0,0,0,0,0,1,1,0,0.07692307692307693,0.07692307692307693
jenkinsci==cucumber-reports-plugin,1,0,1,1,0,0,0,0,0,0,0,0,0,0,0,0.0,0.0
jenkinsci==custom-distribution-service,7,0,7,17,0,0,0,0,0,0,0,0,0,0,0,0.0,0.0
jenkinsci==digitalocean-plugin,1,0,1,1,0,0,0,0,0,0,0,0,0,0,0,0.0,0.0
jenkinsci==ec2-plugin,10,0,8,28,0,0,0,0,0,0,0,0,0,0,0,0.0,0.0
jenkinsci==generic-webhook-trigger-plugin,4,0,4,7,1,1,0,0,0,0,0,1,0,0,0,0.14285714285714285,0.14285714285714285
jenkinsci==gerrit-code-review-plugin,4,0,4,8,0,0,0,0,0,0,0,0,0,0,0,0.0,0.0
jenkinsci==gerrit-trigger-plugin,11,0,9,21,0,0,0,0,0,0,0,0,0,0,0,0.0,0.0
jenkinsci==git-changelog-plugin,3,0,3,3,1,1,0,0,0,0,0,0,0,0,1,0.3333333333333333,0.3333333333333333
jenkinsci==git-client-plugin,7,0,7,20,0,2,0,0,0,0,0,0,2,0,0,0.0,0.1
jenkinsci==gitlab-plugin,17,0,17,52,3,5,0,0,0,0,0,0,2,0,3,0.057692307692307696,0.09615384615384616
jenkinsci==hashicorp-vault-plugin,12,0,10,18,1,1,0,0,0,0,0,1,0,0,0,0.05555555555555555,0.05555555555555555
jenkinsci==jenkins-test-harness,4,0,4,10,0,0,0,0,0,0,0,0,0,0,0,0.0,0.0
jenkinsci==jobcacher-plugin,1,0,1,2,0,0,0,0,0,0,0,0,0,0,0,0.0,0.0
jenkinsci==ldap-plugin,4,0,4,6,0,0,0,0,0,0,0,0,0,0,0,0.0,0.0
jenkinsci==maven-hpi-plugin,10,0,9,17,0,0,0,0,0,0,0,0,0,0,0,0.0,0.0
jenkinsci==maven-plugin,4,0,3,16,0,0,0,0,0,0,0,0,0,0,0,0.0,0.0
jenkinsci==metrics-plugin,3,0,3,4,0,0,0,0,0,0,0,0,0,0,0,0.0,0.0
jenkinsci==nexus-artifact-uploader-plugin,1,0,1,17,0,0,0,0,0,0,0,0,0,0,0,0.0,0.0
jenkinsci==opentelemetry-plugin,27,0,26,71,2,2,0,0,0,0,0,2,0,0,0,0.028169014084507043,0.028169014084507043
jenkinsci==perforce-plugin,8,0,6,9,0,0,0,0,0,0,0,0,0,0,0,0.0,0.0
jenkinsci==pipeline-as-yaml-plugin,2,0,2,3,0,0,0,0,0,0,0,0,0,0,0,0.0,0.0
jenkinsci==pipeline-maven-plugin,20,0,19,54,2,3,0,0,0,0,0,0,1,0,2,0.037037037037037035,0.05555555555555555
jenkinsci==plugin-compat-tester,3,0,3,7,2,2,0,0,0,0,0,2,0,0,0,0.2857142857142857,0.2857142857142857
jenkinsci==sauce-ondemand-plugin,4,0,4,7,0,0,0,0,0,0,0,0,0,0,0,0.0,0.0
jenkinsci==sonar-gerrit-plugin,4,0,4,7,0,0,0,0,0,0,0,0,0,0,0,0.0,0.0
jenkinsci==ssh-slaves-plugin,3,0,2,5,0,0,0,0,0,0,0,0,0,0,0,0.0,0.0
jenkinsci==tekton-client-plugin,7,0,5,24,0,4,0,0,0,0,0,0,4,0,0,0.0,0.16666666666666666
jenkinsci==trilead-ssh2,4,0,4,8,0,0,0,0,0,0,0,0,0,0,0,0.0,0.0
jenkinsci==winstone,13,0,11,20,3,3,0,0,0,0,0,0,0,0,3,0.15,0.15
jeremiehuchet==nominatim-java-api,1,0,1,1,1,1,0,0,0,0,0,1,1,0,0,1.0,1.0
jeremylong==dependencycheck,25,0,25,63,0,3,0,0,0,0,0,0,3,0,0,0.0,0.047619047619047616
jesperfj==force-rest-api,1,0,1,1,0,0,0,0,0,0,0,0,0,0,0,0.0,0.0
jetbrains==teamcity-deployer-plugin,7,0,7,19,0,1,0,0,0,0,0,0,1,0,0,0.0,0.05263157894736842
jetlinks==jetlinks-community,71,0,67,163,21,23,0,0,0,1,0,0,2,0,20,0.12883435582822086,0.1411042944785276
jfinal==jfinal,13,0,9,54,1,1,0,0,0,0,0,0,0,0,1,0.018518518518518517,0.018518518518518517
jfrog==bamboo-artifactory-plugin,30,0,30,70,1,2,0,0,0,0,0,0,1,0,1,0.014285714285714285,0.02857142857142857
jhannes==logevents,10,0,10,46,1,1,0,0,0,0,0,0,0,1,0,0.021739130434782608,0.021739130434782608
jhonnymertz==java-wkhtmltopdf-wrapper,1,0,1,3,0,0,0,0,0,0,0,0,0,0,0,0.0,0.0
jiaqi==jmxterm,3,0,3,8,0,0,0,0,0,0,0,0,0,0,0,0.0,0.0
jigsaw-projects==jigsaw-payment,11,0,11,43,1,1,0,0,0,0,0,0,0,1,0,0.023255813953488372,0.023255813953488372
jingwei==krati,23,0,17,71,3,7,0,0,0,0,0,0,4,3,0,0.04225352112676056,0.09859154929577464
jitlogic==zorka,47,0,46,146,6,7,2,0,0,0,0,0,1,3,3,0.0410958904109589,0.04794520547945205
jitsi==jigasi,10,0,10,22,0,1,0,0,0,0,0,0,1,0,0,0.0,0.045454545454545456
jitsi==jitsi,118,0,118,232,3,6,0,0,0,0,0,2,3,0,1,0.01293103448275862,0.02586206896551724
jitsi==jitsi-meet-torture,1,0,1,2,0,0,0,0,0,0,0,0,0,0,0,0.0,0.0
jknack==handlebars.java,4,0,4,15,0,5,0,0,0,0,0,0,5,0,0,0.0,0.3333333333333333
jline==jline3,6,0,6,18,0,2,0,0,0,0,0,0,2,0,0,0.0,0.1111111111111111
jlinn==quartz-redis-jobstore,1,0,1,1,0,0,0,0,0,0,0,0,0,0,0,0.0,0.0
jmangos==jmangos,63,0,63,132,14,21,6,0,0,8,0,0,8,0,0,0.10606060606060606,0.1590909090909091
jmeter-maven-plugin==jmeter-maven-plugin,7,0,7,59,0,1,0,0,0,0,0,0,1,0,0,0.0,0.01694915254237288
jmkgreen==morphia,6,0,6,24,0,0,0,0,0,0,0,0,0,0,0,0.0,0.0
jmri==jmri,1023,0,1002,2658,48,159,0,0,0,12,0,4,118,11,31,0.01805869074492099,0.05981941309255079
jmrozanec==cron-utils,4,0,4,8,0,0,0,0,0,0,0,0,0,0,0,0.0,0.0
jmxtrans==embedded-jmxtrans,7,0,7,15,0,0,0,0,0,0,0,0,0,0,0,0.0,0.0
jmxtrans==jmxtrans,35,0,35,70,1,5,0,0,0,0,0,0,4,0,1,0.014285714285714285,0.07142857142857142
jnidzwetzki==bitfinex-v2-wss-api-java,13,0,13,32,1,8,0,0,0,0,0,0,7,1,1,0.03125,0.25
joelittlejohn==jsonschema2pojo,5,0,4,11,0,0,0,0,0,0,0,0,0,0,0,0.0,0.0
joestelmach==natty,1,0,1,3,0,0,0,0,0,0,0,0,0,0,0,0.0,0.0
johanhaleby==occurrent,4,0,4,6,0,1,0,0,0,0,0,0,1,0,0,0.0,0.16666666666666666
jonathanlermitage==tikione-steam-cleaner,11,0,10,29,0,1,0,0,0,0,0,0,1,0,0,0.0,0.034482758620689655
jooby-project==jooby,29,0,28,80,0,1,0,0,0,0,0,0,1,0,0,0.0,0.0125
jooq==jooq,20,0,19,50,2,2,0,0,0,0,0,0,0,0,2,0.04,0.04
joshsh==sesametools,6,0,6,6,0,0,0,0,0,0,0,0,0,0,0,0.0,0.0
jottley==spring-social-salesforce,2,0,2,2,0,0,0,0,0,0,0,0,0,0,0,0.0,0.0
joychou93==java-sec-code,26,0,26,57,1,15,0,0,0,0,0,0,14,0,1,0.017543859649122806,0.2631578947368421
joyrpc==joyrpc,49,0,48,76,23,30,0,0,0,0,0,0,15,0,23,0.3026315789473684,0.39473684210526316
jplag==jplag,17,0,17,31,4,4,0,0,1,0,0,0,0,0,3,0.12903225806451613,0.12903225806451613
jpmorganchase==sandboni-core,21,0,21,53,0,1,0,0,0,0,0,0,1,0,0,0.0,0.018867924528301886
jpush==jpush-api-java-client,2,0,2,5,0,0,0,0,0,0,0,0,0,0,0,0.0,0.0
jqassistant==jqa-spring-plugin,1,0,1,2,0,0,0,0,0,0,0,0,0,0,0,0.0,0.0
jraknet==jraknet,5,0,5,12,0,1,0,0,0,0,0,0,1,0,0,0.0,0.08333333333333333
jreddit==jreddit,9,0,9,14,0,0,0,0,0,0,0,0,0,0,0,0.0,0.0
jscep==jscep,9,0,9,44,0,0,0,0,0,0,0,0,0,0,0,0.0,0.0
jsfunit==jsfunit,3,0,3,3,0,0,0,0,0,0,0,0,0,0,0,0.0,0.0
jsonld-java==jsonld-java,1,0,1,1,0,0,0,0,0,0,0,0,0,0,0,0.0,0.0
jsonschema-javaui==sf-java-ui,5,0,5,7,0,0,0,0,0,0,0,0,0,0,0,0.0,0.0
jtalks-org==jcommune,19,0,19,39,0,0,0,0,0,0,0,0,0,0,0,0.0,0.0
jtendermint==jabci,2,0,2,12,0,0,0,0,0,0,0,0,0,0,0,0.0,0.0
julianthome==inmemantlr,8,0,8,20,1,1,0,0,0,0,0,0,0,0,1,0.05,0.05
julongchain==julongchain,153,0,151,581,122,134,0,0,0,5,0,5,13,1,111,0.2099827882960413,0.2306368330464716
jutzig==jabylon,45,0,44,118,5,6,0,0,0,0,0,0,1,2,3,0.0423728813559322,0.05084745762711865
juzu==juzu,15,0,8,34,0,0,0,0,0,0,0,0,0,0,0,0.0,0.0
jvelo==mayocat-shop,37,0,37,66,1,3,0,0,0,0,0,0,2,1,0,0.015151515151515152,0.045454545454545456
jxlsteam==jxls,7,0,7,16,0,0,0,0,0,0,0,0,0,0,0,0.0,0.0
jzy3d==jzy3d-api,34,0,28,58,2,2,0,0,0,0,0,0,0,2,0,0.034482758620689655,0.034482758620689655
k8ssandra==management-api-for-apache-cassandra,23,0,23,43,0,0,0,0,0,0,0,0,0,0,0,0.0,0.0
kaazing==gateway,76,0,73,188,9,10,2,0,0,0,0,4,6,2,3,0.047872340425531915,0.05319148936170213
kaazing==java.client,6,0,5,9,6,6,0,0,0,2,0,0,0,0,4,0.6666666666666666,0.6666666666666666
kafka-ops==julie,50,0,48,92,3,3,0,0,0,0,0,3,0,0,0,0.03260869565217391,0.03260869565217391
kairosdb==kairosdb,30,0,30,86,1,4,0,0,0,0,0,0,3,0,1,0.011627906976744186,0.046511627906976744
kaitoy==pcap4j,4,0,4,11,1,2,0,0,0,1,0,0,1,0,0,0.09090909090909091,0.18181818181818182
kaktushose==jda-commands,17,0,16,65,2,2,0,0,0,0,0,0,0,0,2,0.03076923076923077,0.03076923076923077
kanban==kanban-app,7,0,7,12,0,0,0,0,0,0,0,0,0,0,0,0.0,0.0
kangarko==foundation,1,0,0,0,0,0,0,0,0,0,0,0,0,0,0,0.0,0.0
katharsis-project==katharsis-framework,13,0,13,19,0,1,0,0,0,0,0,0,1,0,0,0.0,0.05263157894736842
kbss-cvut==jopa,19,0,19,34,4,4,0,0,0,0,0,0,0,0,4,0.11764705882352941,0.11764705882352941
keeps==dbptk-developer,35,0,35,80,3,4,0,0,0,0,0,0,1,1,2,0.0375,0.05
keeps==dbptk-ui,42,0,36,90,5,6,0,0,0,0,0,0,1,0,5,0.05555555555555555,0.06666666666666667
keeps==roda,92,0,90,227,10,13,0,0,0,0,0,2,5,1,7,0.04405286343612335,0.05726872246696035
keikai==dev-ref,1,0,1,1,0,0,0,0,0,0,0,0,0,0,0,0.0,0.0
kejonamc==geyserupdater,12,0,12,59,0,0,0,0,0,0,0,0,0,0,0,0.0,0.0
kendzi==kendzi3d,33,1,32,67,0,0,0,0,0,0,0,0,0,0,0,0.0,0.0
kengotoda==findbugs-slf4j,37,0,37,110,3,4,0,0,0,0,0,0,1,0,3,0.02727272727272727,0.03636363636363636
kennycason==kumo,3,0,2,5,0,0,0,0,0,0,0,0,0,0,0,0.0,0.0
ketola==jlibra,1,0,1,2,0,0,0,0,0,0,0,0,0,0,0,0.0,0.0
keycloak==keycloak,248,0,225,508,19,26,0,0,0,4,0,1,7,2,12,0.03740157480314961,0.051181102362204724
kiegroup==appformer,124,0,120,286,23,30,0,0,0,0,0,0,9,1,22,0.08041958041958042,0.1048951048951049
kiegroup==drools-chance,7,0,5,13,0,1,0,0,0,0,0,0,1,0,0,0.0,0.07692307692307693
kiegroup==drools-wb,15,0,14,24,0,3,0,0,0,0,0,0,3,0,0,0.0,0.125
kikkia==vinny,23,0,23,65,2,5,0,0,0,0,0,0,3,2,0,0.03076923076923077,0.07692307692307693
killbill==killbill,94,0,92,192,0,6,0,0,0,0,0,0,6,0,0,0.0,0.03125
killbilling==recurly-java-library,2,0,2,4,0,0,0,0,0,0,0,0,0,0,0,0.0,0.0
killme2008==metamorphosis,4,0,4,7,0,0,0,0,0,0,0,0,0,0,0,0.0,0.0
killme2008==xmemcached,15,0,15,35,6,7,0,0,0,0,5,0,1,0,1,0.17142857142857143,0.2
kingston-csj==jforgame,68,0,67,119,2,2,0,0,0,0,0,2,0,0,0,0.01680672268907563,0.01680672268907563
kite-sdk==kite,64,0,49,85,3,5,0,0,0,0,0,0,2,0,3,0.03529411764705882,0.058823529411764705
kitodo==kitodo-production,40,0,40,89,24,29,0,0,0,0,0,1,5,2,21,0.2696629213483146,0.3258426966292135
klieber==phantomjs-maven-plugin,10,0,10,13,0,0,0,0,0,0,0,0,0,0,0,0.0,0.0
kloiasoft==eventapis,23,0,23,65,19,32,0,0,0,0,0,0,15,0,19,0.2923076923076923,0.49230769230769234
knightliao==disconf,77,0,77,286,17,97,0,0,0,0,0,0,95,1,16,0.05944055944055944,0.33916083916083917
knime==knime-core,3,0,3,3,0,0,0,0,0,0,0,0,0,0,0,0.0,0.0
knowm==sundial,19,0,18,44,3,3,0,0,0,0,0,0,0,0,3,0.06818181818181818,0.06818181818181818
knowm==xchange,66,0,66,170,7,20,0,0,0,0,0,0,13,1,6,0.041176470588235294,0.11764705882352941
knowm==yank,2,0,2,4,0,0,0,0,0,0,0,0,0,0,0,0.0,0.0
knowsys==rulewerk,1,0,1,2,0,0,0,0,0,0,0,0,0,0,0,0.0,0.0
kodokojo==kodokojo,23,0,22,53,6,10,0,0,0,0,0,6,6,0,0,0.11320754716981132,0.18867924528301888
kokorin==jaffree,13,0,13,37,0,0,0,0,0,0,0,0,0,0,0,0.0,0.0
kokuwaio==micronaut-openapi-codegen,1,0,1,1,0,0,0,0,0,0,0,0,0,0,0,0.0,0.0
komma==komma,19,0,8,12,0,0,0,0,0,0,0,0,0,0,0,0.0,0.0
komoot==photon,7,0,7,20,3,3,1,0,0,0,0,2,0,0,0,0.15,0.15
kompics==kompics,13,0,12,40,3,3,0,0,0,1,0,0,0,0,2,0.075,0.075
konduitai==konduit-serving,19,0,19,50,2,2,0,0,0,0,0,2,0,0,0,0.04,0.04
kongchen==swagger-maven-plugin,2,0,2,7,0,0,0,0,0,0,0,0,0,0,0,0.0,0.0
koraktor==mavanagaiata,1,0,1,2,0,0,0,0,0,0,0,0,0,0,0,0.0,0.0
koraktor==steam-condenser-java,4,0,4,6,0,0,0,0,0,0,0,0,0,0,0,0.0,0.0
kordamp==pomchecker,6,0,4,14,0,3,0,0,0,0,0,0,3,0,0,0.0,0.21428571428571427
krasserm==ipf,70,0,70,126,4,6,0,0,0,0,0,0,2,0,4,0.031746031746031744,0.047619047619047616
kristofa==mock-http-server,2,0,2,2,0,0,0,0,0,0,0,0,0,0,0,0.0,0.0
kruize==autotune,60,0,60,150,0,14,0,0,0,0,0,0,14,0,0,0.0,0.09333333333333334
kruize==kruize,8,0,8,21,0,2,0,0,0,0,0,0,2,0,0,0.0,0.09523809523809523
kscsdk==ksc-sdk-java,32,0,30,84,0,12,0,0,0,0,0,0,12,0,0,0.0,0.14285714285714285
kstateome==canvas-api,42,0,42,151,0,5,0,0,0,0,0,0,5,0,0,0.0,0.033112582781456956
kubernetes-client==java,19,0,19,49,12,12,0,0,0,0,0,0,0,0,12,0.24489795918367346,0.24489795918367346
kucoin==kucoin-java-sdk,5,0,5,15,0,0,0,0,0,0,0,0,0,0,0,0.0,0.0
kuleuven==jenkins-mattermost-plugin,2,0,1,1,0,0,0,0,0,0,0,0,0,0,0,0.0,0.0
kumuluz==kumuluzee,19,0,19,24,1,2,0,0,0,0,0,0,1,0,1,0.041666666666666664,0.08333333333333333
kumuluz==kumuluzee-samples,19,0,18,40,0,1,0,0,0,0,0,0,1,0,0,0.0,0.025
kurbatov==firmata4j,3,0,3,4,0,0,0,0,0,0,0,0,0,0,0,0.0,0.0
kwart==jd-cli,10,0,10,55,0,0,0,0,0,0,0,0,0,0,0,0.0,0.0
kylinolap==kylin,56,0,53,129,13,17,1,0,0,0,0,1,6,0,11,0.10077519379844961,0.13178294573643412
l0rdn1kk0n==wicket-bootstrap,4,0,4,15,0,0,0,0,0,0,0,0,0,0,0,0.0,0.0
l0rdn1kk0n==wicket-webjars,5,0,5,8,0,0,0,0,0,0,0,0,0,0,0,0.0,0.0
laarryy==anti-vpn,32,1,31,97,37,38,1,0,0,0,0,0,1,0,36,0.38144329896907214,0.3917525773195876
langehenrik==sdu-se-f22,4,0,4,9,0,0,0,0,0,0,0,0,0,0,0,0.0,0.0
languagetool-org==languagetool,13,0,11,24,2,2,0,0,0,0,0,0,0,0,2,0.08333333333333333,0.08333333333333333
larsgeorge==hbase-book,7,0,7,18,0,0,0,0,0,0,0,0,0,0,0,0.0,0.0
ldbc==ldbc_graphalytics,13,0,13,57,1,1,1,0,0,0,0,0,0,0,0,0.017543859649122806,0.017543859649122806
leangen==graphql-spqr,8,0,8,15,0,1,0,0,0,0,0,0,1,0,0,0.0,0.06666666666666667
leapframework==framework,112,0,110,255,38,41,0,0,0,0,1,0,3,0,38,0.14901960784313725,0.1607843137254902
learnlib==automatalib,11,0,11,19,0,0,0,0,0,0,0,0,0,0,0,0.0,0.0
learnlib==learnlib,7,0,6,7,0,0,0,0,0,0,0,0,0,0,0,0.0,0.0
lenis0012==loginsecurity-2,19,0,18,34,0,0,0,0,0,0,0,0,0,0,0,0.0,0.0
lennartkoopmann==nzyme,73,0,73,224,2,3,0,0,0,0,0,0,1,0,2,0.008928571428571428,0.013392857142857142
leonchen83==redis-rdb-cli,9,0,8,21,1,3,0,0,0,0,0,1,3,0,0,0.047619047619047616,0.14285714285714285
leonchen83==redis-replicator,5,0,5,10,0,0,0,0,0,0,0,0,0,0,0,0.0,0.0
lerry903==ruoyi,29,0,26,48,13,13,0,0,0,0,0,0,0,0,13,0.2708333333333333,0.2708333333333333
lets-blade==blade,21,0,21,50,3,5,0,0,0,0,0,0,2,0,3,0.06,0.1
lets-mica==mica-mqtt,31,0,31,61,9,9,0,0,0,0,0,0,2,0,9,0.14754098360655737,0.14754098360655737
lettuce-io==lettuce-core,19,0,16,36,1,2,0,0,0,0,0,0,1,0,1,0.027777777777777776,0.05555555555555555
lewisd32==lint-maven-plugin,2,0,2,2,0,0,0,0,0,0,0,0,0,0,0,0.0,0.0
lianjiatech==retrofit-spring-boot-starter,9,0,8,14,4,4,0,0,0,0,0,3,3,0,1,0.2857142857142857,0.2857142857142857
librato==disco-java,4,0,4,11,0,0,0,0,0,0,0,0,0,0,0,0.0,0.0
librato==librato-java,2,0,2,3,0,0,0,0,0,0,0,0,0,0,0,0.0,0.0
librato==metrics-librato,2,0,2,3,0,0,0,0,0,0,0,0,0,0,0,0.0,0.0
libreoffice==wollmux,53,0,53,104,1,1,0,0,0,0,0,0,0,0,1,0.009615384615384616,0.009615384615384616
libreplan==libreplan,18,0,18,33,0,0,0,0,0,0,0,0,0,0,0,0.0,0.0
librespot-org==librespot-java,24,0,24,56,0,1,0,0,0,0,0,0,1,0,0,0.0,0.017857142857142856
liferay==liferay-faces,130,0,128,284,20,50,0,0,0,0,0,0,30,0,20,0.07042253521126761,0.176056338028169
lightblue-platform==lightblue-core,28,0,28,87,2,2,0,0,0,0,0,0,0,0,2,0.022988505747126436,0.022988505747126436
lightoze==gwt-i18n-server,1,0,1,1,0,0,0,0,0,0,0,0,0,0,0,0.0,0.0
lightstep==lightstep-tracer-java,4,0,4,11,0,1,0,0,0,0,0,0,1,0,0,0.0,0.09090909090909091
lilishop==lilishop,106,0,106,264,17,25,0,0,0,0,0,7,8,0,10,0.06439393939393939,0.0946969696969697
limbo-world==flowjob,31,0,31,54,8,8,0,0,0,0,0,3,0,1,4,0.14814814814814814,0.14814814814814814
linagora==linshare-core,169,0,169,494,21,92,1,0,0,0,0,0,72,1,19,0.04251012145748988,0.1862348178137652
linagora==opush,55,0,54,149,26,28,0,0,0,1,0,0,2,0,25,0.174496644295302,0.18791946308724833
link-it==govpay,81,0,81,315,43,52,0,0,0,0,0,0,9,1,42,0.1365079365079365,0.16507936507936508
linkedin==camus,17,0,17,65,5,12,2,0,0,0,0,0,7,3,0,0.07692307692307693,0.18461538461538463
liquibase==liquibase-cassandra,2,0,2,5,0,0,0,0,0,0,0,0,0,0,0,0.0,0.0
liquibase==liquigraph,11,0,11,18,1,1,0,0,0,0,0,0,0,0,1,0.05555555555555555,0.05555555555555555
liveoak-io==liveoak,74,0,72,151,0,2,0,0,0,0,0,0,2,0,0,0.0,0.013245033112582781
liveontologies==elk-reasoner,58,0,56,107,8,18,0,0,0,0,0,0,10,4,4,0.07476635514018691,0.16822429906542055
liveramp==cascading_ext,11,0,11,40,1,1,0,0,0,0,0,0,0,1,0,0.025,0.025
liyiorg==weixin-popular,16,0,16,48,5,5,0,0,0,0,0,1,0,4,0,0.10416666666666667,0.10416666666666667
llmhyy==evosuite-plus-plus,193,0,177,521,17,40,0,0,0,0,1,3,26,7,6,0.03262955854126679,0.07677543186180422
locationtech==geogig,17,0,17,24,1,1,0,0,0,0,0,0,0,0,1,0.041666666666666664,0.041666666666666664
locationtech==geowave,242,0,240,505,17,33,0,0,0,0,0,0,16,0,17,0.033663366336633666,0.06534653465346535
locked-fg==jfeaturelib,2,0,1,1,0,0,0,0,0,0,0,0,0,0,0,0.0,0.0
lodlive==lodview,5,0,4,12,0,0,0,0,0,0,0,0,0,0,0,0.0,0.0
logfellow==logstash-logback-encoder,5,0,1,1,1,1,0,1,0,0,0,0,1,1,0,1.0,1.0
logicalclocks==hopsworks,80,0,80,190,6,12,0,0,0,0,0,0,7,0,6,0.031578947368421054,0.06315789473684211
logstash==logstash-logback-encoder,5,0,1,1,1,1,0,1,0,0,0,0,1,1,0,1.0,1.0
logzio==guice-jersey,2,0,2,4,0,0,0,0,0,0,0,0,0,0,0,0.0,0.0
logzio==jmx2graphite,7,0,7,39,7,9,0,0,0,0,0,0,3,1,6,0.1794871794871795,0.23076923076923078
logzio==sawmill,6,0,6,10,2,2,0,0,0,0,0,0,0,2,0,0.2,0.2
loldevs==riotapi,5,0,5,8,0,0,0,0,0,0,0,0,0,0,0,0.0,0.0
lolo101==msgviewer,22,0,22,58,7,8,0,0,0,0,0,1,2,0,6,0.1206896551724138,0.13793103448275862
longtai-cn==hippo4j,122,0,122,307,30,33,0,0,0,0,0,12,3,3,18,0.09771986970684039,0.10749185667752444
lordofthejars==nosql-unit,36,0,36,86,14,14,0,0,0,0,0,0,0,0,14,0.16279069767441862,0.16279069767441862
lsc-project==lsc,4,0,3,5,1,2,0,0,0,0,0,0,2,0,1,0.2,0.4
lsds==sgx-spark,243,0,242,504,13,33,0,3,0,1,0,0,23,2,7,0.025793650793650792,0.06547619047619048
ltsopensource==light-task-scheduler,129,0,126,451,105,108,1,0,0,0,0,19,3,3,83,0.2328159645232816,0.2394678492239468
lucgamesyt==jukeboxmc,12,0,12,21,0,1,0,0,0,0,0,0,1,0,0,0.0,0.047619047619047616
lukas-krecan==jsonunit,1,0,1,1,0,0,0,0,0,0,0,0,0,0,0,0.0,0.0
lukas-krecan==shedlock,19,0,19,53,0,0,0,0,0,0,0,0,0,0,0,0.0,0.0
lumifyio==lumify,181,0,181,437,10,46,0,1,0,0,0,1,38,8,0,0.02288329519450801,0.10526315789473684
lumifyio==securegraph,14,0,14,36,0,1,0,0,0,0,0,0,1,0,0,0.0,0.027777777777777776
luoye663==e5,14,0,11,28,1,4,0,0,0,0,0,1,4,0,0,0.03571428571428571,0.14285714285714285
lutece-platform==lutece-core,32,0,0,0,0,0,0,0,0,0,0,0,0,0,0,0.0,0.0
mabaiwan==hippo4j,122,0,122,305,30,33,0,0,0,0,0,12,3,3,18,0.09836065573770492,0.10819672131147541
machinepublishers==jbrowserdriver,3,0,0,0,0,0,0,0,0,0,0,0,0,0,0,0.0,0.0
magefree==mage,79,0,78,185,10,19,0,0,0,0,0,1,9,0,9,0.05405405405405406,0.10270270270270271
magja==magja,2,0,2,3,0,0,0,0,0,0,0,0,0,0,0,0.0,0.0
magnetme==consultant,2,0,2,5,3,3,0,0,0,0,0,1,0,0,2,0.6,0.6
magpiebridge==magpiebridge,12,0,12,21,0,1,0,0,0,0,0,0,1,0,0,0.0,0.047619047619047616
magro==memcached-session-manager,7,0,5,11,0,0,0,0,0,0,0,0,0,0,0,0.0,0.0
mahmoudparsian==data-algorithms-book,52,0,51,213,1,3,0,0,0,0,0,0,2,1,0,0.004694835680751174,0.014084507042253521
making==rsc,2,0,0,0,0,0,0,0,0,0,0,0,0,0,0,0.0,0.0
mangoautomation==ma-core-public,72,0,71,166,26,30,1,0,0,1,0,0,4,9,15,0.1566265060240964,0.18072289156626506
mangoautomation==ma-modules-public,14,0,14,37,6,6,0,0,0,0,0,0,0,0,6,0.16216216216216217,0.16216216216216217
manoelcampos==cloudsim-plus,5,0,5,6,2,2,0,0,0,0,0,0,0,0,2,0.3333333333333333,0.3333333333333333
manoelcampos==cloudsimplus,5,0,5,6,2,2,0,0,0,0,0,0,0,0,2,0.3333333333333333,0.3333333333333333
manolo==gwtupload,9,0,8,34,0,10,0,0,0,0,0,0,10,0,0,0.0,0.29411764705882354
manydesigns==portofino,102,0,101,258,9,10,0,0,0,0,0,0,1,0,9,0.03488372093023256,0.03875968992248062
mapr-demos==finserv-application-blueprint,1,0,1,2,0,0,0,0,0,0,0,0,0,0,0,0.0,0.0
marcgiffing==wicket-spring-boot,5,0,5,7,0,0,0,0,0,0,0,0,0,0,0,0.0,0.0
marginallyclever==makelangelo-software,65,0,63,139,2,2,0,0,0,0,0,0,0,1,2,0.014388489208633094,0.014388489208633094
marginallyclever==robot-overlord-app,46,0,37,71,0,2,0,0,0,0,0,0,2,0,0,0.0,0.028169014084507043
mariadb-corporation==mariadb-connector-j,8,0,8,39,1,1,0,0,0,0,0,0,0,0,1,0.02564102564102564,0.02564102564102564
marklogic==java-client-api,10,0,9,11,0,0,0,0,0,0,0,0,0,0,0,0.0,0.0
marklogic==marklogic-contentpump,35,0,35,83,4,5,0,0,0,0,0,0,2,0,4,0.04819277108433735,0.060240963855421686
mars-sim==mars-sim,43,0,39,71,1,3,0,0,0,0,0,0,2,1,0,0.014084507042253521,0.04225352112676056
matsim-org==matsim-libs,538,0,519,1287,30,81,3,0,0,0,0,2,53,21,5,0.023310023310023312,0.06293706293706294
matsim-scenarios==matsim-berlin,18,0,18,41,0,2,0,0,0,0,0,0,2,0,0,0.0,0.04878048780487805
mauricioaniche==ck,5,0,5,21,0,0,0,0,0,0,0,0,0,0,0,0.0,0.0
mauricioaniche==repodriller,3,0,3,15,2,2,0,2,0,0,0,0,0,0,0,0.13333333333333333,0.13333333333333333
maven-download-plugin==maven-download-plugin,3,0,3,7,1,1,0,0,0,0,0,0,0,1,0,0.14285714285714285,0.14285714285714285
maxcom==lorsource,11,0,11,21,0,1,0,0,0,0,0,0,1,0,0,0.0,0.047619047619047616
mboudreau==alternator,2,0,2,4,0,0,0,0,0,0,0,0,0,0,0,0.0,0.0
mebbert==varianttoolchest,1,0,1,2,0,0,0,0,0,0,0,0,0,0,0,0.0,0.0
medcl==elasticsearch-analysis-ik,2,0,2,4,2,2,0,0,0,0,0,0,0,0,2,0.5,0.5
medcl==elasticsearch-analysis-stconvert,1,0,1,2,2,2,0,0,0,0,0,0,0,0,2,1.0,1.0
mediacloud==cliff-annotator,30,0,30,148,2,21,0,0,0,0,0,1,21,0,1,0.013513513513513514,0.14189189189189189
megaease==easeagent,75,0,66,162,1,5,0,0,0,0,0,0,4,0,1,0.006172839506172839,0.030864197530864196
melin==super-diamond,11,0,11,24,9,9,0,0,0,0,0,0,0,0,9,0.375,0.375
meltmedia==jgroups-aws,3,0,3,4,0,0,0,0,0,0,0,0,0,0,0,0.0,0.0
membrane==service-proxy,108,0,108,222,11,16,0,0,0,0,0,0,5,9,2,0.04954954954954955,0.07207207207207207
meraki-analytics==orianna,1,0,1,2,0,0,0,0,0,0,0,0,0,0,0,0.0,0.0
mercari==dataflowtemplate,7,0,7,17,0,0,0,0,0,0,0,0,0,0,0,0.0,0.0
mesos==docker-compose-executor,6,0,6,21,1,3,0,0,0,0,0,1,3,0,0,0.047619047619047616,0.14285714285714285
mesos==storm,4,0,4,23,0,7,0,0,0,0,0,0,7,0,0,0.0,0.30434782608695654
mesosphere-backup==cassandra-mesos-deprecated,15,0,15,59,2,2,0,0,0,0,0,0,0,2,0,0.03389830508474576,0.03389830508474576
mesquiteproject==mesquitecore,18,0,0,0,0,0,0,0,0,0,0,0,0,0,0,0.0,0.0
messaginghub==pooled-jms,1,0,1,1,0,0,0,0,0,0,0,0,0,0,0,0.0,0.0
metamx==java-util,17,0,17,62,6,6,0,0,0,0,0,5,0,1,0,0.0967741935483871,0.0967741935483871
metawidget==metawidget,1,0,1,1,0,0,0,0,0,0,0,0,0,0,0,0.0,0.0
mewna==catnip,5,0,5,15,0,0,0,0,0,0,0,0,0,0,0,0.0,0.0
mgodave==barge,8,0,8,20,0,0,0,0,0,0,0,0,0,0,0,0.0,0.0
mgormley==pacaya,23,0,15,29,4,5,4,0,0,0,0,0,1,2,0,0.13793103448275862,0.1724137931034483
mguenther==kafka-junit,5,0,5,26,0,0,0,0,0,0,0,0,0,0,0,0.0,0.0
mguymon==model-citizen,4,0,4,7,0,0,0,0,0,0,0,0,0,0,0,0.0,0.0
michael-simons==neo4j-migrations,24,0,24,40,3,3,0,0,0,0,0,3,1,0,0,0.075,0.075
michaellavelle==spring-data-dynamodb,8,0,8,36,1,1,0,0,0,0,0,0,0,0,1,0.027777777777777776,0.027777777777777776
micromata==projectforge,163,0,159,323,49,62,0,0,1,0,0,0,13,4,44,0.15170278637770898,0.19195046439628483
micromata==projectforge-webapp,162,0,154,323,78,82,0,0,0,0,0,0,4,0,78,0.24148606811145512,0.25386996904024767
microraft==microraft,22,0,20,83,3,3,0,0,0,0,0,0,0,0,3,0.03614457831325301,0.03614457831325301
microsoft==availability-monitor-for-kafka,16,0,16,55,9,13,0,0,0,0,0,0,4,0,9,0.16363636363636364,0.23636363636363636
microsoft==botbuilder-java,11,1,10,20,0,0,0,0,0,0,0,0,0,0,0,0.0,0.0
microsoft==kafka-connect-cosmosdb,5,0,5,22,0,0,0,0,0,0,0,0,0,0,0,0.0,0.0
microsoft==mssql-jdbc,6,0,4,15,0,0,0,0,0,0,0,0,0,0,0,0.0,0.0
microstream-one==microstream,40,0,40,97,1,1,0,0,0,0,0,0,0,0,1,0.010309278350515464,0.010309278350515464
mifos==head,58,0,56,128,6,6,0,0,0,0,0,1,2,3,2,0.046875,0.046875
mightguy==customized-symspell,2,0,2,8,1,1,0,0,0,0,0,0,0,1,0,0.125,0.125
miltonio==milton2,151,0,142,472,5,11,0,0,0,0,0,0,6,3,2,0.01059322033898305,0.023305084745762712
milvus-io==milvus-sdk-java,5,0,5,16,0,0,0,0,0,0,0,0,0,0,0,0.0,0.0
mircokroon==minecraft-world-downloader,1,0,0,0,0,0,0,0,0,0,0,0,0,0,0,0.0,0.0
mirkosertic==fxdesktopsearch,14,0,14,42,1,1,0,0,0,0,0,0,0,0,1,0.023809523809523808,0.023809523809523808
mirromutth==r2dbc-mysql,4,0,4,10,0,0,0,0,0,0,0,0,0,0,0,0.0,0.0
miso-lims==miso-lims,24,0,24,61,1,6,0,0,0,0,0,0,5,0,1,0.01639344262295082,0.09836065573770492
missioncriticalcloud==cosmic,323,0,323,972,35,104,0,0,0,0,0,9,90,5,21,0.0360082304526749,0.10699588477366255
mitreid-connect==openid-connect-java-spring-server,38,0,38,71,0,1,0,0,0,0,0,0,1,0,0,0.0,0.014084507042253521
mjeanroy==junit-servers,19,0,19,80,3,15,0,0,0,0,0,0,12,0,3,0.0375,0.1875
mmarquee==ui-automation,16,0,15,146,0,8,0,0,0,0,0,0,8,0,0,0.0,0.0547945205479452
mmazi==rescu,2,0,2,10,0,1,0,0,0,0,0,0,1,0,0,0.0,0.1
mock-server==mockserver,8,0,8,30,0,0,0,0,0,0,0,0,0,0,0,0.0,0.0
moditect==jfrunit,1,0,1,2,2,2,0,0,0,0,0,0,0,0,2,1.0,1.0
moditect==layrry,3,0,3,9,0,0,0,0,0,0,0,0,0,0,0,0.0,0.0
mogilefs-moji==moji,16,0,16,46,0,0,0,0,0,0,0,0,0,0,0,0.0,0.0
mohabmohie==shaft_engine,3,0,1,1,0,1,0,0,0,0,0,0,1,0,0,0.0,1.0
mojo-executor==mojo-executor,2,0,2,6,0,0,0,0,0,0,0,0,0,0,0,0.0,0.0
mojohaus==build-helper-maven-plugin,14,0,14,25,0,0,0,0,0,0,0,0,0,0,0,0.0,0.0
mojohaus==exec-maven-plugin,2,0,2,2,0,0,0,0,0,0,0,0,0,0,0,0.0,0.0
mojohaus==license-maven-plugin,5,0,5,10,0,1,0,0,0,0,0,0,1,0,0,0.0,0.1
mojohaus==versions,19,0,18,51,0,16,0,0,0,0,0,0,16,0,0,0.0,0.3137254901960784
mojohaus==versions-maven-plugin,19,0,18,51,0,16,0,0,0,0,0,0,16,0,0,0.0,0.3137254901960784
mojohaus==wagon-maven-plugin,10,0,10,26,0,0,0,0,0,0,0,0,0,0,0,0.0,0.0
molgenis==molgenis,99,0,97,329,5,7,0,0,0,0,0,0,2,1,4,0.015197568389057751,0.02127659574468085
molgenis==molgenis-legacy,96,0,94,185,0,2,0,0,0,0,0,0,2,0,0,0.0,0.010810810810810811
mongobee==mongobee,1,0,1,1,0,0,0,0,0,0,0,0,0,0,0,0.0,0.0
mongock==mongock,17,0,17,49,0,3,0,0,0,0,0,0,3,0,0,0.0,0.061224489795918366
mongock==mongock-driver-mongodb,17,0,17,49,0,3,0,0,0,0,0,0,3,0,0,0.0,0.061224489795918366
monitorjbl==pr-harmony,1,0,1,5,0,0,0,0,0,0,0,0,0,0,0,0.0,0.0
moquette-io==moquette,23,0,23,70,1,1,0,0,0,1,0,0,0,0,0,0.014285714285714285,0.014285714285714285
moritanosuke==glacieruploader,15,0,15,48,6,6,1,0,0,0,0,1,0,0,4,0.125,0.125
morphiaorg==morphia,6,0,6,11,0,0,0,0,0,0,0,0,0,0,0,0.0,0.0
movsim==movsim,51,0,51,117,11,13,1,0,0,0,0,5,7,4,2,0.09401709401709402,0.1111111111111111
moxi624==mogu_blog_v2,65,0,62,178,4,6,0,0,0,0,0,0,2,0,4,0.02247191011235955,0.033707865168539325
mozilla-metrics==bagheera,10,0,10,37,0,1,0,0,0,0,0,0,1,0,0,0.0,0.02702702702702703
mozilla-services==foxsec-pipeline,22,0,22,42,0,5,0,0,0,0,0,0,5,0,0,0.0,0.11904761904761904
mozilla==gcp-ingestion,1,0,1,2,0,0,0,0,0,0,0,0,0,0,0,0.0,0.0
mp911de==logstash-gelf,3,0,3,4,0,0,0,0,0,0,0,0,0,0,0,0.0,0.0
mpetazzoni==ttorrent,20,0,20,70,5,5,0,0,0,0,0,3,3,0,2,0.07142857142857142,0.07142857142857142
mr3project==hive-mr3,331,0,314,718,27,41,1,0,1,0,0,5,18,5,15,0.037604456824512536,0.057103064066852366
mrkinau==fishingbot,10,0,8,18,0,0,0,0,0,0,0,0,0,0,0,0.0,0.0
mrniko==netty-socketio,9,0,9,26,6,7,0,0,0,0,0,0,1,0,6,0.23076923076923078,0.2692307692307692
msdk==msdk,14,0,13,27,0,0,0,0,0,0,0,0,0,0,0,0.0,0.0
msemys==esjc,16,0,16,35,1,2,0,0,0,1,0,0,1,0,0,0.02857142857142857,0.05714285714285714
msoute==vertx-deploy-tools,50,0,50,175,26,34,0,0,0,0,0,4,10,0,22,0.14857142857142858,0.19428571428571428
mtedone==podam,2,0,2,3,1,1,0,0,0,0,0,1,1,0,0,0.3333333333333333,0.3333333333333333
mtricht==lunaris,17,0,17,40,0,0,0,0,0,0,0,0,0,0,0,0.0,0.0
mulesoft-labs==raml-for-jax-rs,6,0,6,19,0,0,0,0,0,0,0,0,0,0,0,0.0,0.0
mulesoft==mule,217,0,211,482,38,74,0,0,0,0,0,5,36,5,29,0.07883817427385892,0.15352697095435686
mulesoft==mule-maven-plugin,33,0,33,87,4,10,0,0,0,0,0,0,6,1,3,0.04597701149425287,0.11494252873563218
mulesoft==mule-migration-assistant,10,0,10,15,0,0,0,0,0,0,0,0,0,0,0,0.0,0.0
mulesoft==mule-transport-amqp,13,0,13,23,0,0,0,0,0,0,0,0,0,0,0,0.0,0.0
multibit-legacy==multibit,27,0,25,85,4,8,0,0,0,0,0,0,4,0,4,0.047058823529411764,0.09411764705882353
multibit-legacy==multibit-hardware,16,0,16,67,1,2,0,0,0,0,0,0,1,0,1,0.014925373134328358,0.029850746268656716
multilang-depends==depends,1,0,1,1,0,0,0,0,0,0,0,0,0,0,0,0.0,0.0
mvndaemon==mvnd,7,0,4,15,2,2,0,0,0,0,0,2,0,0,0,0.13333333333333333,0.13333333333333333
mweirauch==micrometer-jvm-extras,2,0,2,2,0,0,0,0,0,0,0,0,0,0,0,0.0,0.0
mwiede==jsch,8,0,8,18,1,1,0,0,0,0,0,0,0,0,1,0.05555555555555555,0.05555555555555555
mybatis==guice,5,0,5,13,0,0,0,0,0,0,0,0,0,0,0,0.0,0.0
mybatis==ibatis-2,8,0,8,24,0,0,0,0,0,0,0,0,0,0,0,0.0,0.0
mybatis==ignite-cache,1,0,1,4,0,0,0,0,0,0,0,0,0,0,0,0.0,0.0
mybatis==mybatis-3,18,0,18,58,0,0,0,0,0,0,0,0,0,0,0,0.0,0.0
mybatis==spring,4,0,4,10,0,0,0,0,0,0,0,0,0,0,0,0.0,0.0
mybatis==velocity-scripting,1,0,1,1,0,0,0,0,0,0,0,0,0,0,0,0.0,0.0
mycatapache==mycat-jcache,26,0,26,35,1,1,0,0,0,0,0,1,1,0,0,0.02857142857142857,0.02857142857142857
mycatapache==mycat-server,131,0,126,341,7,29,0,1,0,0,0,2,23,0,4,0.020527859237536656,0.08504398826979472
mycontroller-org==mycontroller-v1-legacy,165,0,165,629,13,34,0,0,0,0,0,0,22,7,6,0.02066772655007949,0.05405405405405406
mycore-org==mycore,253,0,251,656,13,32,0,0,0,0,0,5,19,2,6,0.019817073170731708,0.04878048780487805
mygrid==rightfield,38,0,38,111,0,15,0,0,0,0,0,0,15,0,0,0.0,0.13513513513513514
myrobotlab==myrobotlab,111,0,99,254,4,4,1,0,0,0,0,0,0,1,2,0.015748031496062992,0.015748031496062992
mysinglelive==forest,15,0,15,45,6,6,0,0,0,0,0,3,0,3,0,0.13333333333333333,0.13333333333333333
mysql-time-machine==replicator,17,0,17,39,4,6,0,0,0,0,0,1,2,0,3,0.10256410256410256,0.15384615384615385
mysticfall==pivot4j,12,0,12,32,0,0,0,0,0,0,0,0,0,0,0,0.0,0.0
myzhan==locust4j,7,0,7,10,0,0,0,0,0,0,0,0,0,0,0,0.0,0.0
mzheravin==exchange-core,14,0,7,31,5,5,5,0,0,0,0,0,0,0,0,0.16129032258064516,0.16129032258064516
nacos-group==nacos-sync,16,0,16,42,2,2,0,0,0,0,0,0,0,2,0,0.047619047619047616,0.047619047619047616
namelessmc==nameless-link,9,0,9,62,1,2,0,0,0,0,0,0,1,0,1,0.016129032258064516,0.03225806451612903
namelessmc==nameless-plugin,6,0,6,26,0,0,0,0,0,0,0,0,0,0,0,0.0,0.0
nationalsecurityagency==datawave,237,0,236,628,35,61,0,0,0,0,0,12,36,3,20,0.05573248407643312,0.09713375796178345
nationalsecurityagency==emissary,106,0,102,259,6,9,0,0,0,0,0,1,4,2,4,0.023166023166023165,0.03474903474903475
naver==arcus-java-client,34,0,34,65,0,10,0,0,0,0,0,0,10,0,0,0.0,0.15384615384615385
ncats==molvec,1,0,1,3,0,0,0,0,0,0,0,0,0,0,0,0.0,0.0
nchovy==kraken,214,0,205,548,11,20,0,1,0,0,6,0,9,2,2,0.020072992700729927,0.0364963503649635
ncolomer==elasticsearch-osmosis-plugin,2,0,2,9,1,1,1,0,0,0,0,0,0,0,0,0.1111111111111111,0.1111111111111111
neo4j-contrib==rabbithole,6,0,6,12,1,2,0,0,0,0,0,0,1,1,0,0.08333333333333333,0.16666666666666666
neo4j==neo4j,107,0,98,286,6,7,0,0,2,1,0,0,1,0,3,0.02097902097902098,0.024475524475524476
neo4j==neo4j-java-driver,18,0,15,50,4,4,0,0,0,3,0,0,0,0,1,0.08,0.08
neo4j==neo4j-ogm,7,0,7,15,0,0,0,0,0,0,0,0,0,0,0,0.0,0.0
neo4j==sdn-rx,3,0,3,3,0,0,0,0,0,0,0,0,0,0,0,0.0,0.0
netarchivesuite==solrwayback,23,0,19,40,2,2,0,0,0,0,0,0,0,2,1,0.05,0.05
netcentric==accesscontroltool,20,0,20,40,4,8,0,0,0,0,0,0,4,0,4,0.1,0.2
netceteragroup==valdr-bean-validation,2,0,2,6,0,0,0,0,0,0,0,0,0,0,0,0.0,0.0
netease-im==camellia,169,0,168,606,143,151,0,0,4,0,1,40,8,3,98,0.23597359735973597,0.24917491749174916
netease==arctic,81,0,80,182,6,7,0,0,0,0,0,0,1,3,3,0.03296703296703297,0.038461538461538464
netfishers-onl==netshot,18,0,18,93,0,1,0,0,0,0,0,0,1,0,0,0.0,0.010752688172043012
netifi==netifi-quickstart-java,2,0,2,3,0,0,0,0,0,0,0,0,0,0,0,0.0,0.0
netty==netty,38,0,37,103,3,4,0,0,0,0,0,0,1,1,2,0.02912621359223301,0.038834951456310676
networknt==json-schema-validator,5,0,5,6,0,0,0,0,0,0,0,0,0,0,0,0.0,0.0
networknt==light-4j,90,0,90,272,1,30,0,0,0,0,0,1,29,0,0,0.003676470588235294,0.11029411764705882
networknt==light-oauth2,30,0,30,111,1,1,0,0,0,0,0,1,1,0,0,0.009009009009009009,0.009009009009009009
networknt==light-rest-4j,6,0,6,8,0,1,0,0,0,0,0,0,1,0,0,0.0,0.125
neuland==pug4j,3,0,3,5,0,0,0,0,0,0,0,0,0,0,0,0.0,0.0
newrelic==nrjmx,4,0,4,10,0,0,0,0,0,0,0,0,0,0,0,0.0,0.0
nextdoor==bender,16,0,16,37,2,3,0,0,0,0,0,2,1,0,0,0.05405405405405406,0.08108108108108109
ngageoint==elasticgeo,2,0,2,2,1,1,0,0,0,0,0,0,0,0,1,0.5,0.5
ngageoint==mrgeo,43,0,38,89,5,10,0,0,0,0,3,0,5,0,2,0.056179775280898875,0.11235955056179775
ngageoint==opensphere-desktop,277,0,274,487,126,138,0,0,0,0,0,4,13,19,103,0.2587268993839836,0.28336755646817247
nginxinc==bank-of-sirius,17,0,17,38,1,4,0,0,0,0,0,1,3,0,0,0.02631578947368421,0.10526315789473684
nguyenq==tess4j,2,0,2,3,0,0,0,0,0,0,0,0,0,0,0,0.0,0.0
nhl==dflib,14,0,14,21,0,3,0,0,0,0,0,0,3,0,0,0.0,0.14285714285714285
nhsconnect==careconnect-reference-implementation,40,0,39,124,0,3,0,0,0,0,0,0,3,0,0,0.0,0.024193548387096774
nicho92==mtgdesktopcompanion,270,0,270,678,12,12,0,0,0,0,0,0,0,1,12,0.017699115044247787,0.017699115044247787
nidi3==graphviz-java,12,0,10,19,0,2,0,0,0,0,0,0,2,0,0,0.0,0.10526315789473684
nidi3==raml-tester,2,0,2,4,0,1,0,0,0,0,0,0,1,0,0,0.0,0.25
niefy==wx-api,23,0,19,62,7,9,0,0,0,0,0,1,2,0,6,0.11290322580645161,0.14516129032258066
nielsbasjes==yauaa,17,0,15,45,1,1,0,0,0,0,0,0,0,1,1,0.022222222222222223,0.022222222222222223
nilhcem==fakesmtp,10,0,10,24,0,0,0,0,0,0,0,0,0,0,0,0.0,0.0
nilsreiter==corefannotator,12,0,12,22,0,0,0,0,0,0,0,0,0,0,0,0.0,0.0
ninjaframework==ninja,45,0,43,134,3,5,0,0,0,0,0,0,5,0,3,0.022388059701492536,0.03731343283582089
nirmata==workflow,4,0,4,7,1,1,0,0,0,0,0,1,1,0,0,0.14285714285714285,0.14285714285714285
nitorcreations==nflow,30,0,30,82,2,3,0,0,0,0,0,1,2,2,0,0.024390243902439025,0.036585365853658534
nkons==r2rml-parser,5,0,4,19,2,3,0,0,0,0,0,0,2,2,0,0.10526315789473684,0.15789473684210525
nlpchina==elasticsearch-analysis-ansj,3,0,3,4,0,0,0,0,0,0,0,0,0,0,0,0.0,0.0
nlpchina==nlp-lang,5,0,5,29,0,0,0,0,0,0,0,0,0,0,0,0.0,0.0
noboomu==proteus,9,0,9,15,3,4,0,0,0,0,0,0,1,0,3,0.2,0.26666666666666666
nomis==slf4j-android,1,0,1,10,1,1,0,0,0,0,0,0,0,1,0,0.1,0.1
noraui==noraui,46,0,46,161,1,2,0,0,0,0,0,0,1,0,1,0.006211180124223602,0.012422360248447204
norconex==collector-http,19,0,19,38,2,2,0,0,0,0,0,0,0,2,0,0.05263157894736842,0.05263157894736842
norconex==importer,10,0,10,21,0,1,0,0,0,0,0,0,1,0,0,0.0,0.047619047619047616
normanmaurer==niosmtp,4,0,4,4,0,1,0,0,0,0,0,0,1,0,0,0.0,0.25
notnoop==java-apns,6,0,6,9,0,0,0,0,0,0,0,0,0,0,0,0.0,0.0
novetta==clavin,4,0,4,10,1,1,0,0,0,0,0,0,0,1,0,0.1,0.1
nowina-solutions==nexu,30,0,30,68,4,6,0,0,0,0,0,0,2,0,4,0.058823529411764705,0.08823529411764706
nukkit==nukkit,16,0,13,30,1,6,0,0,0,0,0,0,5,0,1,0.03333333333333333,0.2
nuls-io==nuls-v2,285,0,276,1072,33,49,0,0,0,1,0,13,16,13,6,0.030783582089552237,0.0457089552238806
numenta==htm.java,2,0,2,4,2,2,0,0,0,0,0,2,2,0,0,0.5,0.5
nuodb==migration-tools,29,0,29,56,1,1,1,0,0,0,0,0,0,0,0,0.017857142857142856,0.017857142857142856
nutzam==nutz,50,0,46,111,4,10,0,0,0,0,0,3,8,0,1,0.036036036036036036,0.09009009009009009
nutzam==nutzboot,65,0,65,147,6,8,0,0,0,0,0,6,2,0,0,0.04081632653061224,0.05442176870748299
nuxeo==nuxeo,725,0,723,1539,37,60,1,2,0,0,0,3,26,5,27,0.024041585445094216,0.03898635477582846
nysenate==geoapi,72,0,72,245,2,11,0,0,0,0,0,2,9,0,0,0.00816326530612245,0.044897959183673466
nysenate==openlegislation,106,0,105,243,3,7,0,0,0,0,0,1,4,1,1,0.012345679012345678,0.02880658436213992
oauth-apis==apis,10,0,10,24,0,0,0,0,0,0,0,0,0,0,0,0.0,0.0
objectify==objectify,9,0,9,20,1,1,0,0,0,0,0,0,0,0,1,0.05,0.05
objectionary==eo,23,0,23,55,3,4,0,0,0,0,0,1,2,0,2,0.05454545454545454,0.07272727272727272
oboehm==gdv.xport,19,0,19,37,3,3,0,0,0,0,0,1,1,1,1,0.08108108108108109,0.08108108108108109
obsidiandynamics==kafdrop,8,0,8,25,0,0,0,0,0,0,0,0,0,0,0,0.0,0.0
ocadotechnology==ocava,21,0,20,31,0,0,0,0,0,0,0,0,0,0,0,0.0,0.0
oci-pronghorn==pronghorn,43,0,29,78,0,1,0,0,0,0,0,0,1,0,0,0.0,0.01282051282051282
ocpsoft==rewrite,44,0,42,86,0,8,0,0,0,0,0,0,8,0,0,0.0,0.09302325581395349
ocpsoft==socialpm,9,0,8,17,0,0,0,0,0,0,0,0,0,0,0,0.0,0.0
ocraft==ocraft-s2client,16,0,16,44,0,0,0,0,0,0,0,0,0,0,0,0.0,0.0
odata4j==odata4j,8,0,8,14,2,3,0,0,0,0,0,0,1,0,2,0.14285714285714285,0.21428571428571427
odnoklassniki==one-nio,19,0,19,36,5,6,0,0,0,4,0,0,1,1,0,0.1388888888888889,0.16666666666666666
odpi==egeria,70,0,69,215,14,27,0,0,0,0,0,2,15,0,12,0.06511627906976744,0.12558139534883722
odpi==egeria-connector-ibm-information-server,17,0,17,33,0,1,0,0,0,0,0,0,1,0,0,0.0,0.030303030303030304
oehf==ipf,82,0,82,170,5,8,0,0,0,0,2,1,3,1,2,0.029411764705882353,0.047058823529411764
officedev==ews-java-api,14,0,14,20,0,0,0,0,0,0,0,0,0,0,0,0.0,0.0
ogrisel==pignlproc,1,0,1,1,0,0,0,0,0,0,0,0,0,0,0,0.0,0.0
ohdsi==webapi,49,0,49,91,5,11,0,0,0,0,0,0,6,1,4,0.054945054945054944,0.12087912087912088
ojai==ojai,1,0,1,2,0,0,0,0,0,0,0,0,0,0,0,0.0,0.0
okex==exchain-java-sdk,5,0,5,5,0,1,0,0,0,0,0,0,1,0,0,0.0,0.2
okjsp==okmakeover,2,0,2,2,0,0,0,0,0,0,0,0,0,0,0,0.0,0.0
okta==okta-cli,4,0,4,5,0,0,0,0,0,0,0,0,0,0,0,0.0,0.0
okta==okta-sdk-java,2,0,2,2,0,0,0,0,0,0,0,0,0,0,0,0.0,0.0
okta==okta-spring-boot,2,0,2,4,0,0,0,0,0,0,0,0,0,0,0,0.0,0.0
okx==exchain-java-sdk,5,0,5,5,0,1,0,0,0,0,0,0,1,0,0,0.0,0.2
oldmanpushcart==greys-anatomy,4,0,3,6,0,0,0,0,0,0,0,0,0,0,0,0.0,0.0
oltpbenchmark==oltpbench,43,0,39,70,1,4,0,0,0,0,0,1,4,0,0,0.014285714285714285,0.05714285714285714
ome==bioformats,17,0,11,21,0,0,0,0,0,0,0,0,0,0,0,0.0,0.0
omertron==api-themoviedb,3,0,3,9,0,1,0,0,0,0,0,0,1,0,0,0.0,0.1111111111111111
omertron==api-thetvdb,1,0,1,7,0,0,0,0,0,0,0,0,0,0,0,0.0,0.0
onc-healthit==reference-ccda-validator,3,0,3,7,0,0,0,0,0,0,0,0,0,0,0,0.0,0.0
oncokb==oncokb,2,0,2,7,0,0,0,0,0,0,0,0,0,0,0,0.0,0.0
onebusaway==onebusaway-alexa,17,0,17,36,0,1,0,0,0,0,0,0,1,0,0,0.0,0.027777777777777776
onebusaway==onebusaway-application-modules,207,0,22,43,0,2,0,0,0,0,0,0,2,0,0,0.0,0.046511627906976744
onebusaway==onebusaway-gtfs-modules,52,0,0,0,0,0,0,0,0,0,0,0,0,0,0,0.0,0.0
onelogin==java-saml,2,0,2,4,0,0,0,0,0,0,0,0,0,0,0,0.0,0.0
oneops==oneops,109,0,109,344,29,33,0,0,0,0,1,6,8,6,16,0.08430232558139535,0.09593023255813954
ontodev==robot,14,0,14,28,0,1,0,0,0,0,0,0,1,0,0,0.0,0.03571428571428571
ontometrics==slack-youtrack,7,0,7,16,0,0,0,0,0,0,0,0,0,0,0,0.0,0.0
ontop==ontop,35,0,35,84,6,7,0,0,0,0,0,0,1,3,3,0.07142857142857142,0.08333333333333333
ontopia==ontopia,92,0,85,203,4,18,0,0,0,0,0,1,15,1,2,0.019704433497536946,0.08866995073891626
open-eid==digidoc4j,69,0,69,221,1,4,0,0,0,0,0,1,4,0,0,0.004524886877828055,0.01809954751131222
open-hand==choerodon-file,1,0,1,2,0,0,0,0,0,0,0,0,0,0,0,0.0,0.0
open-metadata==openmetadata,65,0,65,159,11,11,0,0,0,0,0,2,2,0,9,0.06918238993710692,0.06918238993710692
open-pdf-sign==open-pdf-sign,2,0,2,7,0,1,0,0,0,0,0,0,1,0,0,0.0,0.14285714285714285
openam-jp==openam,162,0,77,144,14,18,0,0,0,0,0,0,4,0,14,0.09722222222222222,0.125
openapi-json-schema-tools==openapi-json-schema-generator,7,0,6,14,1,1,0,0,0,0,0,0,0,0,1,0.07142857142857142,0.07142857142857142
openapi-tools==swagger-maven-plugin,1,0,1,1,0,0,0,0,0,0,0,0,0,0,0,0.0,0.0
openapitools==openapi-diff,6,0,6,29,2,2,0,0,0,0,0,1,0,1,1,0.06896551724137931,0.06896551724137931
openapitools==openapi-generator,28,0,21,97,4,4,0,0,0,0,0,0,0,0,4,0.041237113402061855,0.041237113402061855
openbase==bco.bcozy,9,0,3,6,0,0,0,0,0,0,0,0,0,0,0,0.0,0.0
openbel==openbel-framework,2,0,1,2,0,0,0,0,0,0,0,0,0,0,0,0.0,0.0
opencast==opencast,163,0,161,440,8,22,0,0,0,0,0,0,14,0,8,0.01818181818181818,0.05
opencb==biodata,5,0,5,10,1,2,0,0,0,0,0,0,1,0,1,0.1,0.2
opencb==cellbase,43,0,43,102,6,16,0,0,0,0,0,4,11,0,2,0.058823529411764705,0.1568627450980392
opencb==opencga,179,0,174,457,52,74,1,0,12,0,0,8,24,10,23,0.1137855579868709,0.16192560175054704
opencharles==charles-rest,19,0,19,65,1,1,0,0,0,0,0,0,0,0,1,0.015384615384615385,0.015384615384615385
openclinica==openclinica,133,0,124,308,3,22,0,1,0,0,0,0,19,1,1,0.00974025974025974,0.07142857142857142
opencog==relex,3,0,3,6,0,0,0,0,0,0,0,0,0,0,0,0.0,0.0
opendistro-for-elasticsearch==security,41,0,41,118,11,16,0,0,0,0,0,1,6,0,10,0.09322033898305085,0.13559322033898305
openefsa==catalogue-browser,55,0,55,132,1,1,0,0,0,0,0,0,0,1,0,0.007575757575757576,0.007575757575757576
openfeign==feign,3,0,3,3,1,1,0,0,0,0,0,0,0,0,1,0.3333333333333333,0.3333333333333333
openforis==collect,35,0,35,89,4,9,0,0,0,0,0,0,5,0,4,0.0449438202247191,0.10112359550561797
opengoofy==hippo4j,122,0,122,307,30,33,0,0,0,0,0,12,3,3,18,0.09771986970684039,0.10749185667752444
openhab==openhab-core,181,1,180,465,21,26,0,0,0,0,3,7,12,0,11,0.04516129032258064,0.05591397849462366
openhab==static-code-analysis,9,0,8,26,1,1,0,0,0,0,0,0,0,0,1,0.038461538461538464,0.038461538461538464
openhft==chronicle-accelerate,1,0,0,0,0,0,0,0,0,0,0,0,0,0,0,0.0,0.0
openhft==chronicle-core,2,0,2,6,0,0,0,0,0,0,0,0,0,0,0,0.0,0.0
openhft==chronicle-decentred,1,0,0,0,0,0,0,0,0,0,0,0,0,0,0,0.0,0.0
openhft==chronicle-logger,8,0,8,37,1,1,0,0,0,0,0,0,0,1,1,0.02702702702702703,0.02702702702702703
openhft==chronicle-map,7,0,2,3,1,1,0,0,0,0,0,0,0,1,0,0.3333333333333333,0.3333333333333333
openhft==chronicle-network,14,0,7,11,0,0,0,0,0,0,0,0,0,0,0,0.0,0.0
openhft==chronicle-queue,1,0,0,0,0,0,0,0,0,0,0,0,0,0,0,0.0,0.0
openhft==chronicle-queue-demo,2,0,0,0,0,0,0,0,0,0,0,0,0,0,0,0.0,0.0
openhft==chronicle-threads,3,0,0,0,0,0,0,0,0,0,0,0,0,0,0,0.0,0.0
openhft==chronicle-wire,1,0,0,0,0,0,0,0,0,0,0,0,0,0,0,0.0,0.0
openiotorg==openiot,110,0,107,418,75,89,0,0,0,0,2,0,14,1,72,0.17942583732057416,0.21291866028708134
openkm==document-management-system,183,0,180,852,170,176,0,0,0,0,0,0,6,4,166,0.19953051643192488,0.20657276995305165
openl-tablets==openl-tablets,156,0,155,314,54,57,0,0,0,0,0,0,3,0,54,0.17197452229299362,0.18152866242038215
openlookeng==hetu-core,152,0,150,326,10,27,0,0,0,0,0,0,17,1,9,0.03067484662576687,0.08282208588957055
openmessaging==benchmark,31,0,31,80,7,12,0,0,0,1,0,5,5,0,1,0.0875,0.15
openmessaging==dledger,14,0,14,32,7,7,0,0,0,0,0,5,0,0,2,0.21875,0.21875
openmessaging==openchaos,46,0,46,178,0,1,0,0,0,0,0,0,1,0,0,0.0,0.0056179775280898875
openmessaging==openmessaging-benchmark,31,0,31,80,7,12,0,0,0,1,0,5,5,0,1,0.0875,0.15
openmessaging==openmessaging-storage-dledger,14,0,14,32,7,7,0,0,0,0,0,5,0,0,2,0.21875,0.21875
openmpf==openmpf,51,0,50,104,6,6,0,1,0,0,0,0,0,0,5,0.057692307692307696,0.057692307692307696
openmrs==openmrs-core,79,0,79,204,5,5,0,0,0,0,0,0,0,0,5,0.024509803921568627,0.024509803921568627
openmrs==openmrs-module-fhir,6,0,6,14,0,0,0,0,0,0,0,0,0,0,0,0.0,0.0
openmrs==openmrs-module-fhir2,11,0,11,22,0,0,0,0,0,0,0,0,0,0,0,0.0,0.0
openmrs==openmrs-module-reporting,47,0,47,92,1,7,0,0,0,0,0,0,6,0,1,0.010869565217391304,0.07608695652173914
opennms==newts,15,0,15,36,0,0,0,0,0,0,0,0,0,0,0,0.0,0.0
opennms==opennms,618,0,607,1666,99,124,0,0,0,6,10,8,33,7,68,0.05942376950780312,0.0744297719087635
openolat==openolat,517,0,506,1040,4,41,0,0,0,0,0,0,37,2,2,0.0038461538461538464,0.03942307692307692
openrefine==openrefine,18,0,18,43,1,1,0,0,0,0,0,0,0,1,0,0.023255813953488372,0.023255813953488372
openrock==openam,160,0,81,156,14,18,0,0,0,0,0,0,4,0,14,0.08974358974358974,0.11538461538461539
openrock==openidm,45,0,44,122,8,15,0,0,0,0,0,1,12,0,7,0.06557377049180328,0.12295081967213115
opensecuritycontroller==osc-core,176,0,176,405,4,17,0,0,0,0,2,0,13,0,2,0.009876543209876543,0.04197530864197531
opensextant==opensextant,17,0,16,45,1,4,0,0,0,0,0,0,3,1,0,0.022222222222222223,0.08888888888888889
opensextant==solrtexttagger,1,0,1,3,0,0,0,0,0,0,0,0,0,0,0,0.0,0.0
opensextant==xponents,11,0,11,29,0,2,0,0,0,0,0,0,2,0,0,0.0,0.06896551724137931
openshift==openshift-java-client,6,0,6,7,1,2,0,0,0,0,0,1,1,0,0,0.14285714285714285,0.2857142857142857
openshift==openshift-restclient-java,10,0,10,19,2,3,0,0,0,0,0,0,1,0,2,0.10526315789473684,0.15789473684210525
opensoc==opensoc-streaming,40,0,40,150,1,6,0,0,0,0,0,1,5,0,0,0.006666666666666667,0.04
openstack4j==openstack4j,16,0,16,24,19,19,0,0,0,0,0,0,0,0,19,0.7916666666666666,0.7916666666666666
opentelecoms-org==jsmpp,23,0,23,57,7,7,0,0,0,7,0,0,0,0,0,0.12280701754385964,0.12280701754385964
opentimestamps==java-opentimestamps,2,0,1,2,0,0,0,0,0,0,0,0,0,0,0,0.0,0.0
opentracing-contrib==java-spring-cloud,6,0,4,9,0,0,0,0,0,0,0,0,0,0,0,0.0,0.0
opentripplanner==opentripplanner,117,0,114,267,28,28,0,0,0,0,0,0,0,13,16,0.10486891385767791,0.10486891385767791
openvidu==openvidu,23,0,23,65,4,5,0,0,0,0,0,2,3,2,0,0.06153846153846154,0.07692307692307693
openworm==org.geppetto.core,11,0,10,28,1,2,0,0,0,0,0,0,2,1,0,0.03571428571428571,0.07142857142857142
openzipkin-contrib==zipkin-storage-kafka,1,0,1,1,0,0,0,0,0,0,0,0,0,0,0,0.0,0.0
openzipkin==brave,10,0,4,14,0,0,0,0,0,0,0,0,0,0,0,0.0,0.0
openzipkin==zipkin,14,0,14,36,1,1,0,0,0,0,0,1,1,0,0,0.027777777777777776,0.027777777777777776
openzipkin==zipkin-aws,2,0,2,5,0,0,0,0,0,0,0,0,0,0,0,0.0,0.0
openzipkin==zipkin-gcp,1,0,1,2,0,0,0,0,0,0,0,0,0,0,0,0.0,0.0
ops4j==org.ops4j.pax.jdbc,11,0,11,21,7,7,0,0,0,0,0,0,0,0,7,0.3333333333333333,0.3333333333333333
ops4j==org.ops4j.pax.logging,10,0,5,16,0,0,0,0,0,0,0,0,0,0,0,0.0,0.0
ops4j==org.ops4j.pax.url,3,0,3,7,0,1,0,0,0,0,0,0,1,0,0,0.0,0.14285714285714285
ops4j==org.ops4j.pax.web,45,0,45,99,9,10,0,0,0,0,0,0,1,2,7,0.09090909090909091,0.10101010101010101
ops4j==org.ops4j.pax.wicket,26,0,26,69,3,4,0,0,0,0,0,0,1,0,3,0.043478260869565216,0.057971014492753624
optimaize==language-detector,1,0,1,1,0,0,0,0,0,0,0,0,0,0,0,0.0,0.0
oracle==helidon-build-tools,38,0,38,120,1,5,0,0,0,0,0,1,4,0,0,0.008333333333333333,0.041666666666666664
oracle==oci-java-sdk,630,0,630,687,3,3,0,0,0,0,0,1,1,2,0,0.004366812227074236,0.004366812227074236
oracle==weblogic-monitoring-exporter,2,0,2,3,0,0,0,0,0,0,0,0,0,0,0,0.0,0.0
orbisgis==h2gis,6,0,6,7,4,4,0,0,0,0,0,0,0,1,3,0.5714285714285714,0.5714285714285714
orcid==orcid-source,116,0,116,320,8,14,0,0,0,0,0,1,6,0,7,0.025,0.04375
oreomeow==bili,27,0,26,139,2,4,0,0,0,0,0,0,2,2,0,0.014388489208633094,0.02877697841726619
oreoslab==bili,27,0,26,139,2,4,0,0,0,0,0,0,2,2,0,0.014388489208633094,0.02877697841726619
oriedita==oriedita,26,0,26,52,2,2,0,0,0,0,0,0,0,2,0,0.038461538461538464,0.038461538461538464
orienteerbap==orienteer,63,0,60,121,2,3,0,0,0,0,0,0,1,0,2,0.01652892561983471,0.024793388429752067
orienteerbap==wicket-orientdb,6,0,4,4,0,0,0,0,0,0,0,0,0,0,0,0.0,0.0
oripa==oripa,45,0,45,103,4,6,0,0,0,0,0,2,3,1,1,0.038834951456310676,0.05825242718446602
oryxproject==oryx,30,0,30,79,4,4,0,0,0,0,0,2,2,2,0,0.05063291139240506,0.05063291139240506
os-libera==openvirtex,54,0,43,65,0,8,0,0,0,0,0,0,8,0,0,0.0,0.12307692307692308
osalvador==replicadb,23,0,23,60,1,2,0,0,0,0,0,1,1,0,0,0.016666666666666666,0.03333333333333333
oshi==oshi,26,0,26,59,0,0,0,0,0,0,0,0,0,0,0,0.0,0.0
osiam==server,5,0,5,5,0,0,0,0,0,0,0,0,0,0,0,0.0,0.0
osiris-team==autoplug-client,36,0,0,0,0,0,0,0,0,0,0,0,0,0,0,0.0,0.0
osirix-foundation==karnak,36,0,34,52,0,6,0,0,0,0,0,0,6,0,0,0.0,0.11538461538461539
oskariorg==oskari-server,168,0,164,474,6,10,0,0,0,0,0,0,4,0,6,0.012658227848101266,0.02109704641350211
ottogroup==flink-spector,2,0,2,4,0,0,0,0,0,0,0,0,0,0,0,0.0,0.0
ovirt==ovirt-engine,497,0,497,1408,6,20,0,0,0,0,0,1,15,1,4,0.004261363636363636,0.014204545454545454
ow2-chameleon==fuchsia,60,0,60,251,1,11,0,0,0,0,0,0,10,0,1,0.00398406374501992,0.043824701195219126
owasp-benchmark==benchmarkjava,1,0,0,0,0,0,0,0,0,0,0,0,0,0,0,0.0,0.0
owasp==owasp-webscarab,12,0,12,30,1,2,0,0,0,1,0,0,1,0,0,0.03333333333333333,0.06666666666666667
owasp==securityshepherd,114,0,114,842,0,200,0,0,0,0,0,0,200,0,0,0.0,0.2375296912114014
owasp==www-project-csrfguard,6,0,2,3,0,0,0,0,0,0,0,0,0,0,0,0.0,0.0
owenson==tor-research-framework,2,0,2,13,3,3,0,0,0,3,0,0,0,0,0,0.23076923076923078,0.23076923076923078
owlcs==ont-api,4,0,4,11,0,0,0,0,0,0,0,0,0,0,0,0.0,0.0
owlcs==owlapi,15,0,15,28,1,1,0,0,0,0,0,0,0,0,1,0.03571428571428571,0.03571428571428571
oxaliscommunity==oxalis,34,0,34,49,11,14,0,0,0,0,0,0,4,0,11,0.22448979591836735,0.2857142857142857
oxaliscommunity==oxalis-as4,8,0,8,12,0,0,0,0,0,0,0,0,0,0,0,0.0,0.0
oxygenxml==oxygen-git-client-addon,30,0,30,43,28,28,0,0,0,0,0,0,0,0,28,0.6511627906976745,0.6511627906976745
oxygenxml==oxygen-git-plugin,30,0,30,43,28,28,0,0,0,0,0,0,0,0,28,0.6511627906976745,0.6511627906976745
ozlerhakan==mongolastic,9,0,9,25,8,9,0,0,0,0,0,0,1,1,7,0.32,0.36
pac4j==jax-rs-pac4j,1,0,1,1,0,0,0,0,0,0,0,0,0,0,0,0.0,0.0
pac4j==pac4j,97,0,97,295,13,16,0,0,0,0,0,0,3,2,11,0.04406779661016949,0.05423728813559322
pac4j==vertx-pac4j-demo,3,0,3,4,0,1,0,0,0,0,0,0,1,0,0,0.0,0.25
pacphi==cf-butler,47,0,47,154,8,14,0,0,0,0,0,8,6,0,0,0.05194805194805195,0.09090909090909091
pagehelper==mybatis-pagehelper,1,0,1,1,0,0,0,0,0,0,0,0,0,0,0,0.0,0.0
palantir==stashbot,3,0,3,4,0,1,0,0,0,0,0,0,1,0,0,0.0,0.25
palladian==palladian,123,0,112,184,10,12,0,0,0,0,0,0,3,1,9,0.05434782608695652,0.06521739130434782
papenfusslab==gridss,60,0,59,160,2,8,0,0,0,0,0,0,6,0,2,0.0125,0.05
parallaxinc==blocklyprop,36,0,35,173,0,2,0,0,0,0,0,0,2,0,0,0.0,0.011560693641618497
parameterizedbuilds==parameterized-builds,2,0,2,3,3,3,0,0,0,0,0,0,0,0,3,1.0,1.0
password4j==password4j,1,0,1,5,0,0,0,0,0,0,0,0,0,0,0,0.0,0.0
patka==cassandra-migration,3,0,3,8,0,1,0,0,0,0,0,0,1,0,0,0.0,0.125
paultuckey==urlrewritefilter,8,0,8,30,0,4,0,0,0,0,0,0,4,0,0,0.0,0.13333333333333333
pbeaman==persistit,5,0,5,16,0,0,0,0,0,0,0,0,0,0,0,0.0,0.0
pelioniot==java-coap,21,0,21,53,15,22,0,0,0,0,1,0,8,0,14,0.2830188679245283,0.41509433962264153
penguin-statistics==backend,22,0,21,44,2,4,0,0,0,0,0,0,3,1,1,0.045454545454545456,0.09090909090909091
pentaho==modeler,1,0,1,2,0,0,0,0,0,0,0,0,0,0,0,0.0,0.0
pentaho==pentaho-metadata,5,0,5,13,1,1,0,0,0,0,0,0,0,0,1,0.07692307692307693,0.07692307692307693
pentaho==pentaho-platform,119,0,118,293,17,27,0,0,0,0,0,0,10,0,17,0.05802047781569966,0.09215017064846416
pentaho==pentaho-reporting,136,0,127,201,2,5,0,0,0,0,0,0,3,2,0,0.009950248756218905,0.024875621890547265
perfectsense==brightspot-cms,15,0,15,22,1,1,0,0,0,0,0,0,0,0,1,0.045454545454545456,0.045454545454545456
perfectsense==dari,30,0,29,63,5,6,0,0,0,0,0,1,1,3,1,0.07936507936507936,0.09523809523809523
performancecopilot==parfait,13,0,13,15,0,0,0,0,0,0,0,0,0,0,0,0.0,0.0
personium==personium-core,26,0,24,98,12,18,0,0,0,0,0,0,6,0,12,0.12244897959183673,0.1836734693877551
perwendel==spark,11,0,11,22,0,0,0,0,0,0,0,0,0,0,0,0.0,0.0
petterim1==nukkitpetterim1edition,21,0,18,53,0,5,0,0,0,0,0,0,5,0,0,0.0,0.09433962264150944
pf4j==pf4j,19,0,19,63,14,15,0,0,0,0,0,1,2,0,13,0.2222222222222222,0.23809523809523808
pgjdbc==r2dbc-postgresql,6,0,5,20,0,2,0,0,0,0,0,0,2,0,0,0.0,0.1
phantomthief==more-lambdas-java,3,0,3,6,0,0,0,0,0,0,0,0,0,0,0,0.0,0.0
phantomthief==simple-failover-java,8,0,7,18,0,2,0,0,0,0,0,0,2,0,0,0.0,0.1111111111111111
phenotips==phenotips,70,0,70,141,29,29,0,0,0,0,0,0,0,0,29,0.20567375886524822,0.20567375886524822
phoenicisorg==phoenicis,29,0,28,44,3,7,0,0,0,0,0,2,6,1,0,0.06818181818181818,0.1590909090909091
phoenixctms==ctsms,1,0,1,1,0,0,0,0,0,0,0,0,0,0,0,0.0,0.0
php-coder==mystamps,39,0,39,78,2,2,0,0,1,0,0,0,0,0,1,0.02564102564102564,0.02564102564102564
phybros==servertap,2,0,2,6,0,0,0,0,0,0,0,0,0,0,0,0.0,0.0
pi4j==pi4j-v2,31,0,28,258,32,40,0,0,0,12,0,0,8,0,20,0.12403100775193798,0.15503875968992248
picnicsupermarket==error-prone-support,1,0,0,0,0,0,0,0,0,0,0,0,0,0,0,0.0,0.0
picocontainer==picocontainer,6,0,6,28,0,0,0,0,0,0,0,0,0,0,0,0.0,0.0
pietermartin==sqlg,20,0,19,34,0,6,0,0,0,0,0,0,6,0,0,0.0,0.17647058823529413
pingfangushi==screw,3,0,3,8,8,8,0,0,0,0,0,0,0,8,0,1.0,1.0
pinpoint-apm==pinpoint,881,0,877,2211,212,228,0,3,0,0,1,17,33,0,191,0.09588421528720036,0.10312075983717775
pinterest==doctork,30,0,30,84,4,6,0,0,0,0,0,0,2,2,2,0.047619047619047616,0.07142857142857142
pinterest==doctorkafka,30,0,30,84,4,6,0,0,0,0,0,0,2,2,2,0.047619047619047616,0.07142857142857142
pinterest==secor,36,0,36,61,1,2,0,0,0,0,0,0,1,0,1,0.01639344262295082,0.03278688524590164
pippo-java==pippo,38,0,38,85,3,6,0,0,0,0,0,0,3,0,3,0.03529411764705882,0.07058823529411765
pircbotx==pircbotx,10,0,10,16,0,0,0,0,0,0,0,0,0,0,0,0.0,0.0
pixelsdb==pixels,25,0,24,60,2,2,0,0,0,0,0,0,0,2,0,0.03333333333333333,0.03333333333333333
pkiraly==metadata-qa-marc,32,0,31,96,1,2,1,0,0,0,0,0,1,1,0,0.010416666666666666,0.020833333333333332
playpen==playpen-core,19,0,19,85,0,0,0,0,0,0,0,0,0,0,0,0.0,0.0
playpro==coreprotect,18,0,18,24,0,0,0,0,0,0,0,0,0,0,0,0.0,0.0
playtika==aerospike-janusgraph-storage-backend,10,0,10,26,2,2,0,0,0,0,0,1,0,0,1,0.07692307692307693,0.07692307692307693
playtika==testcontainers-spring-boot,52,0,52,129,2,3,0,0,0,0,0,2,2,0,0,0.015503875968992248,0.023255813953488372
playtikaoss==testcontainers-spring-boot,52,0,52,129,2,3,0,0,0,0,0,2,2,0,0,0.015503875968992248,0.023255813953488372
plutext==docx4j,122,0,113,292,26,29,0,0,0,1,0,0,3,0,25,0.08904109589041095,0.09931506849315068
plutext==docx4j-importxhtml,5,0,5,12,0,0,0,0,0,0,0,0,0,0,0,0.0,0.0
pmd==pmd,32,0,27,72,8,9,0,0,0,0,0,0,3,0,8,0.1111111111111111,0.125
polardb==polardbx-sql,300,0,291,611,29,54,2,0,1,0,0,1,27,1,24,0.04746317512274959,0.088379705400982
polarismesh==polaris-java,46,0,46,116,1,1,0,0,0,0,0,0,0,1,0,0.008620689655172414,0.008620689655172414
polarismesh==polaris-java-agent,37,0,37,93,6,7,0,0,0,0,0,2,3,0,4,0.06451612903225806,0.07526881720430108
polarking==jss7-attack-simulator,49,0,44,88,8,21,0,0,0,0,0,1,14,0,7,0.09090909090909091,0.23863636363636365
popeen==booksonic-air,37,0,37,96,4,8,0,0,0,0,0,0,5,0,4,0.041666666666666664,0.08333333333333333
postgis==postgis-java,2,0,2,2,0,0,0,0,0,0,0,0,0,0,0,0.0,0.0
powernukkitx==powernukkitx,64,0,61,132,3,10,0,0,0,0,0,0,7,0,3,0.022727272727272728,0.07575757575757576
powsybl==powsybl-core,94,0,94,235,34,36,8,0,0,0,0,5,16,2,19,0.14468085106382977,0.15319148936170213
powsybl==powsybl-open-loadflow,22,0,21,46,8,8,0,0,0,0,0,0,0,8,0,0.17391304347826086,0.17391304347826086
poynt==postman-runner,3,0,3,10,0,1,0,0,0,0,0,0,1,0,0,0.0,0.1
ppat==storm-rabbitmq,3,0,3,14,0,0,0,0,0,0,0,0,0,0,0,0.0,0.0
pragmatists==tdd-trainings,1,0,0,0,0,0,0,0,0,0,0,0,0,0,0,0.0,0.0
prebid==prebid-server-java,50,0,50,98,6,6,0,0,0,0,0,0,0,0,6,0.061224489795918366,0.061224489795918366
premium-minds==billy,5,0,5,13,13,13,0,0,0,0,0,0,0,0,13,1.0,1.0
prestodb==presto,154,0,144,281,6,21,2,0,0,0,0,1,15,1,2,0.021352313167259787,0.07473309608540925
prestosql==presto,159,0,156,309,5,12,0,0,0,0,0,0,7,1,5,0.016181229773462782,0.038834951456310676
prevayler==prevayler,5,0,5,7,0,1,0,0,0,0,0,0,1,0,0,0.0,0.14285714285714285
prisma-capacity==cryptoshred,1,0,1,1,0,0,0,0,0,0,0,0,0,0,0,0.0,0.0
progether==jadventure,2,0,2,13,0,1,0,0,0,0,0,0,1,0,0,0.0,0.07692307692307693
programmeranthony==rocketmqc,67,0,67,192,6,10,0,0,0,0,0,0,4,6,0,0.03125,0.052083333333333336
project-ncl==pnc,84,0,84,237,2,19,0,0,0,0,0,1,17,0,1,0.008438818565400843,0.08016877637130802
project-thirdeye==thirdeye,75,0,75,192,2,8,0,0,0,0,0,0,6,1,1,0.010416666666666666,0.041666666666666664
projectodd==stilts,21,0,21,34,0,0,0,0,0,0,0,0,0,0,0,0.0,0.0
prometheus==client_java,3,0,3,5,1,1,0,0,0,0,0,0,0,0,1,0.2,0.2
prometheus==cloudwatch_exporter,2,0,2,2,0,0,0,0,0,0,0,0,0,0,0,0.0,0.0
protegeproject==owlviz,8,0,7,16,0,1,0,0,0,0,0,0,1,0,0,0.0,0.0625
protegeproject==protege,127,0,124,260,22,23,1,0,0,0,0,0,1,1,20,0.08461538461538462,0.08846153846153847
protostuff==protostuff-compiler,9,0,9,23,0,0,0,0,0,0,0,0,0,0,0,0.0,0.0
ps3mediaserver==ps3mediaserver,35,0,35,67,0,0,0,0,0,0,0,0,0,0,0,0.0,0.0
psal==jstylo,3,0,3,4,0,0,0,0,0,0,0,0,0,0,0,0.0,0.0
pschichtel==javacan,1,0,1,4,0,0,0,0,0,0,0,0,0,0,0,0.0,0.0
psi-probe==psi-probe,55,0,55,144,1,1,0,0,0,0,0,0,0,1,0,0.006944444444444444,0.006944444444444444
puppetlabs==geppetto,13,0,12,24,0,1,0,0,0,0,0,0,1,0,0,0.0,0.041666666666666664
pxlsspace==pxls,1,0,1,1,0,0,0,0,0,0,0,0,0,0,0,0.0,0.0
pyvandenbussche==sparqles,24,0,23,74,8,12,0,0,0,0,0,2,6,5,3,0.10810810810810811,0.16216216216216217
qalingo==qalingo-engine,97,0,96,269,17,26,0,0,0,0,0,0,9,0,17,0.06319702602230483,0.09665427509293681
qaprosoft==carina,48,3,44,172,2,5,0,0,0,0,0,0,3,2,0,0.011627906976744186,0.029069767441860465
qaprosoft==carina-demo,4,0,4,11,0,0,0,0,0,0,0,0,0,0,0,0.0,0.0
qbicc==qbicc,8,0,6,20,1,1,0,0,0,0,0,1,0,0,0,0.05,0.05
qiao-zhi==jwxt,64,0,64,266,0,0,0,0,0,0,0,0,0,0,0,0.0,0.0
qihoo360==quicksql,15,0,15,45,0,5,0,0,0,0,0,0,5,0,0,0.0,0.1111111111111111
qiujiayu==autoloadcache,19,0,19,45,22,24,0,0,0,0,0,0,2,0,22,0.4888888888888889,0.5333333333333333
qoomon==maven-git-versioning-extension,1,0,1,1,0,0,0,0,0,0,0,0,0,0,0,0.0,0.0
qos-ch==logback,49,0,48,115,1,1,0,0,0,0,0,0,0,1,0,0.008695652173913044,0.008695652173913044
qos-ch==reload4j,46,0,30,195,0,0,0,0,0,0,0,0,0,0,0,0.0,0.0
qos-ch==slf4j,6,0,4,8,0,0,0,0,0,0,0,0,0,0,0,0.0,0.0
quarkiverse==quarkus-cxf,7,0,7,10,0,1,0,0,0,0,0,0,1,0,0,0.0,0.1
quarkusio==quarkus-platform,16,0,16,47,0,14,0,0,0,0,0,0,14,0,0,0.0,0.2978723404255319
quartz-scheduler==quartz,25,0,15,39,6,6,0,0,0,0,0,0,0,0,6,0.15384615384615385,0.15384615384615385
querydsl==querydsl,2,0,1,2,0,1,0,0,0,0,0,0,1,0,0,0.0,0.5
quickfix-j==quickfixj,17,0,17,37,5,6,0,0,0,1,0,0,1,0,4,0.13513513513513514,0.16216216216216217
quickmsg==smqtt,41,0,41,75,2,2,0,0,0,0,0,2,0,0,0,0.02666666666666667,0.02666666666666667
quickmsg==smqttx,30,0,30,46,2,2,0,0,0,0,0,2,0,0,0,0.043478260869565216,0.043478260869565216
qunarcorp==bistoury,130,0,130,321,10,11,0,0,0,0,0,0,1,1,9,0.03115264797507788,0.03426791277258567
qunarcorp==qmq,124,0,124,291,4,4,0,0,0,0,0,2,2,0,2,0.013745704467353952,0.013745704467353952
r2dbc==r2dbc-mssql,6,0,4,12,0,0,0,0,0,0,0,0,0,0,0,0.0,0.0
rabbitmq==rabbitmq-java-client,12,0,12,23,1,1,0,0,0,0,0,0,0,1,0,0.043478260869565216,0.043478260869565216
rabbitmq==rabbitmq-perf-test,8,0,8,16,1,1,0,0,0,0,0,0,0,0,1,0.0625,0.0625
rabbitmq==rabbitmq-stream-java-client,8,0,8,29,1,1,0,0,0,0,0,0,0,1,0,0.034482758620689655,0.034482758620689655
rackerlabs==atlas-lb,132,0,131,707,5,29,3,0,0,0,0,0,25,0,2,0.007072135785007072,0.04101838755304102
rackerlabs==atom-hopper,15,0,15,23,6,7,0,0,0,0,0,0,1,0,6,0.2608695652173913,0.30434782608695654
rackerlabs==blueflood,51,0,50,140,18,36,0,0,0,0,0,1,20,1,16,0.12857142857142856,0.2571428571428571
radanalyticsio==spark-operator,5,0,5,16,1,1,0,0,0,0,0,1,1,0,0,0.0625,0.0625
radargun==radargun,150,0,150,472,8,23,0,0,0,0,0,0,15,2,6,0.01694915254237288,0.048728813559322036
radkovo==cssbox,3,0,3,11,0,0,0,0,0,0,0,0,0,0,0,0.0,0.0
radkovo==jstyleparser,4,0,4,31,0,2,0,0,0,0,0,0,2,0,0,0.0,0.06451612903225806
radsz==jacop,1,0,0,0,0,0,0,0,0,0,0,0,0,0,0,0.0,0.0
ragnor==simple-spring-memcached,19,0,19,38,0,2,0,0,0,0,0,0,2,0,0,0.0,0.05263157894736842
rakam-io==rakam-api,10,0,10,23,2,2,0,0,0,0,0,1,0,0,1,0.08695652173913043,0.08695652173913043
ralscha==extdirectspring,1,0,1,1,0,0,0,0,0,0,0,0,0,0,0,0.0,0.0
raml-org==raml-java-parser,4,0,4,15,0,0,0,0,0,0,0,0,0,0,0,0.0,0.0
rapid7==le_java,2,0,2,4,0,0,0,0,0,0,0,0,0,0,0,0.0,0.0
rapiddweller==rapiddweller-benerator-ce,60,0,59,90,4,6,0,0,0,0,0,1,2,1,2,0.044444444444444446,0.06666666666666667
rapidoid==rapidoid,36,0,34,87,1,1,0,0,0,0,0,1,1,0,0,0.011494252873563218,0.011494252873563218
rapla==rapla,62,0,57,118,30,35,0,0,0,0,0,0,5,0,30,0.2542372881355932,0.2966101694915254
rasto==lcmc,10,0,5,17,0,0,0,0,0,0,0,0,0,0,0,0.0,0.0
rax-maas==blueflood,51,0,50,140,18,36,0,0,0,0,0,1,20,1,16,0.12857142857142856,0.2571428571428571
raykrueger==hibernate-memcached,7,0,7,19,0,0,0,0,0,0,0,0,0,0,0,0.0,0.0
rayo==rayo-server,44,0,44,158,20,25,0,0,0,0,0,0,5,0,20,0.12658227848101267,0.15822784810126583
rayokota==kcache,3,0,3,6,0,0,0,0,0,0,0,0,0,0,0,0.0,0.0
rbkmoney==fraudbusters,74,0,74,165,5,5,0,0,0,0,0,0,0,1,4,0.030303030303030304,0.030303030303030304
rbmhtechnology==vind,24,0,24,48,8,9,0,0,0,0,0,2,1,1,5,0.16666666666666666,0.1875
rcsb==symmetry,6,0,6,15,0,0,0,0,0,0,0,0,0,0,0,0.0,0.0
rdfhdt==hdt-java,11,0,10,20,0,0,0,0,0,0,0,0,0,0,0,0.0,0.0
reactiverse==vertx-maven-plugin,11,0,10,25,0,1,0,0,0,0,0,0,1,0,0,0.0,0.04
realrolfje==anonimatron,6,0,6,8,0,0,0,0,0,0,0,0,0,0,0,0.0,0.0
red5==red5-server,80,0,77,352,9,16,0,0,0,4,0,3,10,0,2,0.02556818181818182,0.045454545454545456
red6==pdfcompare,7,0,7,14,0,0,0,0,0,0,0,0,0,0,0,0.0,0.0
redborder==cep,9,0,9,15,0,0,0,0,0,0,0,0,0,0,0,0.0,0.0
redfx-quantum==strange,1,0,0,0,0,0,0,0,0,0,0,0,0,0,0,0.0,0.0
redis==jedis,4,0,4,8,0,0,0,0,0,0,0,0,0,0,0,0.0,0.0
redouane59==twittered,8,0,8,16,5,5,0,1,0,0,0,0,0,1,4,0.3125,0.3125
ree6-applications==ree6,12,0,12,31,0,0,0,0,0,0,0,0,0,0,0,0.0,0.0
regunathb==trooper,29,0,28,95,5,6,0,0,0,0,0,0,1,0,5,0.05263157894736842,0.06315789473684211
release-engineering==pom-manipulation-ext,21,0,21,64,2,2,0,0,0,0,0,0,0,0,2,0.03125,0.03125
remoting==dubbox,98,0,96,270,112,120,0,0,0,0,0,2,11,0,110,0.4148148148148148,0.4444444444444444
renepickhardt==generalized-language-modeling-toolkit,5,0,5,19,0,0,0,0,0,0,0,0,0,0,0,0.0,0.0
renttherunway==alchemy,1,0,1,1,0,0,0,0,0,0,0,0,0,0,0,0.0,0.0
rest-assured==rest-assured,3,0,1,1,0,0,0,0,0,0,0,0,0,0,0,0.0,0.0
rest-driver==rest-driver,1,0,1,2,0,0,0,0,0,0,0,0,0,0,0,0.0,0.0
restcomm==jss7,47,0,41,88,9,23,0,0,0,0,0,1,15,0,8,0.10227272727272728,0.26136363636363635
restcomm==media-core,45,0,44,92,6,14,0,0,0,0,2,1,9,0,3,0.06521739130434782,0.15217391304347827
restcomm==sctp,3,0,3,31,0,0,0,0,0,0,0,0,0,0,0,0.0,0.0
restcomm==sip-servlets,99,0,96,378,3,15,0,0,0,0,0,0,12,1,2,0.007936507936507936,0.03968253968253968
restcomm==smscgateway,28,0,26,80,0,3,0,0,0,0,0,0,3,0,0,0.0,0.0375
restcomm==ussdgateway,6,0,6,15,0,1,0,0,0,0,0,0,1,0,0,0.0,0.06666666666666667
resteasy==resteasy,229,0,224,713,7,44,0,0,0,0,0,0,37,0,7,0.009817671809256662,0.061711079943899017
restfb==restfb,2,0,2,7,0,0,0,0,0,0,0,0,0,0,0,0.0,0.0
resthub==resthub-spring-stack,5,0,5,11,5,5,0,4,0,0,0,0,0,1,0,0.45454545454545453,0.45454545454545453
resthub==springmvc-router,2,0,2,4,0,0,0,0,0,0,0,0,0,0,0,0.0,0.0
restx==restx,25,1,24,48,4,4,0,0,0,0,0,0,0,0,4,0.08333333333333333,0.08333333333333333
retel-io==ari-proxy,6,0,6,17,0,0,0,0,0,0,0,0,0,0,0,0.0,0.0
retest==recheck,42,0,42,113,2,2,0,0,0,0,0,0,0,1,1,0.017699115044247787,0.017699115044247787
revelc==formatter-maven-plugin,4,0,4,11,0,0,0,0,0,0,0,0,0,0,0,0.0,0.0
rfoltyns==log4j2-elasticsearch,35,0,35,94,7,7,0,0,0,0,0,0,0,0,7,0.07446808510638298,0.07446808510638298
rh-jmc-team==container-jfr,20,0,20,33,1,2,0,0,0,0,0,1,1,0,0,0.030303030303030304,0.06060606060606061
rhq-project==rhq,450,0,440,958,23,44,0,0,0,0,4,1,22,14,4,0.024008350730688934,0.04592901878914405
ribasco==async-gamequery-lib,31,0,30,67,11,11,0,0,0,2,0,0,0,0,9,0.16417910447761194,0.16417910447761194
richardwarburton==lambda-behave,3,0,1,3,0,0,0,0,0,0,0,0,0,0,0,0.0,0.0
richardwilly98==elasticsearch-river-mongodb,7,0,6,25,0,0,0,0,0,0,0,0,0,0,0,0.0,0.0
richfaces4==showcase,6,0,6,13,3,3,0,0,0,0,0,0,0,0,3,0.23076923076923078,0.23076923076923078
rickfast==consul-client,2,0,2,2,0,0,0,0,0,0,0,0,0,0,0,0.0,0.0
rieckpil==testing-spring-boot-applications-masterclass,5,0,5,12,0,0,0,0,0,0,0,0,0,0,0,0.0,0.0
rinde==rinsim,5,0,5,18,0,0,0,0,0,0,0,0,0,0,0,0.0,0.0
ripe-ncc==whois,143,0,141,315,20,29,0,0,0,0,1,1,9,1,18,0.06349206349206349,0.09206349206349207
ripmeapp==ripme,55,0,55,119,2,4,0,0,0,0,0,0,2,0,2,0.01680672268907563,0.03361344537815126
rmlio==rml-mapper,1,0,1,1,0,0,0,0,0,0,0,0,0,0,0,0.0,0.0
rmpestano==cukedoctor,6,0,6,13,0,0,0,0,0,0,0,0,0,0,0,0.0,0.0
rnewson==couchdb-lucene,5,0,5,11,0,0,0,0,0,0,0,0,0,0,0,0.0,0.0
robeio==robe,30,0,30,71,1,12,0,0,0,0,0,0,11,0,1,0.014084507042253521,0.16901408450704225
robert-bor==csveed,10,0,10,18,0,0,0,0,0,0,0,0,0,0,0,0.0,0.0
robertstewart==log4mongo-java,4,0,1,2,0,0,0,0,0,0,0,0,0,0,0,0.0,0.0
roboconf==roboconf-platform,7,0,7,22,0,1,0,0,0,0,0,0,1,0,0,0.0,0.045454545454545456
robozonky==robozonky,96,0,96,335,0,13,0,0,0,0,0,0,13,0,0,0.0,0.03880597014925373
rockt==seth,4,0,4,4,0,0,0,0,0,0,0,0,0,0,0,0.0,0.0
rohannagar==thunder,20,0,20,43,0,0,0,0,0,0,0,0,0,0,0,0.0,0.0
rometools==rome,17,0,15,36,0,0,0,0,0,0,0,0,0,0,0,0.0,0.0
roncoo==roncoo-pay,63,1,61,198,3,7,0,2,0,0,0,1,4,0,0,0.015151515151515152,0.03535353535353535
ronenhamias==scalecube-services,9,0,9,23,3,5,0,0,0,0,0,0,2,0,3,0.13043478260869565,0.21739130434782608
ronmamo==reflections,3,0,3,3,0,0,0,0,0,0,0,0,0,0,0,0.0,0.0
rosette-api==rosette-elasticsearch-plugin,6,0,6,7,0,0,0,0,0,0,0,0,0,0,0,0.0,0.0
rrd4j==rrd4j,3,0,0,0,0,0,0,0,0,0,0,0,0,0,0,0.0,0.0
rschreijer==lutung,3,0,3,8,0,1,0,0,0,0,0,0,1,0,0,0.0,0.125
rstoyanchev==spring-websocket-portfolio,3,0,3,4,0,0,0,0,0,0,0,0,0,0,0,0.0,0.0
rtyley==mini-git-server,8,0,8,14,0,0,0,0,0,0,0,0,0,0,0,0.0,0.0
rub-nds==professos,24,0,24,104,0,2,0,0,0,0,0,0,2,0,0,0.0,0.019230769230769232
rub-nds==ws-attacker,35,0,33,54,1,3,0,0,0,0,0,0,3,0,1,0.018518518518518517,0.05555555555555555
rubencasado==flink-kudu,2,0,2,3,0,0,0,0,0,0,0,0,0,0,0,0.0,0.0
rubenlagus==telegrambots,5,0,5,8,2,2,0,0,0,0,0,0,0,0,2,0.25,0.25
rudikershaw==git-build-hook,3,0,3,7,0,0,0,0,0,0,0,0,0,0,0,0.0,0.0
rundeck-plugins==rundeck-winrm-plugin,2,0,0,0,0,0,0,0,0,0,0,0,0,0,0,0.0,0.0
runelite==launcher,6,0,6,12,0,0,0,0,0,0,0,0,0,0,0,0.0,0.0
runelite==runelite,60,0,60,128,0,0,0,0,0,0,0,0,0,0,0,0.0,0.0
rws==dxa-web-application-java,66,0,66,193,5,7,0,0,0,0,0,1,3,0,4,0.025906735751295335,0.03626943005181347
rws==odata,50,0,50,107,0,2,0,0,0,0,0,0,2,0,0,0.0,0.018691588785046728
rws==testy,37,0,35,86,3,11,0,0,0,0,0,0,9,3,0,0.03488372093023256,0.12790697674418605
rwth-i5-idsg==steve,22,0,22,47,0,0,0,0,0,0,0,0,0,0,0,0.0,0.0
ryantenney==metrics-spring,13,0,13,30,2,2,0,0,0,0,0,0,2,2,0,0.06666666666666667,0.06666666666666667
rymcu==forest,15,0,15,43,6,7,0,0,0,0,0,5,2,1,0,0.13953488372093023,0.16279069767441862
s4u==pgpverify-maven-plugin,3,0,3,6,0,2,0,0,0,0,0,0,2,0,0,0.0,0.3333333333333333
s7==scale7-pelops,8,0,8,24,0,0,0,0,0,0,0,0,0,0,0,0.0,0.0
saalfeldlab==paintera,64,0,64,132,5,6,0,0,0,0,0,2,3,0,3,0.03787878787878788,0.045454545454545456
sable==heros,4,0,1,1,1,1,0,0,0,0,0,0,0,0,1,1.0,1.0
sable==soot,80,0,68,119,14,19,0,0,0,0,0,0,5,0,14,0.11764705882352941,0.15966386554621848
sachin-handiekar==jinstagram,3,0,3,9,0,0,0,0,0,0,0,0,0,0,0,0.0,0.0
safeexambrowser==seb-server,90,0,87,297,2,3,0,0,0,0,0,1,2,0,1,0.006734006734006734,0.010101010101010102
sage-bionetworks==synapse-repository-services,87,0,87,177,30,52,0,0,0,0,0,0,22,6,24,0.1694915254237288,0.2937853107344633
salesforce-marketingcloud==fuelsdk-java,1,0,1,2,0,0,0,0,0,0,0,0,0,0,0,0.0,0.0
salesforce==apollo,27,0,26,97,5,8,0,0,0,0,0,0,3,1,4,0.05154639175257732,0.08247422680412371
salesforce==cantor,19,0,19,46,1,1,0,0,0,0,0,0,0,1,0,0.021739130434782608,0.021739130434782608
saml-toolkits==java-saml,2,0,2,4,0,0,0,0,0,0,0,0,0,0,0,0.0,0.0
samskivert==samskivert,17,0,14,33,0,1,0,0,0,0,0,0,1,0,0,0.0,0.030303030303030304
samsung==restful,8,0,8,55,0,0,0,0,0,0,0,0,0,0,0,0.0,0.0
samuelcampos==usbdrivedetector,8,0,8,15,9,9,0,0,0,0,0,0,0,0,9,0.6,0.6
sanaehirotaka==logbook-kai,37,0,37,97,0,7,0,0,0,0,0,0,7,0,0,0.0,0.07216494845360824
sandflow==regxmllib,1,0,1,2,0,0,0,0,0,0,0,0,0,0,0,0.0,0.0
sane-city==wot-servient,34,0,34,69,0,0,0,0,0,0,0,0,0,0,0,0.0,0.0
sanger-pathogens==artemis,8,0,6,20,0,0,0,0,0,0,0,0,0,0,0,0.0,0.0
sanity==quickml,24,0,16,33,2,8,0,0,0,0,0,0,6,0,2,0.06060606060606061,0.24242424242424243
sanyueruanjian==smpe-admin,25,0,25,81,5,8,0,0,0,0,0,0,3,0,5,0.06172839506172839,0.09876543209876543
sap-archive==xsk,61,0,61,159,13,13,0,0,0,0,0,1,0,0,12,0.08176100628930817,0.08176100628930817
sap-samples==cloud-espm-cloud-native,18,0,18,53,0,0,0,0,0,0,0,0,0,0,0,0.0,0.0
sap==cf-java-logging-support,26,0,26,57,1,2,0,0,0,0,0,0,1,0,1,0.017543859649122806,0.03508771929824561
sap==cloud-odata-java,3,0,3,6,0,0,0,0,0,0,0,0,0,0,0,0.0,0.0
sap==cloud-security-xsuaa-integration,46,0,46,83,3,4,0,0,0,0,0,0,1,0,3,0.03614457831325301,0.04819277108433735
sap==devops-cm-client,6,0,6,19,1,1,0,0,0,0,0,0,0,0,1,0.05263157894736842,0.05263157894736842
sap==fosstars-rating-core,54,0,54,102,1,3,0,0,0,0,0,0,2,0,1,0.00980392156862745,0.029411764705882353
sap==xsk,61,0,61,159,13,13,0,0,0,0,0,1,0,0,12,0.08176100628930817,0.08176100628930817
sapmentors==lemonaid,13,0,13,21,4,4,0,0,0,0,0,0,0,4,0,0.19047619047619047,0.19047619047619047
sarxos==webcam-capture,37,0,37,95,4,4,0,0,0,0,0,0,0,0,4,0.042105263157894736,0.042105263157894736
sbaudoin==sonar-yaml,5,0,5,10,0,0,0,0,0,0,0,0,0,0,0,0.0,0.0
sboesebeck==morphium,19,0,15,25,2,2,1,0,0,0,0,0,0,0,1,0.08,0.08
sbtourist==journal.io,1,0,1,6,0,0,0,0,0,0,0,0,0,0,0,0.0,0.0
sbtqa==page-factory-2,35,0,34,53,0,1,0,0,0,0,0,0,1,0,0,0.0,0.018867924528301886
scacap==spring-auto-restdocs,6,0,6,8,0,0,0,0,0,0,0,0,0,0,0,0.0,0.0
scalecube==scalecube-cluster,1,0,1,12,1,4,0,0,0,0,0,0,3,0,1,0.08333333333333333,0.3333333333333333
scalecube==scalecube-services,12,0,11,25,0,11,0,0,0,0,0,0,11,0,0,0.0,0.44
scalecube==socketio,12,0,12,31,0,0,0,0,0,0,0,0,0,0,0,0.0,0.0
scaleunlimited==cascading.utils,7,0,7,23,1,1,0,0,0,0,0,0,0,0,1,0.043478260869565216,0.043478260869565216
schic==dqcs,168,0,157,343,7,8,0,0,0,0,0,4,5,1,2,0.02040816326530612,0.023323615160349854
schrum2==mm-neat,18,0,14,24,2,3,1,0,0,0,0,0,1,0,1,0.08333333333333333,0.125
scireum==sirius-kernel,10,0,10,20,0,1,0,0,0,0,0,0,1,0,0,0.0,0.05
scobal==seyren,22,0,22,67,0,3,0,0,0,0,0,0,3,0,0,0.0,0.04477611940298507
scoooooott==tinypornmanager,64,0,64,177,2,9,0,0,0,0,0,0,7,1,1,0.011299435028248588,0.05084745762711865
scoophealth==oscar,584,0,571,1572,18,59,0,1,1,0,0,1,45,3,12,0.011450381679389313,0.037531806615776084
scout24==deadcode4j,24,0,24,76,2,2,0,0,0,0,0,0,0,0,2,0.02631578947368421,0.02631578947368421
scout24==yum-repo-server,23,0,23,72,0,2,0,0,0,0,0,0,2,0,0,0.0,0.027777777777777776
scouter-project==scouter,19,0,14,27,1,2,0,0,0,0,0,0,1,0,1,0.037037037037037035,0.07407407407407407
scrin==ruuvicollector,3,0,3,17,2,2,0,0,0,0,0,2,2,0,0,0.11764705882352941,0.11764705882352941
sd4324530==fastweixin,20,0,20,64,2,2,0,0,0,0,0,2,0,0,0,0.03125,0.03125
sdl==dxa-web-application-java,66,0,66,193,5,7,0,0,0,0,0,1,3,0,4,0.025906735751295335,0.03626943005181347
sdl==testy,37,0,35,86,3,11,0,0,0,0,0,0,9,3,0,0.03488372093023256,0.12790697674418605
seam==solder,15,0,15,31,0,3,0,0,0,0,0,0,3,0,0,0.0,0.0967741935483871
searchbox-io==jest,8,0,8,23,0,0,0,0,0,0,0,0,0,0,0,0.0,0.0
searls==jasmine-maven-plugin,7,0,7,12,0,0,0,0,0,0,0,0,0,0,0,0.0,0.0
seata==seata,117,0,117,308,45,53,0,0,0,0,0,4,11,1,40,0.1461038961038961,0.17207792207792208
seata==seata-samples,38,0,38,67,0,5,0,0,0,0,0,0,5,0,0,0.0,0.07462686567164178
sebastiangraf==jscsi,20,0,19,58,1,6,0,0,0,1,0,0,5,1,0,0.017241379310344827,0.10344827586206896
sebfz1==wicket-jquery-ui,28,0,16,20,10,10,0,0,0,0,0,0,0,0,10,0.5,0.5
sebthom==oval,28,0,27,49,0,0,0,0,0,0,0,0,0,0,0,0.0,0.0
secure-device-onboard==pri-fidoiot,50,0,49,148,0,7,0,0,0,0,0,0,7,0,0,0.0,0.0472972972972973
secure-software-engineering==flowdroid,17,0,17,33,3,3,0,0,0,0,0,0,0,3,0,0.09090909090909091,0.09090909090909091
seedstack==seed,61,0,61,175,4,7,0,0,0,0,0,0,3,1,3,0.022857142857142857,0.04
seleniumkit==gridrouter,5,0,5,19,0,1,0,0,0,0,0,0,1,0,0,0.0,0.05263157894736842
sematext==sematext-agent-java,91,0,90,200,3,13,0,0,0,0,0,0,10,2,1,0.015,0.065
sematext==solr-redis,24,0,24,31,2,2,0,0,0,0,0,0,0,2,0,0.06451612903225806,0.06451612903225806
semuxproject==semux-core,28,0,28,79,21,22,0,2,0,0,2,0,1,17,0,0.26582278481012656,0.27848101265822783
senbox-org==snap-engine,39,0,35,76,6,13,0,1,0,0,0,0,7,2,3,0.07894736842105263,0.17105263157894737
sepinf-inc==iped,45,0,45,91,10,23,0,0,0,0,0,2,13,4,4,0.10989010989010989,0.25274725274725274
sequenceiq==sequenceiq-samples,16,0,16,49,1,1,0,0,0,0,0,0,0,1,0,0.02040816326530612,0.02040816326530612
seqware==seqware,73,1,71,202,2,5,0,0,0,0,0,0,3,0,2,0.009900990099009901,0.024752475247524754
sernet==verinice,401,0,388,1318,9,19,0,0,0,0,0,2,13,5,2,0.006828528072837633,0.014415781487101669
serverlessworkflow==sdk-java,20,0,20,29,0,3,0,0,0,0,0,0,3,0,0,0.0,0.10344827586206896
shafthq==shaft_engine,3,0,1,1,0,1,0,0,0,0,0,0,1,0,0,0.0,1.0
shanebeestudios==mcdeob,1,0,1,4,0,0,0,0,0,0,0,0,0,0,0,0.0,0.0
shifuml==guagua,30,0,30,92,29,36,0,0,0,0,0,2,9,18,10,0.31521739130434784,0.391304347826087
shilad==wikibrain,58,0,57,142,2,5,1,0,0,0,0,0,3,2,0,0.014084507042253521,0.035211267605633804
shimeo98==discordwhitelisterspigot,10,0,9,24,0,0,0,0,0,0,0,0,0,0,0,0.0,0.0
shopfly-ecommerce==shopfly,93,0,84,169,6,12,0,0,0,0,0,0,6,0,6,0.03550295857988166,0.07100591715976332
shred==acme4j,3,0,3,4,0,0,0,0,0,0,0,0,0,0,0,0.0,0.0
shuxianfeng==movision,137,0,135,1047,6,38,0,0,0,0,0,1,32,0,5,0.0057306590257879654,0.03629417382999045
sialcasa==mvvmfx,6,0,5,8,0,0,0,0,0,0,0,0,0,0,0,0.0,0.0
siddhi-io==siddhi,24,0,24,48,18,20,0,0,0,0,0,4,4,3,11,0.375,0.4166666666666667
sidn==entrada,32,0,32,116,1,1,0,0,0,0,0,0,0,1,0,0.008620689655172414,0.008620689655172414
sigmah-dev==sigmah,111,0,107,232,0,3,0,0,0,0,0,0,3,0,0,0.0,0.01293103448275862
signalapp==signal-server,57,0,57,115,3,3,0,0,0,0,0,0,0,1,2,0.02608695652173913,0.02608695652173913
signalapp==storage-service,10,0,10,16,0,0,0,0,0,0,0,0,0,0,0,0.0,0.0
signalfx==signalfx-java,4,0,4,5,0,0,0,0,0,0,0,0,0,0,0,0.0,0.0
silentbalanceyh==vertx-zero,405,0,396,799,33,128,0,0,0,0,0,27,96,1,5,0.04130162703379224,0.16020025031289112
silverthings==silverware,23,0,22,83,1,1,0,0,0,0,0,0,0,0,1,0.012048192771084338,0.012048192771084338
simplesourcing==simplesource,7,0,7,12,0,0,0,0,0,0,0,0,0,0,0,0.0,0.0
sinnerschrader==aem-react,4,0,4,15,0,0,0,0,0,0,0,0,0,0,0,0.0,0.0
sirensolutions==siren-join,9,0,9,15,2,2,0,0,0,0,0,2,2,0,0,0.13333333333333333,0.13333333333333333
sismics==reader,26,0,24,56,3,12,0,0,0,0,0,0,9,3,0,0.05357142857142857,0.21428571428571427
skadistats==clarity,6,0,6,7,0,0,0,0,0,0,0,0,0,0,0,0.0,0.0
skalogs==skaetl,58,0,57,142,1,8,0,0,0,0,0,0,7,0,1,0.007042253521126761,0.056338028169014086
skjolber==mockito-soap-cxf,2,0,2,4,0,0,0,0,0,0,0,0,0,0,0,0.0,0.0
skroutz==elasticsearch-analysis-turkishstemmer,1,0,1,5,0,0,0,0,0,0,0,0,0,0,0,0.0,0.0
skuzzle==restrict-imports-enforcer-rule,4,0,4,15,0,0,0,0,0,0,0,0,0,0,0,0.0,0.0
slackapi==java-slack-sdk,94,0,94,206,38,39,0,0,0,0,0,3,1,0,35,0.18446601941747573,0.18932038834951456
smallrye==smallrye-reactive-messaging,9,0,7,9,0,0,0,0,0,0,0,0,0,0,0,0.0,0.0
smallrye==smallrye-stork,4,0,4,11,0,0,0,0,0,0,0,0,0,0,0,0.0,0.0
smart-doc-group==smart-doc-example-cn,7,0,7,25,7,7,0,0,0,0,0,7,0,0,0,0.28,0.28
smartbear==soapui,68,0,63,125,10,20,0,0,0,0,0,0,10,1,9,0.08,0.16
smartcat-labs==cassandra-diagnostics,27,0,27,106,1,7,0,0,0,0,0,0,6,0,1,0.009433962264150943,0.0660377358490566
smartdataanalytics==dl-learner,63,0,54,184,7,12,0,0,0,0,0,0,5,3,4,0.03804347826086957,0.06521739130434782
smartdataanalytics==jena-sparql-api,66,0,58,98,1,1,0,0,0,0,0,1,1,0,0,0.01020408163265306,0.01020408163265306
smarthomej==addons,109,1,107,347,3,7,0,0,0,0,0,0,4,0,3,0.008645533141210375,0.020172910662824207
smartrics==restfixture,2,0,2,9,0,0,0,0,0,0,0,0,0,0,0,0.0,0.0
smartsheet-platform==smartsheet-java-sdk,2,0,2,2,0,0,0,0,0,0,0,0,0,0,0,0.0,0.0
smooks==smooks,15,0,15,26,3,3,0,0,0,0,0,0,0,1,2,0.11538461538461539,0.11538461538461539
snailclimb==guide-rpc-framework,21,0,21,54,0,3,0,0,0,0,0,0,3,0,0,0.0,0.05555555555555555
snazy==ohc,1,0,1,1,0,0,0,0,0,0,0,0,0,0,0,0.0,0.0
sngular==kloadgen,14,0,14,20,2,2,0,0,0,0,0,0,0,0,2,0.1,0.1
sniffy==sniffy,15,0,14,99,0,0,0,0,0,0,0,0,0,0,0,0.0,0.0
snowflakedb==snowflake-ingest-java,4,0,4,15,0,0,0,0,0,0,0,0,0,0,0,0.0,0.0
snowflakedb==snowflake-jdbc,17,0,15,46,3,11,0,0,0,0,0,1,11,0,2,0.06521739130434782,0.2391304347826087
snowflakedb==snowflake-kafka-connector,8,0,8,34,0,5,0,0,0,0,0,0,5,0,0,0.0,0.14705882352941177
snuspl==cruise,66,0,66,152,3,4,0,0,0,0,0,1,2,2,0,0.019736842105263157,0.02631578947368421
snuspl==nemo,17,0,17,38,0,2,0,0,0,0,0,0,2,0,0,0.0,0.05263157894736842
soapcanfly==tinypornmanager,64,0,64,177,2,9,0,0,0,0,0,0,7,1,1,0.011299435028248588,0.05084745762711865
soartech==jsoar,24,0,23,57,6,6,0,0,0,0,0,0,0,0,6,0.10526315789473684,0.10526315789473684
sobotics==guttenberg,26,0,26,123,0,0,0,0,0,0,0,0,0,0,0,0.0,0.0
socialsensor==graphdb-benchmarks,4,0,3,5,0,0,0,0,0,0,0,0,0,0,0,0.0,0.0
societe-generale==arch-unit-build-plugin-core,4,0,4,17,0,5,0,0,0,0,0,0,5,0,0,0.0,0.29411764705882354
sofastack==sofa-bolt,23,0,23,48,17,19,0,0,0,0,16,0,2,0,1,0.3541666666666667,0.3958333333333333
sofastack==sofa-common-tools,9,0,9,29,2,3,0,1,0,0,0,0,2,1,1,0.06896551724137931,0.10344827586206896
sofastack==sofa-jraft,91,0,91,203,1,10,0,0,0,0,0,0,9,0,1,0.0049261083743842365,0.04926108374384237
sofastack==sofa-registry,146,0,146,459,16,20,0,0,0,0,0,0,4,7,10,0.034858387799564274,0.04357298474945534
sofastack==sofa-tracer,19,0,19,43,4,4,0,0,0,0,0,0,0,0,4,0.09302325581395349,0.09302325581395349
softindex==datakernel,26,0,25,55,2,3,0,0,0,0,0,1,1,0,1,0.03636363636363636,0.05454545454545454
softwaremill==softwaremill-common,23,0,23,53,2,5,0,0,0,0,0,2,5,0,0,0.03773584905660377,0.09433962264150944
sohutv==cachecloud,91,0,90,494,170,176,0,0,0,0,0,0,6,18,152,0.3441295546558704,0.3562753036437247
sohutv==mqcloud,117,0,117,412,27,30,0,0,0,0,0,1,4,24,2,0.06553398058252427,0.07281553398058252
solita==kansalaisaloite,15,0,14,30,1,5,0,0,0,0,0,0,4,0,1,0.03333333333333333,0.16666666666666666
sonar-next==sonar-swift,41,0,40,79,0,1,0,0,0,0,0,0,1,0,0,0.0,0.012658227848101266
sonarqubecommunity==sonar-pdf-report,10,0,10,32,0,1,0,0,0,0,0,0,1,0,0,0.0,0.03125
sonarsource==sonar-css,5,0,5,10,0,2,0,0,0,0,0,0,2,0,0,0.0,0.2
sonarsource==sonar-java,54,0,50,123,0,2,0,0,0,0,0,0,2,0,0,0.0,0.016260162601626018
sonarsource==sonarlint-core,84,0,83,188,2,5,0,0,0,0,0,1,3,1,0,0.010638297872340425,0.026595744680851064
sonarsource==sonarlint-language-server,12,0,10,23,0,0,0,0,0,0,0,0,0,0,0,0.0,0.0
sonatype==nexus-maven-plugins,22,0,22,70,8,9,0,0,0,0,0,8,9,0,0,0.11428571428571428,0.12857142857142856
sonatype==nexus-public,440,0,439,1034,20,36,3,0,0,0,0,2,17,3,13,0.019342359767891684,0.03481624758220503
sonatype==sisu,2,0,0,0,0,0,0,0,0,0,0,0,0,0,0,0.0,0.0
sonian==elasticsearch-jetty,5,0,4,19,0,0,0,0,0,0,0,0,0,0,0,0.0,0.0
soniccloudorg==sonic-agent,27,0,25,67,0,3,0,0,0,0,0,0,3,0,0,0.0,0.04477611940298507
sonyxperiadev==gerrit-events,7,0,7,15,0,0,0,0,0,0,0,0,0,0,0,0.0,0.0
soot-oss==soot,80,0,68,119,14,19,0,0,0,0,0,0,5,0,14,0.11764705882352941,0.15966386554621848
soot-oss==sootup,3,0,3,7,0,0,0,0,0,0,0,0,0,0,0,0.0,0.0
soulgalore==jdbcmetrics,2,0,2,2,0,2,0,0,0,0,0,0,2,0,0,0.0,1.0
soulwing==tnm4j,3,0,3,17,1,1,0,0,0,0,0,0,1,0,1,0.058823529411764705,0.058823529411764705
sourcelaborg==kafka-connect-client,1,0,1,1,1,1,0,0,0,0,0,0,0,0,1,1.0,1.0
sparkpost==java-sparkpost,15,0,15,28,0,0,0,0,0,0,0,0,0,0,0,0.0,0.0
spdb-opensource==harrier,34,0,30,124,10,22,0,0,0,0,0,1,13,1,8,0.08064516129032258,0.1774193548387097
spdx==tools,7,0,7,19,0,0,0,0,0,0,0,0,0,0,0,0.0,0.0
spearce==jgit,4,0,3,3,1,1,0,0,0,0,0,0,0,0,1,0.3333333333333333,0.3333333333333333
spigotmc==bungeecord,14,0,11,29,0,0,0,0,0,0,0,0,0,0,0,0.0,0.0
splicemachine==spliceengine,163,0,82,221,8,16,1,0,0,0,0,6,14,0,1,0.03619909502262444,0.07239819004524888
splitet==splitet,23,0,23,65,19,32,0,0,0,0,0,0,15,0,19,0.2923076923076923,0.49230769230769234
splitet==splitetframework,23,0,23,65,19,32,0,0,0,0,0,0,15,0,19,0.2923076923076923,0.49230769230769234
splunk==kafka-connect-splunk,4,0,4,7,1,1,0,0,0,0,0,0,1,0,1,0.14285714285714285,0.14285714285714285
splunk==splunk-library-javalogging,1,0,0,0,0,0,0,0,0,0,0,0,0,0,0,0.0,0.0
spoonlabs==astor,74,0,58,164,4,8,0,0,0,0,0,3,6,1,0,0.024390243902439025,0.04878048780487805
spoonlabs==coming,11,0,10,29,0,1,0,0,0,0,0,0,1,0,0,0.0,0.034482758620689655
spoonlabs==gumtree-spoon-ast-diff,6,0,6,8,0,0,0,0,0,0,0,0,0,0,0,0.0,0.0
spotbugs==sonar-findbugs,3,0,3,8,0,0,0,0,0,0,0,0,0,0,0,0.0,0.0
spotify-web-api-java==spotify-web-api-java,5,0,5,5,0,0,0,0,0,0,0,0,0,0,0,0.0,0.0
spotify==apollo,16,0,16,29,2,2,0,1,0,0,0,0,1,1,0,0.06896551724137931,0.06896551724137931
spotify==bigtable-autoscaler,10,0,10,21,1,2,0,0,0,0,0,0,1,1,0,0.047619047619047616,0.09523809523809523
spotify==dbeam,9,0,9,16,3,4,0,0,0,0,0,0,1,3,0,0.1875,0.25
spotify==dns-java,3,0,3,6,3,3,0,0,0,0,0,0,0,0,3,0.5,0.5
spotify==docker-client,7,0,7,8,0,0,0,0,0,0,0,0,0,0,0,0.0,0.0
spotify==docker-maven-plugin,2,0,2,7,0,1,0,0,0,0,0,0,1,0,0,0.0,0.14285714285714285
spotify==ffwd,18,0,17,36,1,2,0,0,0,0,0,0,1,0,1,0.027777777777777776,0.05555555555555555
spotify==flo,13,0,13,38,2,2,0,0,2,0,0,0,0,0,0,0.05263157894736842,0.05263157894736842
spotify==github-java-client,3,0,3,4,0,0,0,0,0,0,0,0,0,0,0,0.0,0.0
spotify==helios,33,0,33,95,3,4,0,0,1,0,0,0,1,0,2,0.031578947368421054,0.042105263157894736
spotify==hype,3,0,2,2,0,0,0,0,0,0,0,0,0,0,0,0.0,0.0
spotify==logging-java,1,0,1,1,0,0,0,0,0,0,0,0,0,0,0,0.0,0.0
spotify==semantic-metrics,2,0,2,3,0,0,0,0,0,0,0,0,0,0,0,0.0,0.0
spotify==sparkey-java,1,0,1,3,0,0,0,0,0,0,0,0,0,0,0,0.0,0.0
spotify==spydra,10,0,10,20,2,2,0,0,0,0,0,2,0,0,0,0.1,0.1
spotify==styx,27,0,27,76,4,5,0,0,0,0,0,0,1,0,4,0.05263157894736842,0.06578947368421052
spring-attic==spring-batch-admin,9,0,9,19,0,0,0,0,0,0,0,0,0,0,0,0.0,0.0
spring-attic==spring-cloud-aws,13,0,13,20,0,0,0,0,0,0,0,0,0,0,0,0.0,0.0
spring-attic==spring-cloud-gcp,23,0,23,45,0,1,0,0,0,0,0,0,1,0,0,0.0,0.022222222222222223
spring-attic==spring-roo,14,0,14,40,1,2,0,0,0,0,0,0,1,0,1,0.025,0.05
spring-attic==spring-security-oauth,11,0,11,20,0,1,0,0,0,0,0,0,1,0,0,0.0,0.05
spring-cloud==spring-cloud-aws,13,0,13,20,0,0,0,0,0,0,0,0,0,0,0,0.0,0.0
spring-cloud==spring-cloud-contract,58,0,58,158,0,5,0,0,0,0,0,0,5,0,0,0.0,0.03164556962025317
spring-cloud==spring-cloud-gcp,23,0,23,45,0,1,0,0,0,0,0,0,1,0,0,0.0,0.022222222222222223
spring-cloud==spring-cloud-stream-binder-kafka,2,0,2,2,0,0,0,0,0,0,0,0,0,0,0,0.0,0.0
spring-io==spring-javaformat,6,0,6,11,0,0,0,0,0,0,0,0,0,0,0,0.0,0.0
spring-petclinic==spring-petclinic-reactive,3,0,3,5,0,0,0,0,0,0,0,0,0,0,0,0.0,0.0
spring-projects-experimental==spring-boot-migrator,22,0,20,41,1,8,0,0,0,0,0,0,7,0,1,0.024390243902439025,0.1951219512195122
spring-projects==greenhouse,2,0,2,4,1,1,0,0,0,0,0,0,0,0,1,0.25,0.25
spring-projects==spring-amqp-samples,7,0,7,11,0,0,0,0,0,0,0,0,0,0,0,0.0,0.0
spring-projects==spring-batch,54,0,54,101,2,6,0,0,0,0,0,0,4,2,0,0.019801980198019802,0.0594059405940594
spring-projects==spring-data-book,14,0,13,16,0,0,0,0,0,0,0,0,0,0,0,0.0,0.0
spring-projects==spring-data-elasticsearch,9,0,9,18,4,4,0,0,0,0,0,0,0,0,4,0.2222222222222222,0.2222222222222222
spring-projects==spring-data-neo4j,4,0,4,6,0,0,0,0,0,0,0,0,0,0,0,0.0,0.0
spring-projects==spring-hateoas,2,0,2,3,0,0,0,0,0,0,0,0,0,0,0,0.0,0.0
spring-projects==spring-ide,72,0,25,44,0,2,0,0,0,0,0,0,2,0,0,0.0,0.045454545454545456
spring-projects==spring-plugin,1,0,1,1,0,0,0,0,0,0,0,0,0,0,0,0.0,0.0
spring-projects==spring-retry,2,0,2,3,0,0,0,0,0,0,0,0,0,0,0,0.0,0.0
spring-projects==spring-roo,14,0,14,40,1,2,0,0,0,0,0,0,1,0,1,0.025,0.05
spring-projects==spring-security-oauth,11,0,11,20,0,1,0,0,0,0,0,0,1,0,0,0.0,0.05
spring-projects==spring-session-data-mongodb,4,0,4,5,0,0,0,0,0,0,0,0,0,0,0,0.0,0.0
spring-projects==spring-ws,31,0,31,60,1,2,0,0,0,0,0,0,1,0,1,0.016666666666666666,0.03333333333333333
sqlancer==sqlancer,3,0,0,0,0,0,0,0,0,0,0,0,0,0,0,0.0,0.0
square==keywhiz,39,0,38,92,4,5,0,0,0,0,0,1,1,0,3,0.043478260869565216,0.05434782608695652
sriksun==ivory,41,0,40,133,1,6,0,0,0,0,0,0,5,1,0,0.007518796992481203,0.045112781954887216
ssssssss-team==magic-api,23,0,23,54,0,0,0,0,0,0,0,0,0,0,0,0.0,0.0
sstokic-tgm==jftse,41,0,41,112,20,23,7,0,0,0,0,0,9,0,13,0.17857142857142858,0.20535714285714285
sstrickx==yahoofinance-api,10,0,10,27,0,1,0,0,0,0,0,0,1,0,0,0.0,0.037037037037037035
stamp-project==dspot,30,0,30,107,6,9,0,0,0,0,0,4,3,2,0,0.056074766355140186,0.08411214953271028
stanfordnlp==corenlp,151,0,110,271,4,13,3,0,0,0,0,0,9,2,0,0.014760147601476014,0.04797047970479705
startreedata==thirdeye,51,0,51,108,5,8,0,0,0,0,0,0,3,1,4,0.046296296296296294,0.07407407407407407
statefulj==statefulj,3,0,3,4,0,0,0,0,0,0,0,0,0,0,0,0.0,0.0
stelar7==r4j,6,0,6,21,1,2,0,0,0,0,0,0,1,0,1,0.047619047619047616,0.09523809523809523
steve-community==steve,22,0,22,47,0,0,0,0,0,0,0,0,0,0,0,0.0,0.0
stevensouza==jamonapi,1,0,1,36,0,0,0,0,0,0,0,0,0,0,0,0.0,0.0
steveohara==j2mod,13,0,13,33,1,2,0,0,0,0,0,0,1,1,0,0.030303030303030304,0.06060606060606061
stevespringett==alpine,22,0,22,67,3,5,0,0,0,0,0,2,2,1,0,0.04477611940298507,0.07462686567164178
stirante==lol-client-java-api,6,0,6,16,0,0,0,0,0,0,0,0,0,0,0,0.0,0.0
stoicflame==ofx4j,4,0,4,9,0,2,0,0,0,0,0,0,2,0,0,0.0,0.2222222222222222
stormpath==stormpath-sdk-java,51,0,51,92,12,13,0,0,0,0,0,0,1,0,12,0.13043478260869565,0.14130434782608695
stormpath==stormpath-shiro,4,0,4,4,0,0,0,0,0,0,0,0,0,0,0,0.0,0.0
stratio==bdt,14,0,14,55,3,5,0,0,0,0,0,0,2,2,3,0.05454545454545454,0.09090909090909091
stratio==ingestion,9,0,9,23,0,1,0,0,0,0,0,0,1,0,0,0.0,0.043478260869565216
stratio==stratio-connector-cassandra,3,0,3,6,1,1,0,0,0,0,0,1,1,0,0,0.16666666666666666,0.16666666666666666
stratio==stratio-connector-deep,1,0,1,2,0,0,0,0,0,0,0,0,0,0,0,0.0,0.0
stratosphere==stratosphere,35,0,33,59,2,3,0,0,0,0,0,1,2,0,1,0.03389830508474576,0.05084745762711865
streamnative==aop,23,0,23,76,0,2,0,0,0,0,0,0,2,0,0,0.0,0.02631578947368421
streamnative==kop,28,0,28,95,1,1,0,0,0,0,0,0,0,0,1,0.010526315789473684,0.010526315789473684
streamnative==mop,21,0,21,49,0,1,0,0,0,0,0,0,1,0,0,0.0,0.02040816326530612
streamnative==pulsar-flink,5,0,5,13,0,0,0,0,0,0,0,0,0,0,0,0.0,0.0
streamnative==pulsar-io-cloud-storage,6,0,6,16,0,0,0,0,0,0,0,0,0,0,0,0.0,0.0
streamnative==rop,21,0,21,76,4,5,0,0,0,0,0,0,1,2,2,0.05263157894736842,0.06578947368421052
streamreasoning==csparql-engine,4,0,3,5,1,1,0,0,0,0,0,0,0,1,0,0.2,0.2
streamreasoning==rsp4j,29,0,26,66,0,0,0,0,0,0,0,0,0,0,0,0.0,0.0
streamthoughts==kafka-connect-file-pulse,43,0,43,106,2,2,0,0,0,0,0,0,0,2,0,0.018867924528301886,0.018867924528301886
streamxhub==streamx,24,0,24,44,5,5,0,0,0,0,0,0,0,0,5,0.11363636363636363,0.11363636363636363
strepsirrhini-army==chaos-lemur,5,0,5,16,0,0,0,0,0,0,0,0,0,0,0,0.0,0.0
strimzi==client-examples,4,0,4,20,0,0,0,0,0,0,0,0,0,0,0,0.0,0.0
strimzi==strimzi-kafka-bridge,10,0,10,55,1,6,0,0,0,0,0,1,5,0,0,0.01818181818181818,0.10909090909090909
strimzi==strimzi-kafka-oauth,8,0,8,19,1,1,0,1,0,0,0,0,0,0,0,0.05263157894736842,0.05263157894736842
strimzi==strimzi-kafka-operator,53,0,49,176,4,11,0,0,0,0,0,4,7,0,0,0.022727272727272728,0.0625
stripesframework==stripes,14,0,14,34,1,2,0,0,0,0,0,0,1,0,1,0.029411764705882353,0.058823529411764705
structr==structr,317,0,311,637,3,29,0,0,0,0,0,1,27,0,2,0.004709576138147566,0.04552590266875981
studerw==td-ameritrade-client,6,0,5,23,1,2,1,0,0,0,0,0,1,1,0,0.043478260869565216,0.08695652173913043
stumbleuponarchive==hbase,55,0,55,113,4,9,0,0,0,0,0,0,5,1,3,0.035398230088495575,0.07964601769911504
suninformation==ymate-platform-v2,50,0,50,96,0,2,0,0,0,0,0,0,2,0,0,0.0,0.020833333333333332
support-project==knowledge,164,0,161,408,5,47,0,0,0,0,0,1,42,2,2,0.012254901960784314,0.11519607843137254
surveyman==surveyman,9,0,9,12,0,0,0,0,0,0,0,0,0,0,0,0.0,0.0
suse==salt-netapi-client,1,0,0,0,0,0,0,0,0,0,0,0,0,0,0,0.0,0.0
susom==database,4,0,4,20,0,0,0,0,0,0,0,0,0,0,0,0.0,0.0
svenruppert==proxybuilder,2,0,0,0,0,0,0,0,0,0,0,0,0,0,0,0.0,0.0
sw360==sw360portal,76,0,76,176,10,15,0,0,0,0,0,0,5,0,10,0.056818181818181816,0.08522727272727272
swagger-api==swagger-core,17,0,17,26,6,6,0,0,0,0,0,0,0,0,6,0.23076923076923078,0.23076923076923078
swagger-api==swagger-inflector,7,0,7,17,0,3,0,0,0,0,0,0,3,0,0,0.0,0.17647058823529413
swagger-api==swagger-parser,3,0,3,9,0,0,0,0,0,0,0,0,0,0,0,0.0,0.0
swagger-api==swagger-socket,4,0,4,14,0,0,0,0,0,0,0,0,0,0,0,0.0,0.0
swagger-api==validator-badge,4,0,4,9,0,0,0,0,0,0,0,0,0,0,0,0.0,0.0
sweetink==lagou-course-downloader,13,0,13,68,5,5,0,0,0,0,0,0,0,3,2,0.07352941176470588,0.07352941176470588
swisspost==gateleen,76,0,76,257,2,21,0,0,0,0,0,0,19,0,2,0.007782101167315175,0.08171206225680934
swisspush==gateleen,76,0,76,257,2,21,0,0,0,0,0,0,19,0,2,0.007782101167315175,0.08171206225680934
swookiee==com.swookiee.runtime,19,0,19,45,11,11,0,0,0,0,0,0,0,0,11,0.24444444444444444,0.24444444444444444
swri-robotics==bag-database,15,0,15,63,0,2,0,0,0,0,0,0,2,0,0,0.0,0.031746031746031744
sylvainlaurent==jdbc-performance-logger,12,0,12,49,2,2,0,0,0,0,1,0,0,0,1,0.04081632653061224,0.04081632653061224
synbiodex==sboldesigner,1,0,0,0,0,0,0,0,0,0,0,0,0,0,0,0.0,0.0
synthetos==tgfx,6,0,5,18,0,0,0,0,0,0,0,0,0,0,0,0.0,0.0
t0xa==gelfj,1,0,0,0,0,0,0,0,0,0,0,0,0,0,0,0.0,0.0
t7mp==maven-t7-plugin,25,0,25,123,15,23,0,0,0,0,0,0,8,0,15,0.12195121951219512,0.18699186991869918
tacitknowledge==autopatch,20,0,20,46,0,0,0,0,0,0,0,0,0,0,0,0.0,0.0
taimos==gpsd4java,3,0,3,20,0,0,0,0,0,0,0,0,0,0,0,0.0,0.0
takari==polyglot-maven,7,0,7,17,0,1,0,0,0,0,0,0,1,0,0,0.0,0.058823529411764705
takari==takari-local-repository,2,0,2,9,0,0,0,0,0,0,0,0,0,0,0,0.0,0.0
takimafr==spring-dbunit,3,0,3,11,0,0,0,0,0,0,0,0,0,0,0,0.0,0.0
tal-tech==sonar-swift,41,0,40,79,0,1,0,0,0,0,0,0,1,0,0,0.0,0.012658227848101266
talend==beam-samples,13,0,13,14,0,12,0,0,0,0,0,0,12,0,0,0.0,0.8571428571428571
talend==component-runtime,64,0,63,133,21,22,0,0,0,0,0,1,1,0,20,0.15789473684210525,0.16541353383458646
talend==tdi-studio-se,75,0,46,98,12,16,0,0,0,0,0,5,9,0,7,0.12244897959183673,0.16326530612244897
talsma-ict==umldoclet,101,0,45,104,0,10,0,0,0,0,0,0,10,0,0,0.0,0.09615384615384616
tamtam-chat==tamtam-bot-api,1,0,1,3,0,0,0,0,0,0,0,0,0,0,0,0.0,0.0
tanaguru==contrast-finder,1,0,1,1,0,0,0,0,0,0,0,0,0,0,0,0.0,0.0
tanaguru==tanaguru,57,0,56,199,0,4,0,0,0,0,0,0,4,0,0,0.0,0.020100502512562814
taskana==taskana,45,0,45,167,7,12,0,0,0,0,0,3,5,2,2,0.041916167664670656,0.0718562874251497
tdf==odftoolkit,14,0,13,18,0,0,0,0,0,0,0,0,0,0,0,0.0,0.0
tdunning==log-synth,3,0,1,3,0,0,0,0,0,0,0,0,0,0,0,0.0,0.0
te-con==ehour,36,0,34,57,2,3,0,0,0,0,0,0,1,0,2,0.03508771929824561,0.05263157894736842
teamed==qulice,6,0,3,8,0,1,0,0,0,0,0,0,1,0,0,0.0,0.125
technionyp5777==smartcity-parkingmanagement,5,0,5,16,0,0,0,0,0,0,0,0,0,0,0,0.0,0.0
technology16==pgsqlblocks,4,0,4,7,0,0,0,0,0,0,0,0,0,0,0,0.0,0.0
tectonicus==tectonicus,16,0,16,42,0,0,0,0,0,0,0,0,0,0,0,0.0,0.0
teiid==teiid,15,0,14,30,4,6,0,0,0,0,0,2,4,0,2,0.13333333333333333,0.2
teiid==teiid-spring-boot,8,0,8,8,0,2,0,0,0,0,0,0,2,0,0,0.0,0.25
telefonicaid==netphony-network-protocols,60,1,56,164,0,1,0,0,0,0,0,0,1,0,0,0.0,0.006097560975609756
telefonicaid==netphony-topology,33,0,33,161,5,15,0,0,0,0,4,0,10,1,0,0.031055900621118012,0.09316770186335403
telenav==kivakit,1,0,1,2,0,0,0,0,0,0,0,0,0,0,0,0.0,0.0
tencent==firestorm,42,0,42,140,15,22,0,0,0,0,0,3,7,11,1,0.10714285714285714,0.15714285714285714
tencentyun==cos-java-sdk-v5,24,0,24,37,1,1,0,0,0,0,0,0,0,1,0,0.02702702702702703,0.02702702702702703
tencentyun==cos_migrate_tool_v5,17,0,17,80,0,21,0,0,0,0,0,0,21,0,0,0.0,0.2625
tencentyun==hadoop-cos,20,0,20,59,0,0,0,0,0,0,0,0,0,0,0,0.0,0.0
teradata==kylo,233,0,232,645,24,40,0,0,0,0,1,5,24,1,18,0.037209302325581395,0.06201550387596899
terracotta-oss==offheap-store,5,0,5,14,0,1,0,0,0,0,0,0,1,0,0,0.0,0.07142857142857142
terracotta-oss==terracotta-platform,88,0,87,246,19,22,0,0,0,0,0,4,4,0,16,0.07723577235772358,0.08943089430894309
testingisdocumenting==znai,3,0,3,6,1,1,0,0,0,0,0,0,0,0,1,0.16666666666666666,0.16666666666666666
testit-livingdoc==livingdoc-core,51,0,51,184,1,44,0,0,0,0,0,0,43,0,1,0.005434782608695652,0.2391304347826087
testit-webtester==webtester-core,22,0,22,74,0,0,0,0,0,0,0,0,0,0,0,0.0,0.0
texttechnologylab==textimager-uima,16,0,15,18,1,3,0,0,0,0,0,0,2,1,0,0.05555555555555555,0.16666666666666666
tflobbe==solrmeter,45,0,45,89,5,5,0,0,0,0,0,0,0,2,3,0.056179775280898875,0.056179775280898875
thargor6==jwildfire,6,0,2,3,1,1,0,0,0,0,0,0,0,0,1,0.3333333333333333,0.3333333333333333
theholywaffle==teamspeak-3-java-api,5,0,5,10,0,0,0,0,0,0,0,0,0,0,0,0.0,0.0
thehortonmachine==hortonmachine,13,0,2,4,0,0,0,0,0,0,0,0,0,0,0,0.0,0.0
thelinmichael==spotify-web-api-java,5,0,5,5,0,0,0,0,0,0,0,0,0,0,0,0.0,0.0
theonedev==onedev,99,0,93,169,0,3,0,0,0,0,0,0,3,0,0,0.0,0.01775147928994083
thiagolocatelli==parse4j,14,0,14,29,1,1,0,0,0,0,0,0,0,1,0,0.034482758620689655,0.034482758620689655
thingsboard==performance-tests,19,0,19,59,6,10,0,0,0,2,0,0,5,2,2,0.1016949152542373,0.1694915254237288
thingsboard==thingsboard,249,0,248,748,27,39,0,0,0,2,0,5,16,2,18,0.03609625668449198,0.05213903743315508
thingsboard==thingsboard-edge,256,0,254,748,27,39,0,0,0,2,0,5,16,2,18,0.03609625668449198,0.05213903743315508
thinkaurelius==faunus,4,0,4,12,0,0,0,0,0,0,0,0,0,0,0,0.0,0.0
thinkaurelius==titan,54,0,52,145,3,10,0,0,0,0,0,0,7,0,3,0.020689655172413793,0.06896551724137931
thomasdarimont==embedded-spring-boot-keycloak-server,7,0,7,20,0,0,0,0,0,0,0,0,0,0,0,0.0,0.0
thorntail==thorntail,44,0,43,98,0,3,0,0,0,0,0,0,3,0,0,0.0,0.030612244897959183
thucydides-webtests==thucydides,19,0,19,31,0,0,0,0,0,0,0,0,0,0,0,0.0,0.0
thulab==iot-benchmark,27,0,27,63,8,11,0,0,0,0,0,0,3,8,1,0.12698412698412698,0.1746031746031746
thymeleaf==thymeleaf,36,0,36,41,0,0,0,0,0,0,0,0,0,0,0,0.0,0.0
tianmiantech==wefe,103,0,101,242,47,53,0,0,0,0,0,4,6,9,34,0.19421487603305784,0.2190082644628099
tigase==tigase-server,88,0,88,181,3,11,0,0,0,0,0,1,9,0,2,0.016574585635359115,0.06077348066298342
tikv==client-java,14,0,13,36,4,5,0,1,3,0,0,0,2,0,0,0.1111111111111111,0.1388888888888889
tiledb-inc==tiledb-trino,1,0,1,1,0,0,0,0,0,0,0,0,0,0,0,0.0,0.0
tillerino==tillerinobot,17,0,17,35,0,0,0,0,0,0,0,0,0,0,0,0.0,0.0
timolson==cointrader,21,0,19,45,2,3,0,0,0,0,0,0,1,0,2,0.044444444444444446,0.06666666666666667
tinkerpop==rexster,28,0,26,67,1,3,0,0,0,0,0,0,2,0,1,0.014925373134328358,0.04477611940298507
tinylog-org==tinylog,22,0,19,36,0,0,0,0,0,0,0,0,0,0,0,0.0,0.0
tipsy==j2html,1,0,1,4,0,0,0,0,0,0,0,0,0,0,0,0.0,0.0
tjake==solandra,5,0,5,9,1,1,0,0,0,0,0,0,0,1,0,0.1111111111111111,0.1111111111111111
tlaukkan==zigbee4java,28,0,24,79,3,4,0,0,0,0,0,0,1,0,3,0.0379746835443038,0.05063291139240506
tls-attacker==tls-attacker,429,0,428,1547,84,102,0,0,0,65,0,10,28,0,9,0.05429864253393665,0.06593406593406594
todvora==eet-client,11,0,11,15,0,0,0,0,0,0,0,0,0,0,0,0.0,0.0
togglz==togglz,21,0,21,40,2,2,0,0,0,0,0,0,1,0,2,0.05,0.05
tokenmill==crawling-framework,28,0,27,70,4,6,0,0,0,0,0,0,2,4,0,0.05714285714285714,0.08571428571428572
tokuhirom==avans,9,0,9,12,0,0,0,0,0,0,0,0,0,0,0,0.0,0.0
tokuhirom==tinyorm,2,0,1,1,0,0,0,0,0,0,0,0,0,0,0,0.0,0.0
tomp2p==tomp2p,39,0,38,122,1,2,0,0,0,0,0,0,1,0,1,0.00819672131147541,0.01639344262295082
tomtom-international==openlr,17,0,17,57,0,0,0,0,0,0,0,0,0,0,0,0.0,0.0
topquadrant==shacl,5,0,5,11,0,0,0,0,0,0,0,0,0,0,0,0.0,0.0
torakiki==pdfsam,44,0,44,98,0,3,0,0,0,0,0,0,3,0,0,0.0,0.030612244897959183
torakiki==sambox,50,0,50,83,1,1,0,0,0,0,0,0,0,0,1,0.012048192771084338,0.012048192771084338
townyadvanced==towny,8,0,8,19,1,1,0,0,0,0,0,1,0,0,0,0.05263157894736842,0.05263157894736842
traasstack==auto-unit-test-case-generator,171,0,157,513,17,40,0,0,0,0,0,3,26,9,5,0.03313840155945419,0.07797270955165692
tracee==tracee,9,0,9,24,8,8,0,0,0,0,0,0,0,0,8,0.3333333333333333,0.3333333333333333
trautonen==coveralls-maven-plugin,4,0,4,11,1,2,0,0,0,0,0,1,1,0,0,0.09090909090909091,0.18181818181818182
treeleafj==xdoc,11,0,11,25,1,1,0,0,0,0,0,0,0,0,1,0.04,0.04
tremolosecurity==myvirtualdirectory,20,0,20,51,1,4,0,0,0,0,0,0,4,0,1,0.0196078431372549,0.0784313725490196
trimou==trimou,26,0,26,44,4,5,0,0,0,0,0,0,1,4,0,0.09090909090909091,0.11363636363636363
trinodb==trino,159,0,156,309,5,12,0,0,0,0,0,0,7,1,5,0.016181229773462782,0.038834951456310676
trol73==mucommander,46,0,45,94,0,0,0,0,0,0,0,0,0,0,0,0.0,0.0
tsurdilo==temporal-java-workshop,15,0,15,44,0,0,0,0,0,0,0,0,0,0,0,0.0,0.0
ttddyy==datasource-proxy,8,0,8,21,0,0,0,0,0,0,0,0,0,0,0,0.0,0.0
tuguangquan==mybatis,14,0,14,54,0,0,0,0,0,0,0,0,0,0,0,0.0,0.0
tulskiy==jkeymaster,1,0,1,3,0,0,0,0,0,0,0,0,0,0,0,0.0,0.0
twilio==calcite-kudu,3,0,3,12,0,0,0,0,0,0,0,0,0,0,0,0.0,0.0
twilio==twilio-java,1,0,1,10,0,1,0,0,0,0,0,0,1,0,0,0.0,0.1
twitter-archive==cloudhopper-smpp,20,0,18,87,10,19,0,0,0,8,0,0,11,0,2,0.11494252873563218,0.21839080459770116
twitter==ambrose,11,0,11,38,1,2,0,0,0,0,0,1,1,0,0,0.02631578947368421,0.05263157894736842
twitter==elephant-bird,42,0,42,56,0,3,0,0,0,0,0,0,3,0,0,0.0,0.05357142857142857
twitter==hraven,7,0,7,11,0,0,0,0,0,0,0,0,0,0,0,0.0,0.0
twitter==joauth,1,0,1,3,0,3,0,0,0,0,0,0,3,0,0,0.0,1.0
twizmwazin==cardinalpgm,5,0,5,7,0,0,0,0,0,0,0,0,0,0,0,0.0,0.0
tyndale==step,38,0,38,93,8,9,0,0,0,0,0,0,1,1,7,0.08602150537634409,0.0967741935483871
tywo45==t-io,1,0,1,1,0,0,0,0,0,0,0,0,0,0,0,0.0,0.0
uber==remoteshuffleservice,42,0,42,122,2,2,0,0,0,0,0,0,0,1,1,0.01639344262295082,0.01639344262295082
uber==tchannel-java,10,0,10,17,0,0,0,0,0,0,0,0,0,0,0,0.0,0.0
uber==ureplicator,34,0,34,170,3,5,0,0,0,0,0,1,3,1,1,0.01764705882352941,0.029411764705882353
uchicago==shibboleth-oidc,9,0,9,33,2,2,0,0,0,0,0,1,0,0,1,0.06060606060606061,0.06060606060606061
ueboot==ueboot,12,0,12,61,5,6,0,0,0,0,0,0,1,0,5,0.08196721311475409,0.09836065573770492
ukgovld==registry-core,23,0,23,61,0,0,0,0,0,0,0,0,0,0,0,0.0,0.0
ukwa==webarchive-discovery,35,0,32,88,4,5,0,0,0,0,0,0,1,0,4,0.045454545454545456,0.056818181818181816
unic==neba,9,0,9,18,0,0,0,0,0,0,0,0,0,0,0,0.0,0.0
unicon==cas-mfa,16,0,16,56,4,4,0,0,0,0,0,0,0,0,4,0.07142857142857142,0.07142857142857142
unidal==frameworks,13,0,12,20,2,2,0,0,0,0,0,0,0,0,2,0.1,0.1
unitime==unitime,63,0,40,123,35,36,0,0,0,0,0,0,1,0,35,0.2845528455284553,0.2926829268292683
universalmediaserver==universalmediaserver,86,0,86,284,10,12,0,0,0,0,6,0,3,1,3,0.035211267605633804,0.04225352112676056
universite-gustave-eiffel==noisemodelling,2,0,1,1,0,0,0,0,0,0,0,0,0,0,0,0.0,0.0
univocity==univocity-trader,32,0,31,88,3,4,1,0,0,0,0,0,1,2,1,0.03409090909090909,0.045454545454545456
unleash==unleash-client-java,10,0,10,23,6,11,0,0,0,0,0,0,5,0,6,0.2608695652173913,0.4782608695652174
urmi-21==metaomgraph,2,0,0,0,0,0,0,0,0,0,0,0,0,0,0,0.0,0.0
usc-isi-i2==web-karma,168,0,163,401,3,31,0,0,0,0,0,0,28,3,0,0.007481296758104738,0.0773067331670823
usdot-jpo-ode==jpo-ode,55,0,55,237,1,8,0,0,0,0,0,0,7,1,0,0.004219409282700422,0.03375527426160337
uudashr==jsmpp,11,0,11,28,2,2,0,0,0,2,0,0,0,0,0,0.07142857142857142,0.07142857142857142
vaadin==cdi,3,0,3,7,0,0,0,0,0,0,0,0,0,0,0,0.0,0.0
vaadin==flow-demo,2,0,2,5,0,0,0,0,0,0,0,0,0,0,0,0.0,0.0
vaadin==framework,86,0,79,187,5,7,0,0,0,0,0,0,2,2,3,0.026737967914438502,0.0374331550802139
vaadin==hilla,11,0,11,35,1,1,0,0,0,0,0,1,0,0,0,0.02857142857142857,0.02857142857142857
vaadin==testbench,3,0,3,4,0,0,0,0,0,0,0,0,0,0,0,0.0,0.0
vaadin==tori,13,0,13,34,1,1,0,0,0,0,0,1,1,0,0,0.029411764705882353,0.029411764705882353
valdasraps==resthub,18,0,18,39,3,3,1,0,0,0,0,0,0,2,0,0.07692307692307693,0.07692307692307693
valtech==aem-easy-content-upgrade,12,0,12,20,1,1,0,0,0,0,0,0,0,0,1,0.05,0.05
vanroy==spring-data-jest,2,0,2,10,0,0,0,0,0,0,0,0,0,0,0,0.0,0.0
variflight==feeyo-redisproxy,45,0,44,102,5,10,1,0,0,0,0,2,5,1,2,0.049019607843137254,0.09803921568627451
verapdf==verapdf-apps,6,0,6,13,0,0,0,0,0,0,0,0,0,0,0,0.0,0.0
verapdf==verapdf-library,25,0,23,41,0,0,0,0,0,0,0,0,0,0,0,0.0,0.0
verapdf==verapdf-validation,18,0,18,37,2,2,0,0,0,0,0,0,0,0,2,0.05405405405405406,0.05405405405405406
vert-x3==vertx-dropwizard-metrics,1,0,1,2,0,0,0,0,0,0,0,0,0,0,0,0.0,0.0
vert-x3==vertx-hazelcast,2,0,2,3,0,0,0,0,0,0,0,0,0,0,0,0.0,0.0
vert-x3==vertx-ignite,2,0,2,8,0,0,0,0,0,0,0,0,0,0,0,0.0,0.0
vert-x3==vertx-jdbc-client,2,0,2,2,0,0,0,0,0,0,0,0,0,0,0,0.0,0.0
vert-x3==vertx-mail-client,6,0,6,12,0,0,0,0,0,0,0,0,0,0,0,0.0,0.0
vert-x3==vertx-micrometer-metrics,1,0,1,1,0,0,0,0,0,0,0,0,0,0,0,0.0,0.0
vert-x3==vertx-rabbitmq-client,2,0,2,5,0,0,0,0,0,0,0,0,0,0,0,0.0,0.0
vert-x3==vertx-stomp,1,0,1,1,0,0,0,0,0,0,0,0,0,0,0,0.0,0.0
vert-x3==vertx-zookeeper,2,0,2,3,0,0,0,0,0,0,0,0,0,0,0,0.0,0.0
vertaai==modeldb,51,0,51,169,13,19,0,0,0,0,0,0,6,0,13,0.07692307692307693,0.11242603550295859
vertispan==j2clmavenplugin,8,0,7,38,1,2,1,0,0,0,0,0,1,0,0,0.02631578947368421,0.05263157894736842
ververica==flink-cdc-connectors,21,0,19,39,0,0,0,0,0,0,0,0,0,0,0,0.0,0.0
vidageek==crawler,4,0,4,10,0,0,0,0,0,0,0,0,0,0,0,0.0,0.0
viltgroup==minium,11,0,11,25,0,0,0,0,0,0,0,0,0,0,0,0.0,0.0
vincentrussell==json-data-generator,1,0,1,1,1,1,0,0,0,0,0,0,0,0,1,1.0,1.0
vinumeris==lighthouse,15,0,14,39,0,0,0,0,0,0,0,0,0,0,0,0.0,0.0
vipshop==pallas,95,2,58,138,56,63,0,0,0,0,0,0,37,0,56,0.4057971014492754,0.45652173913043476
vipshop==saturn,77,0,48,122,25,26,0,0,0,0,0,0,1,0,25,0.20491803278688525,0.21311475409836064
virgo47==javasimon,13,0,8,18,0,2,0,0,0,0,0,0,2,0,0,0.0,0.1111111111111111
virjar==sekiro,2,0,2,7,0,0,0,0,0,0,0,0,0,0,0,0.0,0.0
visallo==vertexium,25,0,24,46,3,7,0,0,0,0,0,2,4,1,0,0.06521739130434782,0.15217391304347827
vistatec==ocelot,18,0,18,73,0,0,0,0,0,0,0,0,0,0,0,0.0,0.0
visualdataweb==owl2vowl,15,0,14,44,1,1,0,0,0,0,0,1,1,0,0,0.022727272727272728,0.022727272727272728
vivo-community==vivo-harvester,11,0,11,59,0,1,0,0,0,0,0,0,1,0,0,0.0,0.01694915254237288
vladmihalcea==flexy-pool,6,0,6,13,0,0,0,0,0,0,0,0,0,0,0,0.0,0.0
vladmihalcea==hibernate-types,1,0,1,2,2,2,0,0,0,0,0,2,2,0,1,1.0,1.0
vladmihalcea==high-performance-java-persistence,12,0,11,14,1,1,0,0,0,0,0,0,0,1,0,0.07142857142857142,0.07142857142857142
vladmihalcea==hypersistence-utils,1,0,1,2,2,2,0,0,0,0,0,2,2,0,1,1.0,1.0
vlingo==vlingo-actors,17,0,17,58,10,11,0,0,0,0,0,0,1,0,10,0.1724137931034483,0.1896551724137931
vlingo==xoom-actors,17,0,17,58,10,11,0,0,0,0,0,0,1,0,10,0.1724137931034483,0.1896551724137931
vmi==selenese-runner-java,23,0,23,74,1,3,0,0,0,0,0,0,2,1,0,0.013513513513513514,0.04054054054054054
vmware-serengeti==serengeti-ws,171,0,171,538,9,25,0,0,0,0,0,3,17,2,4,0.016728624535315983,0.046468401486988845
vmware==mangle,134,0,124,353,6,15,0,0,0,0,0,1,10,2,3,0.0169971671388102,0.042492917847025496
vmware==vsphere-automation-sdk-java,1,0,0,0,0,0,0,0,0,0,0,0,0,0,0,0.0,0.0
vorburger==ch.vorburger.exec,6,0,6,13,0,0,0,0,0,0,0,0,0,0,0,0.0,0.0
vorburger==ch.vorburger.fswatch,2,0,2,2,0,0,0,0,0,0,0,0,0,0,0,0.0,0.0
vostok==hercules,89,0,88,203,14,14,0,0,0,1,0,1,1,11,1,0.06896551724137931,0.06896551724137931
voyages-sncf-technologies==hesperides,13,0,13,76,1,2,0,0,0,0,0,1,2,0,0,0.013157894736842105,0.02631578947368421
vt-middleware==ldaptive,56,0,54,133,9,9,0,0,0,0,0,7,7,0,2,0.06766917293233082,0.06766917293233082
walkmod==walkmod-core,14,0,14,21,0,0,0,0,0,0,0,0,0,0,0,0.0,0.0
walmartlabs==gozer,3,0,3,14,4,5,0,0,0,0,0,0,1,0,4,0.2857142857142857,0.35714285714285715
wangguanquan==eec,1,0,1,1,0,0,0,0,0,0,0,0,0,0,0,0.0,0.0
wangrenlei==localization_nifi,166,0,166,380,32,46,0,1,0,0,0,1,18,2,28,0.08421052631578947,0.12105263157894737
warlander==deedplanner-2,5,0,5,5,0,0,0,0,0,0,0,0,0,0,0,0.0,0.0
warzone==tgm,5,0,4,7,0,1,0,0,0,0,0,0,1,0,0,0.0,0.14285714285714285
waterdogpe==waterdogpe,21,0,20,58,0,1,0,0,0,0,0,0,1,0,0,0.0,0.017241379310344827
watson-developer-cloud==java-sdk,4,0,4,6,4,4,0,0,0,0,0,0,0,0,4,0.6666666666666666,0.6666666666666666
wcmc-its==reciter,33,0,31,86,0,14,0,0,0,0,0,0,14,0,0,0.0,0.16279069767441862
webankfintech==linkis,151,0,149,397,21,29,0,0,0,0,0,10,11,1,10,0.05289672544080604,0.07304785894206549
webankfintech==schedulis,94,0,93,283,4,17,0,0,0,0,0,0,15,3,1,0.014134275618374558,0.06007067137809187
webanno==webanno,70,0,62,102,21,22,0,0,0,0,0,0,1,3,18,0.20588235294117646,0.21568627450980393
webgoat==webgoat-legacy,6,0,5,7,0,0,0,0,0,0,0,0,0,0,0,0.0,0.0
webmetrics==browsermob-proxy,41,0,40,75,1,2,0,0,0,0,0,0,1,1,0,0.013333333333333334,0.02666666666666667
webrtc==kite,14,0,14,41,4,5,0,0,0,0,0,0,1,1,3,0.0975609756097561,0.12195121951219512
wechat-group==weixin-java-demo-springmvc,6,0,6,18,2,9,0,0,0,0,0,1,7,0,1,0.1111111111111111,0.5
weibocom==motan,59,0,59,161,5,11,0,0,0,0,0,3,6,1,1,0.031055900621118012,0.06832298136645963
weiye-jing==datax-web,58,0,48,134,54,54,0,0,0,0,0,0,0,0,54,0.40298507462686567,0.40298507462686567
weld==core,19,0,19,32,1,1,0,0,0,0,0,0,1,1,0,0.03125,0.03125
weld==extensions,7,0,7,14,0,2,0,0,0,0,0,0,2,0,0,0.0,0.14285714285714285
westridgesystems==jmisb,33,0,32,58,1,2,0,0,0,1,0,0,1,0,0,0.017241379310344827,0.034482758620689655
wgzhao==addax,40,0,39,102,10,12,0,0,0,0,0,9,2,0,1,0.09803921568627451,0.11764705882352941
wgzhao==datax,40,0,39,102,10,12,0,0,0,0,0,9,2,0,1,0.09803921568627451,0.11764705882352941
whirvis==jraknet,5,0,5,12,0,1,0,0,0,0,0,0,1,0,0,0.0,0.08333333333333333
whizzosoftware==wzwave,25,0,25,90,0,1,0,0,0,0,0,0,1,0,0,0.0,0.011111111111111112
wicketstuff==core,41,0,37,85,5,6,0,0,0,0,0,0,1,0,5,0.058823529411764705,0.07058823529411765
wikidata==wikidata-toolkit,8,0,8,15,2,6,0,0,0,0,0,0,4,2,0,0.13333333333333333,0.4
wikimedia==wikidata-query-rdf,24,0,24,56,0,0,0,0,0,0,0,0,0,0,0,0.0,0.0
wildbookorg==wildbook,12,0,6,9,3,3,0,0,0,0,0,0,0,0,3,0.3333333333333333,0.3333333333333333
wildfirechat==app-server,2,0,1,11,0,0,0,0,0,0,0,0,0,0,0,0.0,0.0
wildfirechat==im-app_server,2,0,1,11,0,0,0,0,0,0,0,0,0,0,0,0.0,0.0
wildfly-extras==wildfly-camel,39,0,39,73,1,2,0,0,0,0,0,1,2,0,0,0.0136986301369863,0.0273972602739726
wildfly-extras==wildfly-jar-maven-plugin,12,0,11,18,0,1,0,0,0,0,0,0,1,0,0,0.0,0.05555555555555555
wildfly-security==wildfly-elytron,14,0,14,38,0,1,0,0,0,0,0,0,1,0,0,0.0,0.02631578947368421
wildfly==galleon,10,0,8,15,0,3,0,0,0,0,0,0,3,0,0,0.0,0.2
wildfly==wildfly,272,0,270,677,14,21,0,0,0,0,0,0,7,0,14,0.0206794682422452,0.0310192023633678
wildfly==wildfly-arquillian,4,0,4,7,0,0,0,0,0,0,0,0,0,0,0,0.0,0.0
wildfly==wildfly-core,39,0,38,80,1,4,0,0,0,0,0,0,3,0,1,0.0125,0.05
wildfly==wildfly-maven-plugin,3,0,3,6,1,1,0,0,0,0,0,0,0,1,0,0.16666666666666666,0.16666666666666666
wildmeorg==wildbook,12,0,6,9,3,3,0,0,0,0,0,0,0,0,3,0.3333333333333333,0.3333333333333333
wimdeblauwe==testcontainers-cypress,1,0,1,2,0,0,0,0,0,0,0,0,0,0,0,0.0,0.0
wimmics==corese,62,0,60,116,0,3,0,0,0,0,0,0,3,0,0,0.0,0.02586206896551724
wiproopensource==openbdre,199,0,194,767,1,13,0,0,0,0,0,1,13,0,0,0.001303780964797914,0.01694915254237288
wireapp==lithium,5,0,5,9,1,1,0,0,0,0,0,1,0,0,0,0.1111111111111111,0.1111111111111111
wisdom-framework==wisdom,62,0,62,144,5,5,0,0,0,0,0,0,0,2,3,0.034722222222222224,0.034722222222222224
wkennedy==swagger4spring-web,1,0,1,1,0,0,0,0,0,0,0,0,0,0,0,0.0,0.0
wmixvideo==nfe,22,0,22,45,0,35,0,0,0,0,0,0,35,0,0,0.0,0.7777777777777778
wocommunity==wonder,225,0,217,525,12,23,0,0,0,0,0,0,11,2,10,0.022857142857142857,0.04380952380952381
woltapp==parallelpbf,9,0,9,17,5,11,0,0,0,0,0,0,6,0,5,0.29411764705882354,0.6470588235294118
wrensecurity==wrenam,157,0,74,138,13,17,0,0,0,0,0,0,4,0,13,0.09420289855072464,0.12318840579710146
wrensecurity==wrends,49,0,49,110,3,5,0,0,0,0,0,0,3,0,3,0.02727272727272727,0.045454545454545456
wrensecurity==wrenidm,66,0,63,155,6,12,0,0,0,0,0,1,8,0,5,0.03870967741935484,0.07741935483870968
wro4j==wro4j,110,0,109,244,8,12,0,0,0,0,0,2,6,2,4,0.03278688524590164,0.04918032786885246
wso2-attic==carbon-identity,233,0,227,744,24,26,0,0,0,0,0,1,3,0,23,0.03225806451612903,0.03494623655913978
wso2-attic==product-cep,37,0,37,228,33,40,0,0,0,0,0,2,7,5,26,0.14473684210526316,0.17543859649122806
wso2-attic==product-emm,1,0,1,1,0,0,0,0,0,0,0,0,0,0,0,0.0,0.0
wso2-attic==product-esb,37,0,37,146,3,4,0,0,0,0,0,0,1,0,3,0.02054794520547945,0.0273972602739726
wso2-attic==product-ml,3,0,3,5,0,0,0,0,0,0,0,0,0,0,0,0.0,0.0
wso2-attic==product-private-paas,23,0,23,83,4,7,0,0,0,0,2,0,3,2,0,0.04819277108433735,0.08433734939759036
wso2-extensions==identity-inbound-auth-oauth,70,0,70,212,3,9,0,0,0,0,0,0,6,0,3,0.014150943396226415,0.04245283018867924
wso2==carbon-apimgt,198,0,197,490,6,18,0,0,0,0,0,0,12,1,5,0.012244897959183673,0.036734693877551024
wso2==carbon-identity-framework,177,0,177,534,28,33,0,0,0,0,0,0,5,0,28,0.052434456928838954,0.06179775280898876
wso2==carbon-mediation,252,0,250,722,16,20,0,0,0,0,0,0,4,1,15,0.0221606648199446,0.027700831024930747
wso2==charon,17,0,17,80,4,16,0,0,0,0,0,0,12,0,4,0.05,0.2
wso2==micro-integrator,274,0,273,840,40,59,1,0,0,0,0,1,20,1,37,0.047619047619047616,0.07023809523809524
wso2==product-apim,32,0,32,99,1,1,0,0,0,0,0,0,0,1,0,0.010101010101010102,0.010101010101010102
wso2==product-ei,97,0,97,333,4,10,0,0,0,0,0,0,6,0,4,0.012012012012012012,0.03003003003003003
wso2==product-iots,21,6,15,46,2,3,0,0,0,0,0,0,1,0,2,0.043478260869565216,0.06521739130434782
wso2==product-is,22,0,22,76,3,3,0,0,0,0,0,0,0,0,3,0.039473684210526314,0.039473684210526314
wso2==product-microgateway,57,0,57,144,5,10,0,0,0,0,2,0,5,0,3,0.034722222222222224,0.06944444444444445
wso2==wso2-synapse,325,0,322,745,7,9,0,0,0,0,0,0,2,2,5,0.009395973154362415,0.012080536912751677
wtcctw==dianping-lion,28,0,28,80,0,2,0,0,0,0,0,0,2,0,0,0.0,0.025
wttech==aem-rules-for-sonarqube,4,0,3,6,0,1,0,0,0,0,0,0,1,0,0,0.0,0.16666666666666666
wttech==aet,87,0,87,228,12,19,0,0,0,0,0,0,8,1,11,0.05263157894736842,0.08333333333333333
wttech==bobcat,41,0,41,66,0,0,0,0,0,0,0,0,0,0,0,0.0,0.0
wttech==secureaem,2,0,2,7,0,0,0,0,0,0,0,0,0,0,0,0.0,0.0
wttech==slice,12,0,12,24,2,3,0,0,0,0,0,0,1,0,2,0.08333333333333333,0.125
wttech==sling-dynamic-include,3,0,3,8,0,0,0,0,0,0,0,0,0,0,0,0.0,0.0
wultra==powerauth-crypto,4,0,4,7,7,7,0,0,0,0,0,0,0,0,7,1.0,1.0
xaecbd==kafkacenter,28,0,28,109,1,4,0,0,0,0,0,1,4,0,0,0.009174311926605505,0.03669724770642202
xaecbd==kcenter,28,0,28,109,1,4,0,0,0,0,0,1,4,0,0,0.009174311926605505,0.03669724770642202
xap==xap,222,1,217,606,32,52,0,0,0,0,0,2,34,8,22,0.052805280528052806,0.0858085808580858
xatkit-bot-platform==xatkit-runtime,5,0,5,10,1,2,0,0,0,0,0,0,1,1,0,0.1,0.2
xceptance==neodymium-library,2,0,2,2,0,0,0,0,0,0,0,0,0,0,0,0.0,0.0
xceptance==xlt,43,0,43,79,2,3,0,0,0,0,0,0,1,1,1,0.02531645569620253,0.0379746835443038
xdagger==xdagj,30,0,30,86,22,32,0,0,0,5,2,1,12,0,14,0.2558139534883721,0.37209302325581395
xetorthio==jedis,4,0,4,8,0,0,0,0,0,0,0,0,0,0,0,0.0,0.0
xipki==xipki,33,0,30,84,0,0,0,0,0,0,0,0,0,0,0,0.0,0.0
xpdota==event-trigger,101,0,98,222,9,11,2,0,0,0,0,3,2,4,1,0.04054054054054054,0.04954954954954955
xpring-eng==xpring4j,1,0,1,1,0,0,0,0,0,0,0,0,0,0,0,0.0,0.0
xrplf==xrpl4j,6,0,6,13,0,1,0,0,0,0,0,0,1,0,0,0.0,0.07692307692307693
xsavikx==androidscreencast,11,0,11,46,2,6,0,0,0,0,0,1,5,0,1,0.043478260869565216,0.13043478260869565
xtuhcy==gecco,19,0,17,36,0,0,0,0,0,0,0,0,0,0,0,0.0,0.0
xu942122587==java-interview,13,0,13,44,1,5,0,0,0,0,0,0,4,1,0,0.022727272727272728,0.11363636363636363
xuhuisheng==lemon,358,0,352,969,192,195,0,0,0,0,0,0,3,3,189,0.19814241486068113,0.20123839009287925
xuxueli==xxl-conf,12,0,10,33,27,27,0,0,0,0,0,0,0,0,27,0.8181818181818182,0.8181818181818182
xuxueli==xxl-job,34,0,32,99,60,60,0,0,0,0,0,0,0,0,60,0.6060606060606061,0.6060606060606061
xuxueli==xxl-rpc,27,0,20,55,21,22,0,0,0,0,0,0,1,0,21,0.38181818181818183,0.4
xuxueli==xxl-sso,4,0,4,5,1,1,0,0,0,0,0,0,0,0,1,0.2,0.2
xwiki==xwiki-commons,44,0,44,96,2,3,0,0,0,2,0,0,1,0,0,0.020833333333333332,0.03125
xwiki==xwiki-platform,291,0,291,478,9,10,0,0,0,0,0,0,1,0,9,0.01882845188284519,0.02092050209205021
yahoo==athenz,93,0,93,283,11,40,0,0,0,0,0,3,30,0,8,0.038869257950530034,0.1413427561837456
yahoo==egads,15,0,14,23,0,0,0,0,0,0,0,0,0,0,0,0.0,0.0
yahoo==elide,45,0,44,96,2,14,0,0,0,0,0,0,12,1,1,0.020833333333333332,0.14583333333333334
yahoo==fili,111,0,111,181,11,24,0,0,0,0,0,0,13,0,11,0.06077348066298342,0.13259668508287292
yahoo==halodb,6,0,6,21,1,1,0,0,0,0,0,0,0,1,0,0.047619047619047616,0.047619047619047616
yahoo==imapnio,1,0,1,3,0,3,0,0,0,0,0,0,3,0,0,0.0,1.0
yahoo==sherlock,12,0,12,40,0,0,0,0,0,0,0,0,0,0,0,0.0,0.0
yahoo==storm-yarn,6,0,6,30,0,12,0,0,0,0,0,0,12,0,0,0.0,0.4
yahoo==validatar,4,0,4,16,0,0,0,0,0,0,0,0,0,0,0,0.0,0.0
yahooarchive==omid,29,0,29,86,1,2,0,0,0,0,0,0,1,1,0,0.011627906976744186,0.023255813953488372
yahooarchive==oozie,62,0,61,229,6,8,0,0,0,0,0,0,2,0,6,0.026200873362445413,0.034934497816593885
yahooarchive==samoa,17,0,15,38,2,8,0,0,0,0,0,0,6,2,0,0.05263157894736842,0.21052631578947367
yamcs==yamcs,116,0,114,302,23,32,0,0,0,7,0,0,11,1,15,0.076158940397351,0.10596026490066225
yamj==yamj-v2,32,0,32,126,2,2,0,0,0,0,0,0,0,0,2,0.015873015873015872,0.015873015873015872
yang-db==yang-db,18,0,14,43,1,5,0,0,0,0,0,0,5,0,1,0.023255813953488372,0.11627906976744186
yangfuhai==jboot,37,0,25,95,32,32,0,0,0,0,0,0,32,0,32,0.3368421052631579,0.3368421052631579
yarl-it-hub==yschool,7,0,6,18,0,0,0,0,0,0,0,0,0,0,0,0.0,0.0
yegor256==eo,23,0,23,55,3,4,0,0,0,0,0,1,2,0,2,0.05454545454545454,0.07272727272727272
yegor256==qulice,6,0,3,8,0,1,0,0,0,0,0,0,1,0,0,0.0,0.125
yegor256==rehttp,1,0,1,2,0,0,0,0,0,0,0,0,0,0,0,0.0,0.0
yegor256==rultor,37,0,36,43,1,1,0,0,0,0,0,0,0,0,1,0.023255813953488372,0.023255813953488372
yegor256==s3auth,2,0,1,1,0,0,0,0,0,0,0,0,0,0,0,0.0,0.0
yegor256==takes,3,0,3,6,0,0,0,0,0,0,0,0,0,0,0,0.0,0.0
yegor256==thindeck,18,0,18,28,3,3,0,0,0,0,0,0,0,2,1,0.10714285714285714,0.10714285714285714
yegor256==threecopies,1,0,1,2,0,0,0,0,0,0,0,0,0,0,0,0.0,0.0
yegor256==wring,5,0,5,6,1,1,0,0,0,0,0,0,0,0,1,0.16666666666666666,0.16666666666666666
yermak==audiobookconverter,23,0,23,67,6,6,0,0,0,0,0,4,0,1,1,0.08955223880597014,0.08955223880597014
yorubaname==yorubaname-website,2,0,2,2,0,0,0,0,0,0,0,0,0,0,0,0.0,0.0
yubico==java-u2flib-server,2,0,2,8,0,0,0,0,0,0,0,0,0,0,0,0.0,0.0
yugabyte==yb-sample-apps,8,0,8,24,1,11,0,0,0,0,0,0,10,0,1,0.041666666666666664,0.4583333333333333
yunpian==yunpian-java-sdk,5,0,5,12,1,2,0,0,0,0,0,0,1,0,1,0.08333333333333333,0.16666666666666666
yusuke==shogun,2,0,2,8,0,0,0,0,0,0,0,0,0,0,0,0.0,0.0
yvasyliev==java-vk-bots-long-poll-api,1,0,1,2,1,1,0,0,0,0,0,0,0,1,0,0.5,0.5
yyuu==jetty-nosql-memcached,4,0,4,10,0,0,0,0,0,0,0,0,0,0,0,0.0,0.0
zalando-stups==java-sproc-wrapper,27,0,27,49,1,1,0,0,0,0,0,0,0,0,1,0.02040816326530612,0.02040816326530612
zalando==opentracing-toolbox,7,0,2,3,0,0,0,0,0,0,0,0,0,0,0,0.0,0.0
zalando==problem-spring-web,3,0,3,5,0,0,0,0,0,0,0,0,0,0,0,0.0,0.0
zalando==tokens,12,0,12,27,3,4,0,0,0,0,0,0,1,0,3,0.1111111111111111,0.14814814814814814
zalando==zalenium,20,0,19,62,23,28,0,0,0,0,0,0,27,0,23,0.3709677419354839,0.45161290322580644
zandero==rest.vertx,12,0,11,31,1,8,0,0,0,0,0,0,7,0,1,0.03225806451612903,0.25806451612903225
zapodot==embedded-db-junit,4,0,4,4,0,1,0,0,0,0,0,0,1,0,0,0.0,0.25
zapodot==embedded-ldap-junit,1,0,1,1,0,0,0,0,0,0,0,0,0,0,0,0.0,0.0
zauberlabs==gnip4j,9,0,8,12,0,0,0,0,0,0,0,0,0,0,0,0.0,0.0
zebrunner==carina,6,4,2,2,0,0,0,0,0,0,0,0,0,0,0,0.0,0.0
zebrunner==carina-demo,4,0,4,11,0,0,0,0,0,0,0,0,0,0,0,0.0,0.0
zekrotja==discordbot,2,0,1,1,0,0,0,0,0,0,0,0,0,0,0,0.0,0.0
zeljkoobrenovic==sokrates,34,0,32,88,3,3,0,0,0,0,0,0,0,3,0,0.03409090909090909,0.03409090909090909
zendesk==maxwell,25,0,25,82,0,1,0,0,0,0,0,0,1,0,0,0.0,0.012195121951219513
zerocracy==farm,38,0,37,61,6,11,0,0,0,0,0,2,5,4,0,0.09836065573770492,0.18032786885245902
zeromq==jzmq-api,7,0,7,17,0,0,0,0,0,0,0,0,0,0,0,0.0,0.0
zeroone3010==yetanotherhueapi,16,0,16,33,0,2,0,0,0,0,0,0,2,0,0,0.0,0.06060606060606061
zeroturnaround==zt-exec,9,0,9,11,1,1,0,0,0,0,0,0,0,0,1,0.09090909090909091,0.09090909090909091
zeroturnaround==zt-process-killer,7,0,7,9,0,0,0,0,0,0,0,0,0,0,0,0.0,0.0
zettelkasten-team==zettelkasten,3,0,2,2,0,0,0,0,0,0,0,0,0,0,0,0.0,0.0
zhangdaiscott==jeecg-boot,110,0,99,266,64,77,0,0,0,0,0,3,13,2,59,0.24060150375939848,0.2894736842105263
zhegexiaohuozi==jsoupxpath,1,0,1,3,3,3,0,0,0,0,0,0,0,0,3,1.0,1.0
zhihuili==dew,10,0,10,25,0,2,0,0,0,0,0,0,2,0,0,0.0,0.08
zhihuili==flower,72,0,70,120,2,4,0,0,0,0,0,1,2,1,0,0.016666666666666666,0.03333333333333333
zhisheng17==flink-learning,48,0,48,92,3,7,0,0,0,0,0,0,4,0,3,0.03260869565217391,0.07608695652173914
zhisheng17==my-netty,35,0,34,99,3,4,0,0,0,0,0,0,1,1,2,0.030303030303030304,0.04040404040404041
zhkl0228==unidbg,64,0,63,94,24,26,0,0,0,20,0,4,6,3,0,0.2553191489361702,0.2765957446808511
zhongfucheng3y==austin,44,0,44,112,40,40,0,0,0,0,0,40,0,0,0,0.35714285714285715,0.35714285714285715
zhouhailin==freeswitch-esl-all,10,0,10,26,0,0,0,0,0,0,0,0,0,0,0,0.0,0.0
ziqizhang==jate,51,0,41,115,1,49,0,0,0,0,0,0,48,1,0,0.008695652173913044,0.4260869565217391
zolyfarkas==spf4j,34,0,32,86,2,2,0,0,0,0,0,0,0,1,2,0.023255813953488372,0.023255813953488372
zouzg==mybatis-generator-gui,7,0,7,15,4,4,0,0,0,0,0,0,0,0,4,0.26666666666666666,0.26666666666666666
zrips==jobs,1,0,1,1,0,0,0,0,0,0,0,0,0,0,0,0.0,0.0
zrlio==crail,32,0,30,98,1,3,0,0,0,0,1,0,2,0,0,0.01020408163265306,0.030612244897959183
zrlio==disni,7,0,7,24,0,0,0,0,0,0,0,0,0,0,0,0.0,0.0
zsmartsystems==com.zsmartsystems.zigbee,17,0,15,55,2,7,0,0,0,0,0,0,5,1,1,0.03636363636363636,0.12727272727272726
zstackio==zstack,253,0,247,540,33,63,0,0,0,0,0,18,31,3,12,0.06111111111111111,0.11666666666666667
zuihou==lamp-util,31,0,30,53,7,7,0,0,0,0,0,0,0,1,6,0.1320754716981132,0.1320754716981132
zwaldeck==mollie,9,0,9,28,0,0,0,0,0,0,0,0,0,0,0,0.0,0.0
zycgit==hasor,67,0,64,176,37,42,0,0,0,0,0,10,5,0,27,0.21022727272727273,0.23863636363636365
